{
  "Introduction": {
    "Background": {
      "text": "<p>Tutuila -- the largest island in American Samoa -- was settled by 1000 B.C., and the island served as a refuge for exiled chiefs and defeated warriors from the other Samoan islands. The Manu’a Islands, which are also now part of American Samoa, developed a traditional chiefdom that maintained autonomy by controlling oceanic trade. In 1722, Dutch explorer Jacob ROGGEVEEN was the first European to sail through the Manu’a Islands, and he was followed by French explorer Louis Antoine DE BOUGAINVILLE in 1768. Whalers and missionaries arrived in American Samoa in the 1830s, but American and European traders tended to favor the port in Apia -- now in independent Samoa -- over the smaller and less-developed Pago Pago on Tutuila. In the mid-1800s, a dispute arose in Samoa over control of the Samoan archipelago, with different chiefs gaining support from Germany, the UK, and the US. In 1872, the high chief of Tutuila offered the US exclusive rights to Pago Pago in return for US protection, but the US rejected this offer. As fighting resumed, the US agreed to the chief’s request in 1878 and set up a coaling station at Pago Pago. In 1899, with continued disputes over succession, Germany and the US agreed to divide the Samoan islands, while the UK withdrew its claims in exchange for parts of the Solomon Islands. Local chiefs on Tutuila formally ceded their land to the US in 1900, followed by the chief of Manu’a in 1904. The territory was officially named “American Samoa” in 1911.<br><br>The US administered the territory through the Department of the Navy. In 1949, there was an attempt to organize the territory, granting it formal self-government, but local chiefs helped defeat the measure in the US Congress. Administration was transferred to the Department of the Interior in 1951, and in 1967, American Samoa adopted a constitution that provides significant protections for traditional Samoan land-tenure rules, language, and culture. In 1977, after four attempts, voters approved a measure to directly elect their governor. Nevertheless, American Samoa officially remains an unorganized territory, and people born in American Samoa are US nationals rather than US citizens.</p> <p style=\"margin: 0in; margin-bottom: .0001pt; line-height: 18.0pt; background: white;\"> </p>"
    }
  },
  "Geography": {
    "Location": {
      "text": "Oceania, group of islands in the South Pacific Ocean, about halfway between Hawaii and New Zealand"
    },
    "Geographic coordinates": {
      "text": "14 20 S, 170 00 W"
    },
    "Map references": {
      "text": "Oceania"
    },
    "Area": {
      "total ": {
        "text": "224 sq km"
      },
      "land": {
        "text": "224 sq km"
      },
      "water": {
        "text": "0 sq km"
      },
      "note": "<strong>note:</strong> includes Rose Atoll and Swains Island"
    },
    "Area - comparative": {
      "text": "slightly larger than Washington, D.C."
    },
    "Land boundaries": {
      "total": {
        "text": "0 km"
      }
    },
    "Coastline": {
      "text": "116 km"
    },
    "Maritime claims": {
      "territorial sea": {
        "text": "12 nm"
      },
      "exclusive economic zone": {
        "text": "200 nm"
      }
    },
    "Climate": {
      "text": "tropical marine, moderated by southeast trade winds; annual rainfall averages about 3 m; rainy season (November to April), dry season (May to October); little seasonal temperature variation"
    },
    "Terrain": {
      "text": "five volcanic islands with rugged peaks and limited coastal plains, two coral atolls (Rose Atoll, Swains Island)"
    },
    "Elevation": {
      "highest point": {
        "text": "Lata Mountain 964 m"
      },
      "lowest point": {
        "text": "Pacific Ocean 0 m"
      }
    },
    "Natural resources": {
      "text": "pumice, pumicite"
    },
    "Land use": {
      "agricultural land": {
        "text": "14.5% (2022 est.)"
      },
      "agricultural land: arable land": {
        "text": "arable land: 4.9% (2022 est.)"
      },
      "agricultural land: permanent crops": {
        "text": "permanent crops: 9.7% (2022 est.)"
      },
      "agricultural land: permanent pasture": {
        "text": "permanent pasture: 0% (2022 est.)"
      },
      "forest": {
        "text": "85.4% (2022 est.)"
      },
      "other": {
        "text": "0.2% (2022 est.)"
      }
    },
    "Irrigated land": {
      "text": "0 sq km (2022)"
    },
    "Natural hazards": {
      "text": "<p>cyclones common from December to March</p><p><strong>volcanism:</strong> limited volcanic activity on the Ofu and Olosega Islands; neither has erupted since the 19th century</p>"
    },
    "Geography - note": {
      "text": "Pago Pago has one of the best natural deepwater harbors in the South Pacific Ocean, sheltered by shape from rough seas and protected by peripheral mountains from high winds; strategic location in the South Pacific Ocean"
    }
  },
  "People and Society": {
    "Population": {
      "total": {
        "text": "43,895 (2024 est.)"
      },
      "male": {
        "text": "21,804"
      },
      "female": {
        "text": "22,091"
      }
    },
    "Nationality": {
      "noun": {
        "text": "American Samoan(s) (US nationals)"
      },
      "adjective": {
        "text": "American Samoan"
      }
    },
    "Ethnic groups": {
      "text": "Pacific Islander 88.7% (includes Samoan 83.2%, Tongan 2.2%, other 3.3%), Asian 5.8% (includes Filipino 3.4%, other 2.4%), mixed 4.4%, other 1.1% (2020 est.)",
      "note": "<strong>note:</strong> data represent population by ethnic origin or race"
    },
    "Languages": {
      "text": "Samoan 87.9% (closely related to Hawaiian and other Polynesian languages), English 3.3%, Tongan 2.1%, other Pacific Islander 4.1%, Asian languages 2.1%, other 0.5% (2020 est.)",
      "note": "<strong>note:</strong> most people are bilingual"
    },
    "Religions": {
      "text": "Christian 98.3%, other &lt;1%, unaffiliated &lt;1% (2020 est.)"
    },
    "Age structure": {
      "0-14 years": {
        "text": "25.3% (male 5,738/female 5,387)"
      },
      "15-64 years": {
        "text": "66% (male 14,291/female 14,679)"
      },
      "65 years and over": {
        "text": "8.7% (2024 est.) (male 1,775/female 2,025)"
      }
    },
    "Dependency ratios": {
      "total dependency ratio": {
        "text": "51.5 (2024 est.)"
      },
      "youth dependency ratio": {
        "text": "38.4 (2024 est.)"
      },
      "elderly dependency ratio": {
        "text": "13.1 (2024 est.)"
      },
      "potential support ratio": {
        "text": "7.6 (2024 est.)"
      }
    },
    "Median age": {
      "total": {
        "text": "30 years (2024 est.)"
      },
      "male": {
        "text": "29.4 years"
      },
      "female": {
        "text": "30.6 years"
      }
    },
    "Population growth rate": {
      "text": "-1.54% (2024 est.)"
    },
    "Birth rate": {
      "text": "15.7 births/1,000 population (2024 est.)"
    },
    "Death rate": {
      "text": "6.3 deaths/1,000 population (2024 est.)"
    },
    "Net migration rate": {
      "text": "-24.8 migrant(s)/1,000 population (2024 est.)"
    },
    "Urbanization": {
      "urban population": {
        "text": "87.2% of total population (2023)"
      },
      "rate of urbanization": {
        "text": "0.26% annual rate of change (2020-25 est.)"
      }
    },
    "Major urban areas - population": {
      "text": "49,000 PAGO PAGO (capital) (2018)"
    },
    "Sex ratio": {
      "at birth": {
        "text": "1.06 male(s)/female"
      },
      "0-14 years": {
        "text": "1.07 male(s)/female"
      },
      "15-64 years": {
        "text": "0.97 male(s)/female"
      },
      "65 years and over": {
        "text": "0.88 male(s)/female"
      },
      "total population": {
        "text": "0.99 male(s)/female (2024 est.)"
      }
    },
    "Infant mortality rate": {
      "total": {
        "text": "9.7 deaths/1,000 live births (2024 est.)"
      },
      "male": {
        "text": "11.7 deaths/1,000 live births"
      },
      "female": {
        "text": "7.6 deaths/1,000 live births"
      }
    },
    "Life expectancy at birth": {
      "total population": {
        "text": "75.8 years (2024 est.)"
      },
      "male": {
        "text": "73.4 years"
      },
      "female": {
        "text": "78.5 years"
      }
    },
    "Total fertility rate": {
      "text": "2.06 children born/woman (2024 est.)"
    },
    "Gross reproduction rate": {
      "text": "1 (2024 est.)"
    },
    "Contraceptive prevalence rate": {
      "text": "NA"
    },
    "Drinking water source": {
      "improved: urban": {
        "text": "urban: NA"
      },
      "improved: rural": {
        "text": "rural: NA"
      },
      "improved: total": {
        "text": "total: 99.8% of population"
      },
      "unimproved: urban": {
        "text": "urban: NA"
      },
      "unimproved: rural": {
        "text": "rural: NA"
      },
      "unimproved: total": {
        "text": "total: 0.2% of population (2020 est.)"
      }
    },
    "Sanitation facility access": {
      "improved: urban": {
        "text": "urban: NA"
      },
      "improved: rural": {
        "text": "rural: NA"
      },
      "improved: total": {
        "text": "total: 99% of population"
      },
      "unimproved: urban": {
        "text": "urban: NA"
      },
      "unimproved: rural": {
        "text": "rural: NA"
      },
      "unimproved: total": {
        "text": "total: 1% of population (2020 est.)"
      }
    },
    "Currently married women (ages 15-49)": {
      "text": "53.5% (2023 est.)"
    }
  },
  "Environment": {
    "Environment - current issues": {
      "text": "limited supply of drinking water; pollution; waste disposal; coastal and stream alteration; soil erosion"
    },
    "Climate": {
      "text": "tropical marine, moderated by southeast trade winds; annual rainfall averages about 3 m; rainy season (November to April), dry season (May to October); little seasonal temperature variation"
    },
    "Land use": {
      "agricultural land": {
        "text": "14.5% (2022 est.)"
      },
      "agricultural land: arable land": {
        "text": "arable land: 4.9% (2022 est.)"
      },
      "agricultural land: permanent crops": {
        "text": "permanent crops: 9.7% (2022 est.)"
      },
      "agricultural land: permanent pasture": {
        "text": "permanent pasture: 0% (2022 est.)"
      },
      "forest": {
        "text": "85.4% (2022 est.)"
      },
      "other": {
        "text": "0.2% (2022 est.)"
      }
    },
    "Urbanization": {
      "urban population": {
        "text": "87.2% of total population (2023)"
      },
      "rate of urbanization": {
        "text": "0.26% annual rate of change (2020-25 est.)"
      }
    },
    "Waste and recycling": {
      "municipal solid waste generated annually": {
        "text": "18,989 tons (2016 est.)"
      }
    }
  },
  "Government": {
    "Country name": {
      "conventional long form": {
        "text": "American Samoa"
      },
      "conventional short form": {
        "text": "American Samoa"
      },
      "former": {
        "text": "Eastern Samoa"
      },
      "abbreviation": {
        "text": "AS"
      },
      "etymology": {
        "text": "the name's meaning is disputed; according to one theory, <em>sa </em>means \"sacred\" and <em>moa </em>means \"center,\" so the name can mean \"Holy Center\"; alternatively, some assert that the name can mean \"place of the sacred moa bird\" of Polynesian mythology; however, the name may pre-date the Polynesian era (before 1000 B.C.), with <em>sa'a</em> meaning \"tribe or people\" and <em>moa </em>meaning \"deep sea,\" or \"people of the deep sea\""
      }
    },
    "Government type": {
      "text": "unincorporated, unorganized Territory of the US with local self-government; republican form of territorial government with separate executive, legislative, and judicial branches"
    },
    "Dependency status": {
      "text": "unincorporated, unorganized Territory of the US; administered by the Office of Insular Affairs, US Department of the Interior"
    },
    "Capital": {
      "name": {
        "text": "Pago Pago"
      },
      "geographic coordinates": {
        "text": "14 16 S, 170 42 W"
      },
      "time difference": {
        "text": "UTC-11 (6 hours behind Washington, DC, during Standard Time)"
      },
      "note": "<strong>note:</strong> pronounced PAHN-go PAHN-go"
    },
    "Administrative divisions": {
      "text": "none (territory of the US); there are no first-order administrative divisions as defined by the US Government, but there are 3 districts and 2 islands* at the second order; Eastern, Manu'a, Rose Island*, Swains Island*, Western"
    },
    "Legal system": {
      "text": "mixed legal system of US common law and customary law"
    },
    "Constitution": {
      "history": {
        "text": "adopted 17 October 1960; revised 1 July 1967"
      },
      "amendment process": {
        "text": "proposed by either house of the Legislative Assembly; passage requires three-fifths majority vote by the membership of each house, approval by simple majority vote in a referendum, approval by the US Secretary of the Interior, and only by an act of the US Congress"
      }
    },
    "Citizenship": {
      "text": "see United States<br>Note: in accordance with US Code Title 8, Section 1408, persons born in American Samoa are US nationals but not US citizens"
    },
    "Suffrage": {
      "text": "18 years of age; universal"
    },
    "Executive branch": {
      "chief of state": {
        "text": "President Donald J. TRUMP (since 20 January 2025)"
      },
      "head of government": {
        "text": "Governor Nikolao PULA (since 3 January 2025)"
      },
      "cabinet": {
        "text": "Cabinet consists of 12 department directors appointed by the governor with the consent of the Legislature or Fono"
      },
      "elections/appointments": {
        "text": "president and vice president indirectly elected on the same ballot by an Electoral College of 'electors' chosen from each state to serve a 4-year term (eligible for a second term); under the US Constitution, residents of unincorporated territories such as American Samoa do not vote in elections for US president and vice president; however, they may vote in Democratic and Republican presidential primary elections; governor and lieutenant governor directly elected on the same ballot by absolute-majority popular vote in 2 rounds, if needed, for a 4-year term (eligible for a second term)"
      },
      "most recent election date": {
        "text": "19 November 2024"
      },
      "election results": {
        "text": "<br>Lemanu Peleti MAUGA elected governor in first round; percent of vote - Lemanu Peleti MAUGA (independent) 60.3%, Gaoteote Palaie TOFAU (independent) 21.9%, I'aulualo Fa'afetai TALIA (independent) 12.3%"
      },
      "expected date of next election": {
        "text": "November 2028"
      }
    },
    "Legislative branch": {
      "note": "<strong>note: </strong>American Samoa elects 1 member by simple majority popular vote to serve a 2-year term as a delegate to the US House of Representatives; the delegate can vote when serving on a committee and when the House meets as the Committee of the Whole House, but not when legislation is submitted for a “full floor” House vote"
    },
    "Judicial branch": {
      "highest court(s)": {
        "text": "High Court of American Samoa (consists of the chief justice, associate chief justice, and 6 Samoan associate judges and organized into trial, family, drug, and appellate divisions)&nbsp;"
      },
      "judge selection and term of office": {
        "text": "chief justice and associate chief justice appointed by the US Secretary of the Interior to serve for life; Samoan associate judges appointed by the governor to serve for life"
      },
      "subordinate courts": {
        "text": "district and village courts"
      },
      "note": "<strong>note:</strong> American Samoa has no US federal courts"
    },
    "Political parties": {
      "text": "Democratic Party<br>Republican Party"
    },
    "Diplomatic representation in the US": {
      "text": "none (territory of the US)"
    },
    "Diplomatic representation from the US": {
      "embassy": {
        "text": "none (territory of the US)"
      }
    },
    "International organization participation": {
      "text": "AOSIS (observer), Interpol (subbureau), IOC, PIF (observer), SPC"
    },
    "Independence": {
      "text": "none (territory of the US)"
    },
    "National holiday": {
      "text": "Flag Day, 17 April (1900)"
    },
    "Flag description": {
      "text": "a large white triangle edged in red that is based on the fly side and extends to the hoist side and is charged with an eagle, all on a blue field; the red, white, and blue colors are traditionally used by both the United States and Samoa; the brown and white American bald eagle carries two traditional Samoan symbols of authority, a war club known as a <em>fa'alaufa'i</em> (upper), and a coconut-fiber fly whisk known as a <em>fue </em>(lower); the combination of symbols reflects the US Great Seal and the relationship between the US and American Samoa"
    },
    "National symbol(s)": {
      "text": "a <em>fue </em>(coconut fiber fly whisk that represents wisdom) crossed with a <em>to'oto'o</em> (staff that represents authority)"
    },
    "National color(s)": {
      "text": "red, white, blue"
    },
    "National anthem": {
      "name": {
        "text": "\"Amerika Samoa\" (American Samoa)"
      },
      "lyrics/music": {
        "text": "Mariota Tiumalu TUIASOSOPO/Napoleon Andrew TUITELELEAPAGA"
      },
      "note": "<strong>note:</strong> local anthem adopted 1950; as a territory of the United States, \"The Star-Spangled Banner\" is official (see United States)"
    }
  },
  "Economy": {
    "Economic overview": {
      "text": "tourism, tuna, and government services-based territorial economy; sustained economic decline; vulnerable tuna canning industry; large territorial government presence; minimum wage increases to rise to federal standards by 2036"
    },
    "Real GDP (purchasing power parity)": {
      "Real GDP (purchasing power parity) 2016": {
        "text": "$658 million (2016 est.)"
      },
      "Real GDP (purchasing power parity) 2015": {
        "text": "$674.9 million (2015 est.)"
      },
      "Real GDP (purchasing power parity) 2014": {
        "text": "$666.9 billion (2014 est.)"
      },
      "note": "<strong>note:</strong> data are in 2016 dollars"
    },
    "Real GDP growth rate": {
      "Real GDP growth rate 2022": {
        "text": "1.74% (2022 est.)"
      },
      "Real GDP growth rate 2021": {
        "text": "-0.78% (2021 est.)"
      },
      "Real GDP growth rate 2020": {
        "text": "4.41% (2020 est.)"
      },
      "note": "<b>note:</b> annual GDP % growth based on constant local currency"
    },
    "Real GDP per capita": {
      "Real GDP per capita 2016": {
        "text": "$11,200 (2016 est.)"
      },
      "Real GDP per capita 2015": {
        "text": "$11,300 (2015 est.)"
      },
      "Real GDP per capita 2014": {
        "text": "$11,200 (2014 est.)"
      }
    },
    "GDP (official exchange rate)": {
      "text": "$871 million (2022 est.)",
      "note": "<b>note:</b> data in current dollars at official exchange rate"
    },
    "GDP - composition, by end use": {
      "household consumption": {
        "text": "71.3% (2022 est.)"
      },
      "government consumption": {
        "text": "49.7% (2016 est.)"
      },
      "investment in fixed capital": {
        "text": "7.3% (2016 est.)"
      },
      "investment in inventories": {
        "text": "5.1% (2016 est.)"
      },
      "exports of goods and services": {
        "text": "47% (2022 est.)"
      },
      "imports of goods and services": {
        "text": "-77.7% (2022 est.)"
      },
      "note": "<b>note:</b> figures may not total 100% due to rounding or gaps in data collection"
    },
    "Agricultural products": {
      "text": "bananas, coconuts, vegetables, taro, breadfruit, yams, copra, pineapples, papayas; dairy products, livestock"
    },
    "Industries": {
      "text": "tuna canneries (largely supplied by foreign fishing vessels), handicrafts"
    },
    "Budget": {
      "revenues": {
        "text": "$249 million (2016 est.)"
      },
      "expenditures": {
        "text": "$262.5 million (2016 est.)"
      }
    },
    "Public debt": {
      "Public debt 2016": {
        "text": "12.2% of GDP (2016 est.)"
      }
    },
    "Taxes and other revenues": {
      "text": "37.8% (of GDP) (2016 est.)"
    },
    "Exports": {
      "Exports 2022": {
        "text": "$409 million (2022 est.)"
      },
      "Exports 2021": {
        "text": "$332 million (2021 est.)"
      },
      "Exports 2020": {
        "text": "$427 million (2020 est.)"
      },
      "note": "<strong>note: </strong>GDP expenditure basis - exports of goods and services in current dollars"
    },
    "Exports - partners": {
      "text": "Australia 31%, UK 18%, Tanzania 9%, UAE 7%, Senegal 6% (2023)",
      "note": "<b>note:</b> top five export partners based on percentage share of exports"
    },
    "Exports - commodities": {
      "text": "animal meal, aluminum, refined petroleum, gas turbines, broadcasting equipment (2023)",
      "note": "<b>note:</b> top five export commodities based on value in dollars"
    },
    "Imports": {
      "Imports 2022": {
        "text": "$677 million (2022 est.)"
      },
      "Imports 2021": {
        "text": "$694 million (2021 est.)"
      },
      "Imports 2020": {
        "text": "$686 million (2020 est.)"
      },
      "note": "<strong>note: </strong>GDP expenditure basis - imports of goods and services in current dollars"
    },
    "Imports - partners": {
      "text": "Singapore 28%, NZ 15%, Fiji 14%, Taiwan 11%, Malaysia 11% (2023)",
      "note": "<b>note:</b> top five import partners based on percentage share of imports"
    },
    "Imports - commodities": {
      "text": "refined petroleum, fish, paper containers, wood, construction vehicles (2023)",
      "note": "<b>note:</b> top five import commodities based on value in dollars"
    },
    "Exchange rates": {
      "text": "<p>the US dollar is used</p>"
    }
  },
  "Energy": {
    "Electricity": {
      "installed generating capacity": {
        "text": "50,000 kW (2023 est.)"
      },
      "consumption": {
        "text": "157.697 million kWh (2023 est.)"
      },
      "transmission/distribution losses": {
        "text": "13.975 million kWh (2023 est.)"
      }
    },
    "Electricity generation sources": {
      "fossil fuels": {
        "text": "97.1% of total installed capacity (2023 est.)"
      },
      "solar": {
        "text": "2.9% of total installed capacity (2023 est.)"
      }
    },
    "Petroleum": {
      "refined petroleum consumption": {
        "text": "3,000 bbl/day (2023 est.)"
      }
    },
    "Carbon dioxide emissions": {
      "total emissions": {
        "text": "389,000 metric tonnes of CO2 (2023 est.)"
      },
      "from petroleum and other liquids": {
        "text": "389,000 metric tonnes of CO2 (2023 est.)"
      }
    },
    "Energy consumption per capita": {
      "Total energy consumption per capita 2019": {
        "text": "89.105 million Btu/person (2019 est.)"
      }
    }
  },
  "Communications": {
    "Telephones - fixed lines": {
      "total subscriptions": {
        "text": "10,000 (2021 est.)"
      },
      "subscriptions per 100 inhabitants": {
        "text": "20 (2022 est.)"
      }
    },
    "Telephones - mobile cellular": {
      "total subscriptions": {
        "text": "2,250 (2009 est.)"
      },
      "subscriptions per 100 inhabitants": {
        "text": "4 (2009 est.)"
      }
    },
    "Broadcast media": {
      "text": "3 TV stations; multi-channel pay TV services are available; about a dozen radio stations, some of which are repeater stations"
    },
    "Internet country code": {
      "text": ".as"
    },
    "Internet users": {
      "percent of population": {
        "text": "40.3% (1990 est.)"
      }
    }
  },
  "Transportation": {
    "Airports": {
      "text": "3 (2025)"
    },
    "Ports": {
      "total ports": {
        "text": "1 (2024)"
      },
      "large": {
        "text": "0"
      },
      "medium": {
        "text": "0"
      },
      "small": {
        "text": "1"
      },
      "very small": {
        "text": "0"
      },
      "ports with oil terminals": {
        "text": "1"
      },
      "key ports": {
        "text": "Pago Pago Harbor"
      }
    }
  },
  "Military and Security": {
    "Military - note": {
      "text": "defense is the responsibility of the US"
    }
  },
  "Transnational Issues": {
  }
}