{
  "Introduction": {
    "Background": {
      "text": "<p>Aboriginal Australians arrived on the continent at least 60,000 years ago and developed complex hunter-gatherer societies and oral histories. Dutch navigators led by Abel TASMAN were the first Europeans to land in Australia in 1606, and they mapped the western and northern coasts. They named the continent New Holland but made no attempts to permanently settle it. In 1770, Englishman James COOK sailed to the east coast of Australia, named it New South Wales, and claimed it for Great Britain. In 1788 and 1825 respectively, Great Britain established New South Wales and then Tasmania as penal colonies. Great Britain and Ireland sent more than 150,000 convicts to Australia before ending the practice in 1868. As Europeans began settling areas away from the coasts, they came into more direct contact with Aboriginal Australians. Europeans also cleared land for agriculture, impacting Aboriginal Australians’ ways of life. These issues, along with disease and a policy in the 1900s that forcefully removed Aboriginal children from their parents, reduced the Aboriginal Australian population from more than 700,000 pre-European contact to a low of 74,000 in 1933.<br><br>Four additional colonies were established in Australia in the mid-1800s: Western Australia (1829), South Australia (1836), Victoria (1851), and Queensland (1859). Gold rushes beginning in the 1850s brought thousands of new immigrants to New South Wales and Victoria, helping to reorient Australia away from its penal colony roots. In the second half of the 1800s, the colonies were all gradually granted self-government, and in 1901, they federated and became the Commonwealth of Australia. Australia contributed more than 400,000 troops to Allied efforts during World War I, and Australian troops played a large role in the defeat of Japanese troops in the Pacific in World War II. Australia severed most constitutional links with the UK in 1942 but remained part of the British Commonwealth. Australia’s post-war economy boomed and by the 1970s, racial policies that prevented most non-Whites from immigrating to Australia were removed, greatly increasing Asian immigration to the country. In recent decades, Australia has become an internationally competitive, advanced market economy due in large part to economic reforms adopted in the 1980s and its proximity to East and Southeast Asia. </p> <p>In the early 2000s, Australian politics became unstable with frequent attempts to oust party leaders, including five changes of prime minister between 2010 and 2018. As a result, both major parties instituted rules to make it harder to remove a party leader.</p>"
    }
  },
  "Geography": {
    "Location": {
      "text": "Oceania, continent between the Indian Ocean and the South Pacific Ocean"
    },
    "Geographic coordinates": {
      "text": "27 00 S, 133 00 E"
    },
    "Map references": {
      "text": "Oceania"
    },
    "Area": {
      "total ": {
        "text": "7,741,220 sq km"
      },
      "land": {
        "text": "7,682,300 sq km"
      },
      "water": {
        "text": "58,920 sq km"
      },
      "note": "<strong>note:</strong> includes Lord Howe Island and Macquarie Island"
    },
    "Area - comparative": {
      "text": "slightly smaller than the US contiguous 48 states"
    },
    "Land boundaries": {
      "total": {
        "text": "0 km"
      }
    },
    "Coastline": {
      "text": "25,760 km"
    },
    "Maritime claims": {
      "territorial sea": {
        "text": "12 nm"
      },
      "contiguous zone": {
        "text": "24 nm"
      },
      "exclusive economic zone": {
        "text": "200 nm"
      },
      "continental shelf": {
        "text": "200 nm or to the edge of the continental margin"
      }
    },
    "Climate": {
      "text": "generally arid to semiarid; temperate in south and east; tropical in north"
    },
    "Terrain": {
      "text": "mostly low plateau with deserts; fertile plain in southeast"
    },
    "Elevation": {
      "highest point": {
        "text": "Mount Kosciuszko 2,228 m"
      },
      "lowest point": {
        "text": "Lake Eyre -15 m"
      },
      "mean elevation": {
        "text": "330 m"
      }
    },
    "Natural resources": {
      "text": "alumina, coal, iron ore, copper, lithium, tin, gold, silver, uranium, nickel, tungsten, rare earth elements, mineral sands, lead, zinc, diamonds, opals, natural gas, petroleum",
      "note": "<strong>note 1:</strong> Australia is the world's largest net exporter of coal accounting for 26.5% of global coal exports in 2021; coal is the country’s most abundant energy resource, and coal ranks as the second-largest export commodity from Australia in terms of revenue; in 2020, Australia held the third-largest recoverable coal reserves in the world behind the United States and Russia<br><br><strong>note 2:</strong> Australia is by far the world's largest supplier of opals<br><br><strong>note 3:</strong> Australia holds the largest uranium reserves in the world and was the second-largest global uranium producer behind Kazakhstan in 2020<br><br><strong>note 4: </strong>Australia was the largest exporter of LNG in the world in 2020"
    },
    "Land use": {
      "agricultural land": {
        "text": "47.3% (2022 est.)"
      },
      "agricultural land: arable land": {
        "text": "arable land: 4.1% (2022 est.)"
      },
      "agricultural land: permanent crops": {
        "text": "permanent crops: 0.1% (2022 est.)"
      },
      "agricultural land: permanent pasture": {
        "text": "permanent pasture: 43.1% (2022 est.)"
      },
      "forest": {
        "text": "17.4% (2022 est.)"
      },
      "other": {
        "text": "35.3% (2022 est.)"
      }
    },
    "Irrigated land": {
      "text": "19,450 sq km (2022)"
    },
    "Major lakes (area sq km)": {
      "fresh water lake(s)": {
        "text": "Lake Alexandrina - 570 sq km"
      },
      "salt water lake(s)": {
        "text": "Lake Eyre - 9,690 sq km; Lake Torrens (ephemeral) - 5,780 sq km; Lake Gairdner - 4,470 sq km; Lake Mackay (ephemeral) - 3,494 sq km; Lake Frome - 2,410 sq km; Lake Amadeus (ephemeral) - 1,032 sq km"
      }
    },
    "Major rivers (by length in km)": {
      "text": "River Murray - 2,508 km; Darling River - 1,545 km; Murrumbidgee River - 1,485 km; Lachlan River - 1,339 km; Cooper Creek - 1,113 km; Flinders River - 1,004 km"
    },
    "Major watersheds (area sq km)": {
      "text": "Indian Ocean drainage: <em>(Great Australian Bight)</em> Murray-Darling (1,050,116 sq km)<br>Internal <em>(endorheic basin) </em>drainage: Lake Eyre (1,212,198 sq km)"
    },
    "Major aquifers": {
      "text": "Great Artesian Basin, Canning Basin"
    },
    "Population distribution": {
      "text": "population is primarily located on the periphery, with the highest concentration of people residing in the east and southeast; a secondary population center is located in and around Perth in the west; of the states and territories, New South Wales has, by far, the largest population; the interior, or \"outback,\" has a very sparse population"
    },
    "Natural hazards": {
      "text": "<p>cyclones along the coast; severe droughts; forest fires</p><p><strong>volcanism:</strong> volcanic activity on Heard and McDonald Islands</p>"
    },
    "Geography - note": {
      "text": "<strong>note 1:</strong> world's smallest continent but sixth-largest country; the largest country in Oceania, the largest country entirely in the Southern Hemisphere, and the largest country without land borders<br><br><strong>note 2:</strong> the Great Dividing Range that runs along eastern Australia is that continent’s longest mountain range and the third-longest land-based range in the world; the term \"Great Dividing Range\" refers to the fact that the mountains form a watershed crest from which all of the rivers of eastern Australia flow – east, west, north, and south<br><br><strong>note 3:</strong> Australia is the only continent without glaciers; it is the driest inhabited continent on earth; Perth on the west coast is home to the invigorating sea breeze known as the \"Fremantle Doctor,\" one of the most consistent winds in the world; Australia hosts 10% of the world's biodiversity, and a great number of its flora and fauna exist nowhere else in the world"
    }
  },
  "People and Society": {
    "Population": {
      "total": {
        "text": "26,768,598 (2024 est.)"
      },
      "male": {
        "text": "13,305,110"
      },
      "female": {
        "text": "13,463,488"
      }
    },
    "Nationality": {
      "noun": {
        "text": "Australian(s)"
      },
      "adjective": {
        "text": "Australian"
      }
    },
    "Ethnic groups": {
      "text": "English 33%, Australian 29.9%, Irish 9.5%, Scottish 8.6%, Chinese 5.5%, Italian 4.4%, German 4%, Indian 3.1%, Australian Aboriginal 2.9%, Greek 1.7%, unspecified 4.7% (2021 est.)",
      "note": "<strong>note:</strong> data represent self-identified ancestry, with the option of reporting two ancestries"
    },
    "Languages": {
      "text": "English 72%, Mandarin 2.7%, Arabic 1.4%, Vietnamese 1.3%, Cantonese 1.2%, other 15.7%, unspecified 5.7% (2021 est.)",
      "note": "<strong>note:</strong> data represent language spoken at home"
    },
    "Religions": {
      "text": "Roman Catholic 20%, Protestant 18.1% (Anglican 9.8%, Uniting Church 2.6%, Presbyterian and Reformed 1.6%, Baptist 1.4%, Pentecostal 1%, other Protestant 1.7%), other Christian 3.5%, Muslim 3.2%, Hindu 2.7%, Buddhist 2.4%, Orthodox 2.3% (Eastern Orthodox 2.1%, Oriental Orthodox 0.2%), other 2.1%, none 38.4%, unspecified 7.3% (2021 est.)"
    },
    "Age structure": {
      "0-14 years": {
        "text": "18.3% (male 2,526,772/female 2,369,425)"
      },
      "15-64 years": {
        "text": "64.7% (male 8,688,023/female 8,640,671)"
      },
      "65 years and over": {
        "text": "17% (2024 est.) (male 2,090,315/female 2,453,392)"
      }
    },
    "Dependency ratios": {
      "total dependency ratio": {
        "text": "54.5 (2024 est.)"
      },
      "youth dependency ratio": {
        "text": "28.3 (2024 est.)"
      },
      "elderly dependency ratio": {
        "text": "26.2 (2024 est.)"
      },
      "potential support ratio": {
        "text": "3.8 (2024 est.)"
      }
    },
    "Median age": {
      "total": {
        "text": "38.1 years (2024 est.)"
      },
      "male": {
        "text": "36.9 years"
      },
      "female": {
        "text": "39.2 years"
      }
    },
    "Population growth rate": {
      "text": "1.13% (2024 est.)"
    },
    "Birth rate": {
      "text": "12.2 births/1,000 population (2024 est.)"
    },
    "Death rate": {
      "text": "6.8 deaths/1,000 population (2024 est.)"
    },
    "Net migration rate": {
      "text": "5.9 migrant(s)/1,000 population (2024 est.)"
    },
    "Population distribution": {
      "text": "population is primarily located on the periphery, with the highest concentration of people residing in the east and southeast; a secondary population center is located in and around Perth in the west; of the states and territories, New South Wales has, by far, the largest population; the interior, or \"outback,\" has a very sparse population"
    },
    "Urbanization": {
      "urban population": {
        "text": "86.6% of total population (2023)"
      },
      "rate of urbanization": {
        "text": "1.27% annual rate of change (2020-25 est.)"
      },
      "note": "<strong>note:</strong> data include Christmas Island, Cocos Islands, and Norfolk Island"
    },
    "Major urban areas - population": {
      "text": "5.235 million Melbourne, 5.121 million Sydney, 2.505 million Brisbane, 2.118 million Perth, 1.367 million Adelaide, 472,000 CANBERRA (capital) (2023)"
    },
    "Sex ratio": {
      "at birth": {
        "text": "1.06 male(s)/female"
      },
      "0-14 years": {
        "text": "1.07 male(s)/female"
      },
      "15-64 years": {
        "text": "1.01 male(s)/female"
      },
      "65 years and over": {
        "text": "0.85 male(s)/female"
      },
      "total population": {
        "text": "0.99 male(s)/female (2024 est.)"
      }
    },
    "Mother's mean age at first birth": {
      "text": "28.7 years (2019 est.)"
    },
    "Maternal mortality ratio": {
      "text": "3 deaths/100,000 live births (2020 est.)"
    },
    "Infant mortality rate": {
      "total": {
        "text": "2.9 deaths/1,000 live births (2024 est.)"
      },
      "male": {
        "text": "3.2 deaths/1,000 live births"
      },
      "female": {
        "text": "2.7 deaths/1,000 live births"
      }
    },
    "Life expectancy at birth": {
      "total population": {
        "text": "83.5 years (2024 est.)"
      },
      "male": {
        "text": "81.3 years"
      },
      "female": {
        "text": "85.7 years"
      }
    },
    "Total fertility rate": {
      "text": "1.73 children born/woman (2024 est.)"
    },
    "Gross reproduction rate": {
      "text": "0.84 (2024 est.)"
    },
    "Contraceptive prevalence rate": {
      "text": "66.9% (2015/16)",
      "note": "<strong>note:</strong> percent of women aged 18-44"
    },
    "Drinking water source": {
      "improved: urban": {
        "text": "urban: 100% of population"
      },
      "improved: rural": {
        "text": "rural: 100% of population"
      },
      "improved: total": {
        "text": "total: 100% of population"
      },
      "unimproved: urban": {
        "text": "urban: 0% of population"
      },
      "unimproved: rural": {
        "text": "rural: 0% of population"
      },
      "unimproved: total": {
        "text": "total: 0% of population (2020 est.)"
      }
    },
    "Health expenditure": {
      "Health expenditure (as % of GDP)": {
        "text": "10.5% of GDP (2021)"
      },
      "Health expenditure (as % of national budget)": {
        "text": "20.2% of national budget (2022 est.)"
      }
    },
    "Physician density": {
      "text": "4.09 physicians/1,000 population (2022)"
    },
    "Hospital bed density": {
      "text": "3.8 beds/1,000 population (2016 est.)"
    },
    "Sanitation facility access": {
      "improved: urban": {
        "text": "urban: NA"
      },
      "improved: rural": {
        "text": "rural: NA"
      },
      "improved: total": {
        "text": "total: 100% of population"
      },
      "unimproved: urban": {
        "text": "urban: NA"
      },
      "unimproved: rural": {
        "text": "rural: NA"
      },
      "unimproved: total": {
        "text": "total: 0% of population (2020 est.)"
      }
    },
    "Obesity - adult prevalence rate": {
      "text": "29% (2016)"
    },
    "Alcohol consumption per capita": {
      "total": {
        "text": "9.51 liters of pure alcohol (2019 est.)"
      },
      "beer": {
        "text": "3.71 liters of pure alcohol (2019 est.)"
      },
      "wine": {
        "text": "3.67 liters of pure alcohol (2019 est.)"
      },
      "spirits": {
        "text": "1.32 liters of pure alcohol (2019 est.)"
      },
      "other alcohols": {
        "text": "0.81 liters of pure alcohol (2019 est.)"
      }
    },
    "Tobacco use": {
      "total": {
        "text": "11.4% (2025 est.)"
      },
      "male": {
        "text": "13.6% (2025 est.)"
      },
      "female": {
        "text": "9.2% (2025 est.)"
      }
    },
    "Currently married women (ages 15-49)": {
      "text": "55.9% (2023 est.)"
    },
    "Education expenditure": {
      "Education expenditure (% GDP)": {
        "text": "5.2% of GDP (2022 est.)"
      },
      "Education expenditure (% national budget)": {
        "text": "13.9% national budget (2022 est.)"
      }
    },
    "Literacy": {
      "total population": {
        "text": "NA"
      },
      "male": {
        "text": "NA"
      },
      "female": {
        "text": "NA"
      }
    },
    "School life expectancy (primary to tertiary education)": {
      "total": {
        "text": "21 years"
      },
      "male": {
        "text": "20 years"
      },
      "female": {
        "text": "22 years (2020)"
      }
    }
  },
  "Environment": {
    "Environment - current issues": {
      "text": "soil erosion from overgrazing, deforestation, industrial development, urbanization, and poor farming practices; limited natural freshwater resources; soil salinity from use of poor-quality water, drought, desertification; habitat loss from agricultural clearing; floral extinctions; Great Barrier Reef preservation; overfishing; pollution; invasive species"
    },
    "Environment - international agreements": {
      "party to": {
        "text": "Antarctic-Environmental Protection, Antarctic-Marine Living Resources, Antarctic Seals, Antarctic Treaty, Biodiversity, Climate Change, Climate Change-Kyoto Protocol, Climate Change-Paris Agreement, Comprehensive Nuclear Test Ban, Desertification, Endangered Species, Environmental Modification, Hazardous Wastes, Law of the Sea, Marine Dumping-London Convention, Marine Dumping-London Protocol, Marine Life Conservation, Nuclear Test Ban, Ozone Layer Protection, Ship Pollution, Tropical Timber 2006, Wetlands, Whaling"
      },
      "signed, but not ratified": {
        "text": "none of the selected agreements"
      }
    },
    "Climate": {
      "text": "generally arid to semiarid; temperate in south and east; tropical in north"
    },
    "Land use": {
      "agricultural land": {
        "text": "47.3% (2022 est.)"
      },
      "agricultural land: arable land": {
        "text": "arable land: 4.1% (2022 est.)"
      },
      "agricultural land: permanent crops": {
        "text": "permanent crops: 0.1% (2022 est.)"
      },
      "agricultural land: permanent pasture": {
        "text": "permanent pasture: 43.1% (2022 est.)"
      },
      "forest": {
        "text": "17.4% (2022 est.)"
      },
      "other": {
        "text": "35.3% (2022 est.)"
      }
    },
    "Urbanization": {
      "urban population": {
        "text": "86.6% of total population (2023)"
      },
      "rate of urbanization": {
        "text": "1.27% annual rate of change (2020-25 est.)"
      },
      "note": "<strong>note:</strong> data include Christmas Island, Cocos Islands, and Norfolk Island"
    },
    "Air pollutants": {
      "particulate matter emissions": {
        "text": "8.93 micrograms per cubic meter (2019 est.)"
      },
      "carbon dioxide emissions": {
        "text": "375.91 megatons (2016 est.)"
      },
      "methane emissions": {
        "text": "105.01 megatons (2020 est.)"
      }
    },
    "Waste and recycling": {
      "municipal solid waste generated annually": {
        "text": "13.345 million tons (2015 est.)"
      },
      "municipal solid waste recycled annually": {
        "text": "5,618,245 tons (2015 est.)"
      },
      "percent of municipal solid waste recycled": {
        "text": "42.1% (2015 est.)"
      }
    },
    "Major lakes (area sq km)": {
      "fresh water lake(s)": {
        "text": "Lake Alexandrina - 570 sq km"
      },
      "salt water lake(s)": {
        "text": "Lake Eyre - 9,690 sq km; Lake Torrens (ephemeral) - 5,780 sq km; Lake Gairdner - 4,470 sq km; Lake Mackay (ephemeral) - 3,494 sq km; Lake Frome - 2,410 sq km; Lake Amadeus (ephemeral) - 1,032 sq km"
      }
    },
    "Major rivers (by length in km)": {
      "text": "River Murray - 2,508 km; Darling River - 1,545 km; Murrumbidgee River - 1,485 km; Lachlan River - 1,339 km; Cooper Creek - 1,113 km; Flinders River - 1,004 km"
    },
    "Major watersheds (area sq km)": {
      "text": "Indian Ocean drainage: <em>(Great Australian Bight)</em> Murray-Darling (1,050,116 sq km)<br>Internal <em>(endorheic basin) </em>drainage: Lake Eyre (1,212,198 sq km)"
    },
    "Major aquifers": {
      "text": "Great Artesian Basin, Canning Basin"
    },
    "Total water withdrawal": {
      "municipal": {
        "text": "2.29 billion cubic meters (2020 est.)"
      },
      "industrial": {
        "text": "2.89 billion cubic meters (2020 est.)"
      },
      "agricultural": {
        "text": "8.57 billion cubic meters (2020 est.)"
      }
    },
    "Total renewable water resources": {
      "text": "492 billion cubic meters (2020 est.)"
    }
  },
  "Government": {
    "Country name": {
      "conventional long form": {
        "text": "Commonwealth of Australia"
      },
      "conventional short form": {
        "text": "Australia"
      },
      "etymology": {
        "text": "the name Australia derives from the Latin <em>australis </em>meaning \"southern\"; the Australian landmass was long referred to as \"Terra Australis,\" or the Southern Land"
      }
    },
    "Government type": {
      "text": "federal parliamentary democracy&nbsp;under a constitutional monarchy; a Commonwealth realm"
    },
    "Capital": {
      "name": {
        "text": "Canberra"
      },
      "geographic coordinates": {
        "text": "35 16 S, 149 08 E"
      },
      "time difference": {
        "text": "UTC+11 (16 hours ahead of Washington, DC, during Standard Time)"
      },
      "daylight saving time": {
        "text": "+1hr, begins first Sunday in October; ends first Sunday in April"
      },
      "time zone note": {
        "text": "Australia has six time zones, including Lord Howe Island (UTC+11)"
      },
      "etymology": {
        "text": "the name may derive from the Aboriginal word <em>nganbirra</em>, meaning \"meeting place\""
      }
    },
    "Administrative divisions": {
      "text": "6 states and 2 territories*; Australian Capital Territory*, New South Wales, Northern Territory*, Queensland, South Australia, Tasmania, Victoria, Western Australia"
    },
    "Dependent areas": {
      "text": "Ashmore and Cartier Islands, Christmas Island, Cocos (Keeling) Islands, Coral Sea Islands, Heard Island and McDonald Islands, Jervis Bay, Norfolk Island (7)"
    },
    "Legal system": {
      "text": "common law system based on the English model"
    },
    "Constitution": {
      "history": {
        "text": "approved in a series of referenda from 1898 through 1900 and became law 9 July 1900, effective 1 January 1901"
      },
      "amendment process": {
        "text": "proposed by Parliament; passage requires approval of a referendum bill by absolute majority vote in both houses of Parliament, approval in a referendum by a majority of voters in at least four states and in the territories, and Royal Assent; proposals that would reduce a state&rsquo;s representation in either house or change a state&rsquo;s boundaries require that state&rsquo;s approval prior to Royal Assent"
      }
    },
    "International law organization participation": {
      "text": "accepts compulsory ICJ jurisdiction with reservations; accepts ICCt jurisdiction"
    },
    "Citizenship": {
      "citizenship by birth": {
        "text": "no"
      },
      "citizenship by descent only": {
        "text": "at least one parent must be a citizen or permanent resident of Australia"
      },
      "dual citizenship recognized": {
        "text": "yes"
      },
      "residency requirement for naturalization": {
        "text": "4 years"
      }
    },
    "Suffrage": {
      "text": "18 years of age; universal and compulsory"
    },
    "Executive branch": {
      "chief of state": {
        "text": "King CHARLES III (since 8 September 2022); represented by Governor General Samantha (Sam) MOSTYN (since 1 July 2024)"
      },
      "head of government": {
        "text": "Prime Minister Anthony ALBANESE (since 23 May 2022)"
      },
      "cabinet": {
        "text": "Cabinet nominated by the prime minister from among members of Parliament and sworn in by the governor general"
      },
      "elections/appointments": {
        "text": "the monarchy is hereditary; governor general appointed by the monarch on the recommendation of the prime minister; following legislative elections, the leader of the majority party or majority coalition is sworn in as prime minister by the governor general"
      }
    },
    "Legislative branch": {
      "legislature name": {
        "text": "Parliament"
      },
      "legislative structure": {
        "text": "bicameral"
      }
    },
    "Legislative branch - lower chamber": {
      "chamber name": {
        "text": "House of Representatives"
      },
      "number of seats": {
        "text": "151 (all directly elected)"
      },
      "electoral system": {
        "text": "plurality/majority"
      },
      "scope of elections": {
        "text": "full renewal"
      },
      "term in office": {
        "text": "3 years"
      },
      "most recent election date": {
        "text": "5/3/2025"
      },
      "percentage of women in chamber": {
        "text": "39.1%"
      },
      "expected date of next election": {
        "text": "May 2028"
      }
    },
    "Legislative branch - upper chamber": {
      "chamber name": {
        "text": "Senate"
      },
      "number of seats": {
        "text": "76 (all directly elected)"
      },
      "electoral system": {
        "text": "proportional representation"
      },
      "scope of elections": {
        "text": "partial renewal"
      },
      "term in office": {
        "text": "6 years"
      },
      "most recent election date": {
        "text": "5/3/2025"
      },
      "percentage of women in chamber": {
        "text": "56.6%"
      },
      "expected date of next election": {
        "text": "May 2028"
      }
    },
    "Judicial branch": {
      "highest court(s)": {
        "text": "High Court of Australia (consists of 7 justices, including the chief justice); each of the 6 states, 2 territories, and Norfolk Island has a Supreme Court; the High Court is the final appellate court"
      },
      "judge selection and term of office": {
        "text": "justices appointed by the governor-general in council for life with mandatory retirement at age 70"
      },
      "subordinate courts": {
        "text": "subordinate courts: <em>at the federal level:</em> Federal Court; Federal Circuit and Family Court of Australia;  <em>at the state and territory level:</em> Local Court - New South Wales; Magistrates' Courts – Victoria, Queensland, South Australia, Western Australia, Tasmania, Northern Territory, Australian Capital Territory; District Courts – New South Wales, Queensland, South Australia, Western Australia; County Court – Victoria; Family Court – Western Australia; Court of Petty Sessions – Norfolk Island"
      }
    },
    "Political parties": {
      "text": "Australian Greens Party or The Greens <br>Australian Labor Party or ALP <br>Centre Alliance (formerly known as the Nick Xenophon Team or NXT)<br>Jacqui Lambie Network or JLN <br>Katter's Australian Party <br>Liberal Party of Australia <br>The Nationals <br>One Nation or ONP <br>United Australia Party ",
      "note": "<strong>note:</strong> the Labor Party is Australia’s oldest political party, established federally in 1901; the present Liberal Party was formed in 1944; the Country Party was formed in 1920, renamed the National Country Party in 1975, the National Party of Australia in 1982, and since 2003 has been known as the Nationals; since the general election of 1949, the Liberal Party and the Nationals (under various names) when forming government have done so as a coalition"
    },
    "Diplomatic representation in the US": {
      "chief of mission": {
        "text": "Ambassador Kevin Michael RUDD (since 19 April 2023)"
      },
      "chancery": {
        "text": "1601 Massachusetts Avenue NW, Washington, DC 20036"
      },
      "telephone": {
        "text": "[1] (202) 797-3000"
      },
      "FAX": {
        "text": "[1] (202) 797-3168"
      },
      "email address and website": {
        "text": "<br>info.us@dfat.gov.au<br><br>https://usa.embassy.gov.au/"
      },
      "consulate(s) general": {
        "text": "Chicago, Honolulu, Houston, Los Angeles, New York, San Francisco"
      }
    },
    "Diplomatic representation from the US": {
      "chief of mission": {
        "text": "Ambassador (vacant); Charg&eacute; d'Affaires Erika OLSON (since January 2025)"
      },
      "embassy": {
        "text": "Moonah Place, Yarralumla, Australian Capital Territory 2600"
      },
      "mailing address": {
        "text": "7800 Canberra Place, Washington DC&nbsp; 20512-7800"
      },
      "telephone": {
        "text": "[61] (02) 6214-5600"
      },
      "FAX": {
        "text": "[61] (02) 9373-9184"
      },
      "email address and website": {
        "text": "<br>AskEmbassyCanberra@state.gov<br><br>https://au.usembassy.gov/"
      },
      "consulate(s) general": {
        "text": "Melbourne, Perth, Sydney"
      }
    },
    "International organization participation": {
      "text": "ADB, ANZUS, APEC, ARF, ASEAN (dialogue partner), Australia Group, BIS, C, CD, CP, EAS, EBRD, EITI (implementing country), FAO, FATF, G-20, IAEA, IBRD, ICAO, ICC (national committees), ICCt, ICRM, IDA, IEA, IFC, IFRCS, IHO, ILO, IMF, IMO, IMSO, Interpol, IOC, IOM, IPU, ISO, ITSO, ITU, ITUC (NGOs), MIGA, NEA, NSG, OECD, OPCW, OSCE (partner), Pacific Alliance (observer), Paris Club, PCA, PIF, SAARC (observer), Quad, SICA (observer), Sparteca, SPC, UN, UNCTAD, UNESCO, UNHCR, UNMISS, UNMIT, UNOOSA, UNRWA, UNTSO, UNWTO, UPU, Wassenaar Arrangement, WCO, WFTU (NGOs), WHO, WIPO, WMO, WTO, ZC"
    },
    "Independence": {
      "text": "1 January 1901 (from the federation of UK colonies)"
    },
    "National holiday": {
      "text": "Australia Day (commemorates the arrival of the First Fleet of Australian settlers), 26 January (1788); ANZAC Day (commemorates the anniversary of the landing of troops of the Australian and New Zealand Army Corps during World War I at Gallipoli, Turkey), 25 April (1915)"
    },
    "Flag description": {
      "text": "blue, with the flag of the UK in the upper hoist-side quadrant and a large seven-pointed star in the lower hoist-side quadrant; the star is known as the Commonwealth or Federation Star and represents the federation of the Australian colonies in 1901; the star has one point for each of the six original states and one representing all of Australia's internal and external territories; on the fly half is a representation of the Southern Cross constellation in white, with one small five-pointed star and four larger seven-pointed stars"
    },
    "National symbol(s)": {
      "text": "Commonwealth Star (seven-pointed Star of Federation), golden wattle tree (<em>Acacia pycnantha</em>), kangaroo, emu"
    },
    "National color(s)": {
      "text": "green, gold"
    },
    "National coat of arms": {
      "text": "King George V of the United Kingdom granted the current Commonwealth Coat of Arms to Australia on 19 September 1912; the center of the shield has the symbols of Australia&rsquo;s six states; the kangaroo and the emu symbolize a nation moving forward, since neither animal can move backward easily; the gold Commonwealth star sits above the shield, with six points representing the Australian states and the seventh representing the territories; the gold and blue in the wreath under the star are the livery, or identifying, colors for the coat of arms; Australia&rsquo;s floral emblem, the golden wattle, frames the shield"
    },
    "National anthem": {
      "name": {
        "text": "Advance Australia Fair"
      },
      "lyrics/music": {
        "text": "Peter Dodds McCORMICK"
      },
      "note": "<strong>note 1:</strong> adopted 1984; although originally written in the late 19th century, the anthem was not used for all official occasions until 1984; as a Commonwealth country, in addition to the national anthem, \"God Save the King\" serves as the royal anthem (see United Kingdom)<br><br><strong>note 2:</strong> the well-known and much-loved bush ballad \"Waltzing Matilda\" is often referred to as Australia's unofficial national anthem; the original lyrics were written in 1895 by Australian poet Banjo PATERSON, and were first published as sheet music in 1903; since 2012, a Waltzing Matilda Day has been held annually on 6 April, the anniversary of the first performance of the song in 1895"
    },
    "National heritage": {
      "total World Heritage Sites": {
        "text": "20 (4 cultural, 12 natural, 4 mixed); note - includes one site on Heard Island and McDonald Islands"
      },
      "selected World Heritage Site locales": {
        "text": "Great Barrier Reef (n); Greater Blue Mountains Area (n); Fraser Island (n); Gondwana Rainforests (n); Lord Howe Island Group (n); Royal Exhibition Building and Carlton Gardens (c); Shark Bay (n); Sydney Opera House (c); Uluṟu-Kata Tjuṯa National Park (m); Kakadu National Park (m)"
      }
    }
  },
  "Economy": {
    "Economic overview": {
      "text": "<p>high-income and globally integrated economy; strong mining, manufacturing, and service sectors driving slow but steady growth; net exporter, driven by commodities to East Asian trade partners; weak productivity and aging population straining labor force participation</p>"
    },
    "Real GDP (purchasing power parity)": {
      "Real GDP (purchasing power parity) 2023": {
        "text": "$1.588 trillion (2023 est.)"
      },
      "Real GDP (purchasing power parity) 2022": {
        "text": "$1.535 trillion (2022 est.)"
      },
      "Real GDP (purchasing power parity) 2021": {
        "text": "$1.472 trillion (2021 est.)"
      },
      "note": "<b>note:</b> data in 2021 dollars"
    },
    "Real GDP growth rate": {
      "Real GDP growth rate 2023": {
        "text": "3.44% (2023 est.)"
      },
      "Real GDP growth rate 2022": {
        "text": "4.24% (2022 est.)"
      },
      "Real GDP growth rate 2021": {
        "text": "2.11% (2021 est.)"
      },
      "note": "<b>note:</b> annual GDP % growth based on constant local currency"
    },
    "Real GDP per capita": {
      "Real GDP per capita 2023": {
        "text": "$59,600 (2023 est.)"
      },
      "Real GDP per capita 2022": {
        "text": "$59,000 (2022 est.)"
      },
      "Real GDP per capita 2021": {
        "text": "$57,300 (2021 est.)"
      },
      "note": "<b>note:</b> data in 2021 dollars"
    },
    "GDP (official exchange rate)": {
      "text": "$1.728 trillion (2023 est.)",
      "note": "<b>note:</b> data in current dollars at official exchange rate"
    },
    "Inflation rate (consumer prices)": {
      "Inflation rate (consumer prices) 2024": {
        "text": "3.2% (2024 est.)"
      },
      "Inflation rate (consumer prices) 2023": {
        "text": "5.6% (2023 est.)"
      },
      "Inflation rate (consumer prices) 2022": {
        "text": "6.6% (2022 est.)"
      },
      "note": "<b>note:</b> annual % change based on consumer prices"
    },
    "GDP - composition, by sector of origin": {
      "agriculture": {
        "text": "2.6% (2023 est.)"
      },
      "industry": {
        "text": "27.7% (2023 est.)"
      },
      "services": {
        "text": "63.6% (2023 est.)"
      },
      "note": "<b>note:</b> figures may not total 100% due to non-allocated consumption not captured in sector-reported data"
    },
    "GDP - composition, by end use": {
      "household consumption": {
        "text": "50.3% (2023 est.)"
      },
      "government consumption": {
        "text": "21.3% (2023 est.)"
      },
      "investment in fixed capital": {
        "text": "23.3% (2023 est.)"
      },
      "investment in inventories": {
        "text": "0.7% (2023 est.)"
      },
      "exports of goods and services": {
        "text": "26.8% (2023 est.)"
      },
      "imports of goods and services": {
        "text": "-22.4% (2023 est.)"
      },
      "note": "<b>note:</b> figures may not total 100% due to rounding or gaps in data collection"
    },
    "Agricultural products": {
      "text": "wheat, sugarcane, barley, rapeseed, milk, cotton, sorghum, beef, lentils, grapes (2023)",
      "note": "<b>note:</b> top ten agricultural products based on tonnage"
    },
    "Industries": {
      "text": "mining, industrial and transportation equipment, food processing, chemicals, steel"
    },
    "Industrial production growth rate": {
      "text": "0.88% (2023 est.)",
      "note": "<b>note:</b> annual % change in industrial value added based on constant local currency"
    },
    "Labor force": {
      "text": "14.752 million (2024 est.)",
      "note": "<b>note:</b> number of people ages 15 or older who are employed or seeking work"
    },
    "Unemployment rate": {
      "Unemployment rate 2024": {
        "text": "4.1% (2024 est.)"
      },
      "Unemployment rate 2023": {
        "text": "3.7% (2023 est.)"
      },
      "Unemployment rate 2022": {
        "text": "3.7% (2022 est.)"
      },
      "note": "<b>note:</b> % of labor force seeking employment"
    },
    "Youth unemployment rate (ages 15-24)": {
      "total": {
        "text": "9.5% (2024 est.)"
      },
      "male": {
        "text": "10.2% (2024 est.)"
      },
      "female": {
        "text": "8.7% (2024 est.)"
      },
      "note": "<b>note:</b> % of labor force ages 15-24 seeking employment"
    },
    "Population below poverty line": {
      "text": "13.4% (2020 est.)"
    },
    "Gini Index coefficient - distribution of family income": {
      "Gini Index coefficient - distribution of family income 2018": {
        "text": "34.3 (2018 est.)"
      },
      "note": "<b>note:</b> index (0-100) of income distribution; higher values represent greater inequality"
    },
    "Average household expenditures": {
      "on food": {
        "text": "9.9% of household expenditures (2023 est.)"
      },
      "on alcohol and tobacco": {
        "text": "3.6% of household expenditures (2023 est.)"
      }
    },
    "Household income or consumption by percentage share": {
      "lowest 10%": {
        "text": "2.8% (2018 est.)"
      },
      "highest 10%": {
        "text": "26.2% (2018 est.)"
      },
      "note": "<b>note:</b> % share of income accruing to lowest and highest 10% of population"
    },
    "Remittances": {
      "Remittances 2023": {
        "text": "0.1% of GDP (2023 est.)"
      },
      "Remittances 2022": {
        "text": "0.08% of GDP (2022 est.)"
      },
      "Remittances 2021": {
        "text": "0.06% of GDP (2021 est.)"
      },
      "note": "<b>note:</b> personal transfers and compensation between resident and non-resident individuals/households/entities"
    },
    "Budget": {
      "revenues": {
        "text": "$431.371 billion (2022 est.)"
      },
      "expenditures": {
        "text": "$447.119 billion (2022 est.)"
      },
      "note": "<b>note:</b> central government revenues (excluding grants) and expenses converted to US dollars at average official exchange rate for year indicated"
    },
    "Public debt": {
      "Public debt 2022": {
        "text": "58% of GDP (2022 est.)"
      },
      "note": "<b>note:</b> central government debt as a % of GDP"
    },
    "Taxes and other revenues": {
      "text": "23.6% (of GDP) (2022 est.)",
      "note": "<b>note:</b> central government tax revenue as a % of GDP"
    },
    "Current account balance": {
      "Current account balance 2024": {
        "text": "-$34.402 billion (2024 est.)"
      },
      "Current account balance 2023": {
        "text": "-$5.186 billion (2023 est.)"
      },
      "Current account balance 2022": {
        "text": "$5.707 billion (2022 est.)"
      },
      "note": "<b>note:</b> balance of payments - net trade and primary/secondary income in current dollars"
    },
    "Exports": {
      "Exports 2024": {
        "text": "$425.16 billion (2024 est.)"
      },
      "Exports 2023": {
        "text": "$448.507 billion (2023 est.)"
      },
      "Exports 2022": {
        "text": "$465.99 billion (2022 est.)"
      },
      "note": "<b>note:</b> balance of payments - exports of goods and services in current dollars"
    },
    "Exports - partners": {
      "text": "China 37%, Japan 16%, S. Korea 6%, India 5%, Taiwan 5% (2023)",
      "note": "<b>note:</b> top five export partners based on percentage share of exports"
    },
    "Exports - commodities": {
      "text": "iron ore, coal, natural gas, gold, minerals (2023)",
      "note": "<b>note:</b> top five export commodities based on value in dollars"
    },
    "Imports": {
      "Imports 2024": {
        "text": "$405.336 billion (2024 est.)"
      },
      "Imports 2023": {
        "text": "$389.211 billion (2023 est.)"
      },
      "Imports 2022": {
        "text": "$379.981 billion (2022 est.)"
      },
      "note": "<b>note:</b> balance of payments - imports of goods and services in current dollars"
    },
    "Imports - partners": {
      "text": "China 26%, USA 11%, S. Korea 6%, Japan 6%, Thailand 5% (2023)",
      "note": "<b>note:</b> top five import partners based on percentage share of imports"
    },
    "Imports - commodities": {
      "text": "refined petroleum, cars, trucks, broadcasting equipment, garments (2023)",
      "note": "<b>note:</b> top five import commodities based on value in dollars"
    },
    "Reserves of foreign exchange and gold": {
      "Reserves of foreign exchange and gold 2024": {
        "text": "$54.455 billion (2024 est.)"
      },
      "Reserves of foreign exchange and gold 2023": {
        "text": "$61.703 billion (2023 est.)"
      },
      "Reserves of foreign exchange and gold 2022": {
        "text": "$56.702 billion (2022 est.)"
      },
      "note": "<b>note:</b> holdings of gold (year-end prices)/foreign exchange/special drawing rights in current dollars"
    },
    "Exchange rates": {
      "Currency": {
        "text": "Australian dollars (AUD) per US dollar -"
      },
      "Exchange rates 2024": {
        "text": "1.515 (2024 est.)"
      },
      "Exchange rates 2023": {
        "text": "1.505 (2023 est.)"
      },
      "Exchange rates 2022": {
        "text": "1.442 (2022 est.)"
      },
      "Exchange rates 2021": {
        "text": "1.331 (2021 est.)"
      },
      "Exchange rates 2020": {
        "text": "1.453 (2020 est.)"
      }
    }
  },
  "Energy": {
    "Electricity access": {
      "electrification - total population": {
        "text": "100% (2022 est.)"
      }
    },
    "Electricity": {
      "installed generating capacity": {
        "text": "108.193 million kW (2023 est.)"
      },
      "consumption": {
        "text": "267.818 billion kWh (2023 est.)"
      },
      "transmission/distribution losses": {
        "text": "11.455 billion kWh (2023 est.)"
      }
    },
    "Electricity generation sources": {
      "fossil fuels": {
        "text": "64.9% of total installed capacity (2023 est.)"
      },
      "solar": {
        "text": "17.1% of total installed capacity (2023 est.)"
      },
      "wind": {
        "text": "11.5% of total installed capacity (2023 est.)"
      },
      "hydroelectricity": {
        "text": "5.4% of total installed capacity (2023 est.)"
      },
      "biomass and waste": {
        "text": "1.1% of total installed capacity (2023 est.)"
      }
    },
    "Coal": {
      "production": {
        "text": "445.077 million metric tons (2023 est.)"
      },
      "consumption": {
        "text": "95.667 million metric tons (2023 est.)"
      },
      "exports": {
        "text": "348.32 million metric tons (2023 est.)"
      },
      "imports": {
        "text": "630,000 metric tons (2023 est.)"
      },
      "proven reserves": {
        "text": "149.472 billion metric tons (2023 est.)"
      }
    },
    "Petroleum": {
      "total petroleum production": {
        "text": "386,000 bbl/day (2023 est.)"
      },
      "refined petroleum consumption": {
        "text": "1.151 million bbl/day (2024 est.)"
      },
      "crude oil estimated reserves": {
        "text": "2.446 billion barrels (2021 est.)"
      }
    },
    "Natural gas": {
      "production": {
        "text": "151.307 billion cubic meters (2023 est.)"
      },
      "consumption": {
        "text": "48.845 billion cubic meters (2023 est.)"
      },
      "exports": {
        "text": "105.146 billion cubic meters (2023 est.)"
      },
      "imports": {
        "text": "521.034 million cubic meters (2023 est.)"
      },
      "proven reserves": {
        "text": "3.228 trillion cubic meters (2021 est.)"
      }
    },
    "Carbon dioxide emissions": {
      "total emissions": {
        "text": "394.653 million metric tonnes of CO2 (2023 est.)"
      },
      "from coal and metallurgical coke": {
        "text": "146.81 million metric tonnes of CO2 (2023 est.)"
      },
      "from petroleum and other liquids": {
        "text": "154.346 million metric tonnes of CO2 (2023 est.)"
      },
      "from consumed natural gas": {
        "text": "93.497 million metric tonnes of CO2 (2023 est.)"
      }
    },
    "Energy consumption per capita": {
      "Total energy consumption per capita 2023": {
        "text": "223.158 million Btu/person (2023 est.)"
      }
    }
  },
  "Communications": {
    "Telephones - fixed lines": {
      "total subscriptions": {
        "text": "6.458 million (2023 est.)"
      },
      "subscriptions per 100 inhabitants": {
        "text": "24 (2023 est.)"
      }
    },
    "Telephones - mobile cellular": {
      "total subscriptions": {
        "text": "29.1 million (2023 est.)"
      },
      "subscriptions per 100 inhabitants": {
        "text": "107 (2022 est.)"
      }
    },
    "Broadcast media": {
      "text": "tradition of public broadcasting, but privately owned TV and radio have the biggest audiences; ownership of print and broadcast media is concentrated; Australian Broadcasting Corporation (ABC) runs national and local public radio and TV; other main public broadcaster is the multilingual Special Broadcasting Service (SBS); national commercial TV is dominated by three big free-to-air networks; broadcasters must carry a minimum percentage of Australian-made programs; pay TV via cable, satellite, and IPTV has a strong foothold (2023)"
    },
    "Internet country code": {
      "text": ".au"
    },
    "Internet users": {
      "percent of population": {
        "text": "97% (2023 est.)"
      }
    },
    "Broadband - fixed subscriptions": {
      "total": {
        "text": "9.63 million (2023 est.)"
      },
      "subscriptions per 100 inhabitants": {
        "text": "36 (2023 est.)"
      }
    }
  },
  "Transportation": {
    "Civil aircraft registration country code prefix": {
      "text": "VH"
    },
    "Airports": {
      "text": "2,257 (2025)"
    },
    "Heliports": {
      "text": "392 (2025)"
    },
    "Railways": {
      "total": {
        "text": "32,606 km (2022) 3,448 km electrified"
      },
      "standard gauge": {
        "text": "18,007 km (2022) 1.435 mm"
      },
      "narrow gauge": {
        "text": "11,914 km (2022) 1.067 mm"
      },
      "broad gauge": {
        "text": "2,685 km (2022) 1.600 mm"
      }
    },
    "Merchant marine": {
      "total": {
        "text": "604 (2023)"
      },
      "by type": {
        "text": "bulk carrier 2, general cargo 76, oil tanker 6, other 520"
      }
    },
    "Ports": {
      "total ports": {
        "text": "66 (2024)"
      },
      "large": {
        "text": "5"
      },
      "medium": {
        "text": "8"
      },
      "small": {
        "text": "24"
      },
      "very small": {
        "text": "29"
      },
      "ports with oil terminals": {
        "text": "38"
      },
      "key ports": {
        "text": "Brisbane, Dampier, Darwin, Fremantle, Geelong, Hobart, Melbourne, Newcastle, Port Adelaide, Port Dalrymple, Port Kembla, Port Lincoln, Sydney"
      }
    }
  },
  "Military and Security": {
    "Military and security forces": {
      "text": "Australian Defense Force (ADF): Australian Army, Royal Australian Navy, Royal Australian Air Force (2025)",
      "note": "<strong>note: </strong>the Australian Federal Police (AFP) is an independent agency of the Attorney-General’s Department; the AFP, state, and territorial police forces are responsible for internal security; the Australian Border Force (ABF) is under the Department of Home Affairs"
    },
    "Military expenditures": {
      "Military Expenditures 2024": {
        "text": "2% of GDP (2024 est.)"
      },
      "Military Expenditures 2023": {
        "text": "2% of GDP (2023 est.)"
      },
      "Military Expenditures 2022": {
        "text": "2% of GDP (2022 est.)"
      },
      "Military Expenditures 2021": {
        "text": "2% of GDP (2021 est.)"
      },
      "Military Expenditures 2020": {
        "text": "2% of GDP (2020 est.)"
      }
    },
    "Military and security service personnel strengths": {
      "text": "approximately 60,000 active ADF personnel (2025)"
    },
    "Military equipment inventories and acquisitions": {
      "text": "the military's inventory includes a mix of domestically produced and imported Western weapons systems; in recent years, the US has been the largest supplier of arms; the Australian defense industry produces a variety of land and sea weapons platforms; the defense industry also participates in joint development and production ventures with other Western countries, including the US and Canada (2024)",
      "note": "<strong>note:</strong> in 2023, the Australian defense ministry announced a new strategic review that called for the acquisition of more long-range deterrence capabilities, including missiles, submarines, and cyber tools; in early 2024, Australia announced a 10-year plan to more than double the number of the Navy's major surface combatant ships"
    },
    "Military service age and obligation": {
      "text": "17 years of age (with parental consent; 18 years of age to deploy) for voluntary military service for men and women; no conscription (abolished 1972) (2024)",
      "note": "<strong>note 1: </strong>as of July 2024, New Zealanders who are permanent residents and have lived in Australia for at least 12 months could apply to join the ADF; from January 2025, eligible permanent residents from Canada, the UK, and the US were also to be allowed to apply<br><br><strong>note 2:</strong> women have served in all roles, including combat arms, since 2013; in 2024, they comprised slightly more than 20% of the military"
    },
    "Military deployments": {
      "text": "<strong>note: </strong>the number of Australian military forces varies by mission; since the 1990s, Australia has deployed more than 30,000 personnel on nearly 100 UN peacekeeping and coalition military operations around the World"
    },
    "Military - note": {
      "text": "the ADF's missions include protecting Australia’s borders and maritime interests, responding to domestic natural disasters, and deploying overseas for humanitarian, peacekeeping, and other security-related missions; in 2024, it established a cyber command; the ADF regularly participates in bi-lateral and multi-lateral exercises with foreign militaries <br><br>Australia has been part of the Australia, New Zealand, and US Security (ANZUS) Treaty since 1951; Australia is also a member of the Five Powers Defense Arrangements (FPDA), a series of mutual assistance agreements reached in 1971 embracing Australia, Malaysia, New Zealand, Singapore, and the UK<br><br>Australia has long-standing bi-lateral defense and security ties to the UK, including defense and security cooperation treaties in 2024 and 2013; the Australia-UK Ministerial Consultations (AUKMIN) is their premier bilateral forum on foreign policy, defense, and security issues <br><br>Australia also has a long-standing military relationship with the US; Australian and US forces first fought together in France in 1918 and have fought together in every major US conflict since; Australia and the US signed an agreement in 2014 that allowed for closer bi-lateral defense and security cooperation, including rotations of US military forces and equipment to Australia; Australian military forces train often with US forces; Australia has Major Non-NATO Ally (MNNA) status with the US, a designation under US law that provides foreign partners with certain benefits in the areas of defense trade and security cooperation <br><br>in 2021, Australia, the UK, and the US announced an enhanced trilateral security partnership called “AUKUS” which would build on existing bilateral ties, including deeper integration of defense and security-related science, technology, industrial bases, and supply chains, as well as deeper cooperation on a range of defense and security capabilities (2025)"
    }
  },
  "Space": {
    "Space agency/agencies": {
      "text": "Australian Space Agency (ASA; established 2018; headquarters opened in 2020); Defense Space Command (established 2022) (2024)"
    },
    "Space launch site(s)": {
      "text": "Whalers Way Orbital Launch Complex (commercial site, South Australia); Arnhem Space Center (commercial site, Northern Territory) (2024)"
    },
    "Space program overview": {
      "text": "has a long history of involvement in space-related activities, including astronomy, rockets, satellites, and space tracking; develops, builds, operates, and tracks satellites, including communications, remote sensing (RS), navigational, and scientific/testing/research, often in partnership with other countries; develops other space technologies, including communications, RS capabilities, and telescopes; encouraging growth in domestic commercial space industry sector; cooperates with a variety of foreign space agencies and industries, including those of China, the European Space Agency/EU and their individual member states, India, Japan, New Zealand, South Korea, the UK, and the US; co-leads the Global Earth Observation System of Systems (2024)",
      "note": "<strong>note:</strong> further details about the key activities, programs, and milestones of the country’s space program, as well as government spending estimates on the space sector, appear in the Space Programs reference guide"
    }
  },
  "Terrorism": {
    "Terrorist group(s)": {
      "text": "Islamic State of Iraq and ash-Sham (ISIS)",
      "note": "<strong>note:</strong> details about the history, aims, leadership, organization, areas of operation, tactics, targets, weapons, size, and sources of support of the group(s) appear(s) in the Terrorism reference guide"
    }
  },
  "Transnational Issues": {
    "Refugees and internally displaced persons": {
      "refugees (country of origin)": {
        "text": "12,180 (Iran), 8,741 (Afghanistan), 5,042 (Pakistan) (mid-year 2022)"
      },
      "stateless persons": {
        "text": "7,649 (2022)"
      }
    },
    "Illicit drugs": {
      "text": "<p> amphetamine-type stimulants (ATS) and cannabis dominate the domestic illicit drug market and shown potential for expansion, with ATS accounting for the preponderance of detected imports; domestic heroin market is small, but also shown some growth; as of 2020, Malaysia was the primary embarkation point for heroin and ATS imports other than MDMA (ecstasy) for which South Korea was the primary embarkation point although MDMA is increasingly being produced domestically with number of detected labs nearly doubled.  The US is the principal embarkation point for imported cannabis; Tasmania is one of the world's major suppliers of licit opiate products; government maintains strict controls over areas of opium poppy cultivation and output of poppy straw concentrate; major consumer of cocaine and amphetamines</p>"
    }
  }
}