{
  "Introduction": {
    "Background": {
      "text": "<p>Settlers from Papua arrived on the Solomon Islands around 30,000 years ago. About 6,000 years ago, Austronesian settlers came to the islands, and the two groups mixed extensively. Despite significant inter-island trade, no attempts were made to unite the islands into a single political entity. In 1568, a Spanish explorer became the first European to spot the islands. After a failed Spanish attempt at creating a permanent European settlement in the late 1500s, the Solomon Islands remained free of European contact until a British explorer arrived in 1767. European explorers and US and British whaling ships regularly visited the islands into the 1800s.<br><br>Germany declared a protectorate over the northern Solomon Islands in 1885, and the UK established a protectorate over the southern islands in 1893. In 1899, Germany transferred its islands to the UK in exchange for the UK relinquishing all claims in Samoa. In 1942, Japan invaded the islands, and the Guadalcanal Campaign (August 1942-February 1943) proved a turning point in the Pacific war. The fighting destroyed large parts of the Solomon Islands, and a nationalist movement emerged near the end of the war. By 1960, the British allowed some local autonomy. The islands were granted self-government in 1976 and independence two years later under Prime Minister Sir Peter KENILOREA.<br><br>In 1999, longstanding tensions between ethnic Guale in Honiara and ethnic Malaitans in Honiara’s suburbs erupted in civil war, leading thousands of Malaitans to take refuge in Honiara and prompting Guale to flee the city. In 2000, newly elected Prime Minister Manasseh SOGAVARE focused on peace agreements and distributing resources equally among groups, but his actions bankrupted the government in 2001 and led to his ouster. In 2003, the Solomon Islands requested international assistance to reestablish law and order; the Australian-led Regional Assistance Mission to the Solomon Islands, which ended in 2017, improved the security situation. In 2006, however, riots broke out in Honiara, and the city’s Chinatown was burned amid allegations that the prime minister took money from China. SOGAVARE was reelected prime minister for a fourth time in 2019. When a small group of protestors, mostly from the island of Malaita, approached parliament to lodge a petition calling for SOGAVARE’s removal and more development in Malaita in 2021, police fired tear gas into the crowd which sparked rioting and looting in Honiara. </p>"
    }
  },
  "Geography": {
    "Location": {
      "text": "Oceania, group of islands in the South Pacific Ocean, east of Papua New Guinea"
    },
    "Geographic coordinates": {
      "text": "8 00 S, 159 00 E"
    },
    "Map references": {
      "text": "Oceania"
    },
    "Area": {
      "total ": {
        "text": "28,896 sq km"
      },
      "land": {
        "text": "27,986 sq km"
      },
      "water": {
        "text": "910 sq km"
      }
    },
    "Area - comparative": {
      "text": "slightly smaller than Maryland"
    },
    "Land boundaries": {
      "total": {
        "text": "0 km"
      }
    },
    "Coastline": {
      "text": "5,313 km"
    },
    "Maritime claims": {
      "territorial sea": {
        "text": "12 nm"
      },
      "exclusive economic zone": {
        "text": "200 nm"
      },
      "continental shelf": {
        "text": "200 nm"
      },
      "note": "measured from claimed archipelagic baselines"
    },
    "Climate": {
      "text": "tropical monsoon; few temperature and weather extremes"
    },
    "Terrain": {
      "text": "mostly rugged mountains with some low coral atolls"
    },
    "Elevation": {
      "highest point": {
        "text": "Mount Popomanaseu 2,335 m"
      },
      "lowest point": {
        "text": "Pacific Ocean 0 m"
      }
    },
    "Natural resources": {
      "text": "fish, forests, gold, bauxite, phosphates, lead, zinc, nickel"
    },
    "Land use": {
      "agricultural land": {
        "text": "4.3% (2022 est.)"
      },
      "agricultural land: arable land": {
        "text": "arable land: 0.8% (2022 est.)"
      },
      "agricultural land: permanent crops": {
        "text": "permanent crops: 3.2% (2022 est.)"
      },
      "agricultural land: permanent pasture": {
        "text": "permanent pasture: 0.3% (2022 est.)"
      },
      "forest": {
        "text": "90.1% (2022 est.)"
      },
      "other": {
        "text": "5.6% (2022 est.)"
      }
    },
    "Irrigated land": {
      "text": "0 sq km (2022)"
    },
    "Population distribution": {
      "text": "most of the population lives along the coastal regions; about one in five live in urban areas, and of these about two thirds reside in Honiara, the largest town and chief port"
    },
    "Natural hazards": {
      "text": "<p>tropical cyclones, but rarely destructive; geologically active region with frequent earthquakes, tremors, and volcanic activity; tsunamis</p><p><strong>volcanism:</strong> Tinakula (851 m) has frequent eruption activity, while an eruption of Savo (485 m) could affect the capital Honiara on nearby Guadalcanal</p>"
    },
    "Geography - note": {
      "text": "strategic location on sea routes between the South Pacific Ocean, the Solomon Sea, and the Coral Sea; Rennell Island, the southernmost in the Solomon Islands chain, is one of the world&rsquo;s largest raised coral atolls; the island&rsquo;s Lake Tegano, formerly a lagoon on the atoll, is the largest lake in the insular Pacific (15,500 hectares; 38,300 acres)"
    }
  },
  "People and Society": {
    "Population": {
      "total": {
        "text": "726,799 (2024 est.)"
      },
      "male": {
        "text": "370,970"
      },
      "female": {
        "text": "355,829"
      }
    },
    "Nationality": {
      "noun": {
        "text": "Solomon Islander(s)"
      },
      "adjective": {
        "text": "Solomon Islander"
      }
    },
    "Ethnic groups": {
      "text": "Melanesian 95.3%, Polynesian 3.1%, Micronesian 1.2%, other 0.3% (2009 est.)"
    },
    "Languages": {
      "text": "Melanesian pidgin (lingua franca in much of the country), English (official but spoken by only 1%-2% of the population), 120 indigenous languages"
    },
    "Religions": {
      "text": "Protestant 73.4% (Church of Melanesia 31.9%, South Sea Evangelical 17.1%, Seventh Day Adventist 11.7%, United Church 10.1%, Christian Fellowship Church 2.5%), Roman Catholic 19.6%, other Christian 2.9%, other 4%, unspecified 0.1% (2009 est.)"
    },
    "Age structure": {
      "0-14 years": {
        "text": "30.6% (male 114,246/female 108,020)"
      },
      "15-64 years": {
        "text": "64.2% (male 238,708/female 227,636)"
      },
      "65 years and over": {
        "text": "5.3% (2024 est.) (male 18,016/female 20,173)"
      }
    },
    "Dependency ratios": {
      "total dependency ratio": {
        "text": "55.9 (2024 est.)"
      },
      "youth dependency ratio": {
        "text": "47.7 (2024 est.)"
      },
      "elderly dependency ratio": {
        "text": "8.2 (2024 est.)"
      },
      "potential support ratio": {
        "text": "12.2 (2024 est.)"
      }
    },
    "Median age": {
      "total": {
        "text": "25.2 years (2024 est.)"
      },
      "male": {
        "text": "25 years"
      },
      "female": {
        "text": "25.4 years"
      }
    },
    "Population growth rate": {
      "text": "1.65% (2024 est.)"
    },
    "Birth rate": {
      "text": "22 births/1,000 population (2024 est.)"
    },
    "Death rate": {
      "text": "3.9 deaths/1,000 population (2024 est.)"
    },
    "Net migration rate": {
      "text": "-1.5 migrant(s)/1,000 population (2024 est.)"
    },
    "Population distribution": {
      "text": "most of the population lives along the coastal regions; about one in five live in urban areas, and of these about two thirds reside in Honiara, the largest town and chief port"
    },
    "Urbanization": {
      "urban population": {
        "text": "26% of total population (2023)"
      },
      "rate of urbanization": {
        "text": "3.57% annual rate of change (2020-25 est.)"
      }
    },
    "Major urban areas - population": {
      "text": "82,000 HONIARA (capital) (2018)"
    },
    "Sex ratio": {
      "at birth": {
        "text": "1.05 male(s)/female"
      },
      "0-14 years": {
        "text": "1.06 male(s)/female"
      },
      "15-64 years": {
        "text": "1.05 male(s)/female"
      },
      "65 years and over": {
        "text": "0.89 male(s)/female"
      },
      "total population": {
        "text": "1.04 male(s)/female (2024 est.)"
      }
    },
    "Mother's mean age at first birth": {
      "text": "22.6 years (2015 est.)",
      "note": "<strong>note:</strong> data represents median age at first birth among women 25-29"
    },
    "Maternal mortality ratio": {
      "text": "122 deaths/100,000 live births (2020 est.)"
    },
    "Infant mortality rate": {
      "total": {
        "text": "19.1 deaths/1,000 live births (2024 est.)"
      },
      "male": {
        "text": "22.7 deaths/1,000 live births"
      },
      "female": {
        "text": "15.2 deaths/1,000 live births"
      }
    },
    "Life expectancy at birth": {
      "total population": {
        "text": "77.2 years (2024 est.)"
      },
      "male": {
        "text": "74.6 years"
      },
      "female": {
        "text": "80 years"
      }
    },
    "Total fertility rate": {
      "text": "2.77 children born/woman (2024 est.)"
    },
    "Gross reproduction rate": {
      "text": "1.35 (2024 est.)"
    },
    "Contraceptive prevalence rate": {
      "text": "29.3% (2015)"
    },
    "Drinking water source": {
      "improved: urban": {
        "text": "urban: 95% of population"
      },
      "improved: rural": {
        "text": "rural: 65.9% of population"
      },
      "improved: total": {
        "text": "total: 73.1% of population"
      },
      "unimproved: urban": {
        "text": "urban: 5% of population"
      },
      "unimproved: rural": {
        "text": "rural: 34.1% of population"
      },
      "unimproved: total": {
        "text": "total: 26.9% of population (2020 est.)"
      }
    },
    "Health expenditure": {
      "Health expenditure (as % of GDP)": {
        "text": "4.8% of GDP (2021)"
      },
      "Health expenditure (as % of national budget)": {
        "text": "9.7% of national budget (2022 est.)"
      }
    },
    "Physician density": {
      "text": "0.24 physicians/1,000 population (2023)"
    },
    "Sanitation facility access": {
      "improved: urban": {
        "text": "urban: 95.6% of population"
      },
      "improved: rural": {
        "text": "rural: 22.6% of population"
      },
      "improved: total": {
        "text": "total: 40.6% of population"
      },
      "unimproved: urban": {
        "text": "urban: 4.4% of population"
      },
      "unimproved: rural": {
        "text": "rural: 77.4% of population"
      },
      "unimproved: total": {
        "text": "total: 59.4% of population (2020 est.)"
      }
    },
    "Obesity - adult prevalence rate": {
      "text": "22.5% (2016)"
    },
    "Alcohol consumption per capita": {
      "total": {
        "text": "1.19 liters of pure alcohol (2019 est.)"
      },
      "beer": {
        "text": "1.1 liters of pure alcohol (2019 est.)"
      },
      "wine": {
        "text": "0.06 liters of pure alcohol (2019 est.)"
      },
      "spirits": {
        "text": "0.02 liters of pure alcohol (2019 est.)"
      },
      "other alcohols": {
        "text": "0 liters of pure alcohol (2019 est.)"
      }
    },
    "Tobacco use": {
      "total": {
        "text": "36.8% (2025 est.)"
      },
      "male": {
        "text": "54.5% (2025 est.)"
      },
      "female": {
        "text": "18.8% (2025 est.)"
      }
    },
    "Children under the age of 5 years underweight": {
      "text": "16.2% (2015)"
    },
    "Currently married women (ages 15-49)": {
      "text": "64.1% (2023 est.)"
    },
    "Child marriage": {
      "women married by age 15": {
        "text": "5.6% (2015)"
      },
      "women married by age 18": {
        "text": "21.3% (2015)"
      },
      "men married by age 18": {
        "text": "4.4% (2015)"
      }
    },
    "Education expenditure": {
      "Education expenditure (% GDP)": {
        "text": "8.3% of GDP (2023 est.)"
      },
      "Education expenditure (% national budget)": {
        "text": "25.9% national budget (2023 est.)"
      }
    },
    "Literacy": {
      "total population": {
        "text": "NA"
      },
      "male": {
        "text": "NA"
      },
      "female": {
        "text": "NA"
      }
    }
  },
  "Environment": {
    "Environment - current issues": {
      "text": "deforestation; soil erosion; damage to coral reefs"
    },
    "Environment - international agreements": {
      "party to": {
        "text": "Biodiversity, Climate Change, Climate Change-Kyoto Protocol, Climate Change-Paris Agreement, Desertification, Endangered Species, Environmental Modification, Law of the Sea, Marine Dumping-London Convention, Marine Life Conservation, Ozone Layer Protection, Ship Pollution, Whaling"
      },
      "signed, but not ratified": {
        "text": "Comprehensive Nuclear Test Ban"
      }
    },
    "Climate": {
      "text": "tropical monsoon; few temperature and weather extremes"
    },
    "Land use": {
      "agricultural land": {
        "text": "4.3% (2022 est.)"
      },
      "agricultural land: arable land": {
        "text": "arable land: 0.8% (2022 est.)"
      },
      "agricultural land: permanent crops": {
        "text": "permanent crops: 3.2% (2022 est.)"
      },
      "agricultural land: permanent pasture": {
        "text": "permanent pasture: 0.3% (2022 est.)"
      },
      "forest": {
        "text": "90.1% (2022 est.)"
      },
      "other": {
        "text": "5.6% (2022 est.)"
      }
    },
    "Urbanization": {
      "urban population": {
        "text": "26% of total population (2023)"
      },
      "rate of urbanization": {
        "text": "3.57% annual rate of change (2020-25 est.)"
      }
    },
    "Air pollutants": {
      "particulate matter emissions": {
        "text": "7.83 micrograms per cubic meter (2019 est.)"
      },
      "carbon dioxide emissions": {
        "text": "0.17 megatons (2016 est.)"
      },
      "methane emissions": {
        "text": "0.43 megatons (2020 est.)"
      }
    },
    "Waste and recycling": {
      "municipal solid waste generated annually": {
        "text": "179,972 tons (2013 est.)"
      }
    },
    "Total renewable water resources": {
      "text": "44.7 billion cubic meters (2020 est.)"
    }
  },
  "Government": {
    "Country name": {
      "conventional long form": {
        "text": "none"
      },
      "conventional short form": {
        "text": "Solomon Islands"
      },
      "local long form": {
        "text": "none"
      },
      "local short form": {
        "text": "Solomon Islands"
      },
      "former": {
        "text": "British Solomon Islands"
      },
      "etymology": {
        "text": "Spanish explorer Alvaro de MENDANA named the isles in 1568 after the wealthy biblical King SOLOMON in the mistaken belief that the islands contained great riches"
      }
    },
    "Government type": {
      "text": "parliamentary democracy under a constitutional monarchy; a Commonwealth realm"
    },
    "Capital": {
      "name": {
        "text": "Honiara"
      },
      "geographic coordinates": {
        "text": "9 26 S, 159 57 E"
      },
      "time difference": {
        "text": "UTC+11 (16 hours ahead of Washington, DC, during Standard Time)"
      },
      "etymology": {
        "text": "the name derives from the local term <em>nagho ni ara</em>, meaning \"place of the east wind\" or \"facing the trade winds\""
      }
    },
    "Administrative divisions": {
      "text": "9 provinces and 1 city*; Central, Choiseul, Guadalcanal, Honiara*, Isabel, Makira and Ulawa, Malaita, Rennell and Bellona, Temotu, Western"
    },
    "Legal system": {
      "text": "mixed system of English common law and customary law"
    },
    "Constitution": {
      "history": {
        "text": "adopted 31 May 1978, effective 7 July 1978"
      },
      "amendment process": {
        "text": "proposed by the National Parliament; passage of constitutional sections, including those on fundamental rights and freedoms, the legal system, Parliament, alteration of the constitution and the ombudsman, requires three-fourths majority vote by Parliament and assent of the governor general; passage of other amendments requires two-thirds majority vote and assent of the governor general"
      }
    },
    "International law organization participation": {
      "text": "has not submitted an ICJ jurisdiction declaration; non-party state to the ICCt"
    },
    "Citizenship": {
      "citizenship by birth": {
        "text": "no"
      },
      "citizenship by descent only": {
        "text": "at least one parent must be a citizen of the Solomon Islands"
      },
      "dual citizenship recognized": {
        "text": "no"
      },
      "residency requirement for naturalization": {
        "text": "7 years"
      }
    },
    "Suffrage": {
      "text": "21 years of age; universal"
    },
    "Executive branch": {
      "chief of state": {
        "text": "King CHARLES III (since 8 September 2022); represented by Governor General David Tiva KAPU (since 7 July 2024)"
      },
      "head of government": {
        "text": "Prime Minister Jeremiah MANELE (since 2 May 2024)"
      },
      "cabinet": {
        "text": "Cabinet appointed by the governor general on the advice of the prime minister"
      },
      "elections/appointments": {
        "text": "the monarchy is hereditary; governor general appointed by the monarch on the advice of the National Parliament for up to 5 years (eligible for a second term); following legislative elections, the National Parliament usually elects the leader of the majority party or majority coalition as prime minister; deputy prime minister appointed by the governor general on the advice of the prime minister"
      }
    },
    "Legislative branch": {
      "legislature name": {
        "text": "National Parliament"
      },
      "legislative structure": {
        "text": "unicameral"
      },
      "number of seats": {
        "text": "50 (all directly elected)"
      },
      "electoral system": {
        "text": "plurality/majority"
      },
      "scope of elections": {
        "text": "full renewal"
      },
      "term in office": {
        "text": "4 years"
      },
      "most recent election date": {
        "text": "4/17/2024"
      },
      "parties elected and seats per party": {
        "text": "Ownership Unity and Responsibility (OUR Party) (15); Solomon Islands Democratic Party (SIDP) (11); Solomon Islands United Party (UP) (6); Solomon Islands People First Party (SIPFP) (3); Independents (11); Other (4)"
      },
      "percentage of women in chamber": {
        "text": "6%"
      },
      "expected date of next election": {
        "text": "April 2028"
      }
    },
    "Judicial branch": {
      "highest court(s)": {
        "text": "Court of Appeal (consists of the court president and ex officio members including the High Court chief justice and puisne judges); High Court (consists of the chief justice and puisne judges)"
      },
      "judge selection and term of office": {
        "text": "Court of Appeal and High Court president, chief justices, and puisne judges appointed by the governor general on recommendation of the Judicial and Legal Service Commission, chaired by the chief justice and includes 5 members, mostly judicial officials and legal professionals; all judges serve until retirement at age 60"
      },
      "subordinate courts": {
        "text": "Magistrates' Courts; Customary Land Appeal Court; local courts"
      }
    },
    "Political parties": {
      "text": "Democratic Alliance Party or DAP <br>Kadere Party of Solomon Islands or KAD <br>Ownership, Unity, and Responsibility Party (OUR Party) <br>People First Party or PFP <br>Solomon Islands Democratic Party or SIDP <br>Solomon Islands Party for Rural Advancement or SIPRA <br>Solomon Islands United Party or SIUP <br>United for Change Party or U4C<br> <br>Coalition for Accountability Reform and Empowerment (CARE) is comprised of DAP, SIDP, and U4C",
      "note": "<strong>note:</strong> in general, Solomon Islands politics is characterized by fluid coalitions"
    },
    "Diplomatic representation in the US": {
      "chief of mission": {
        "text": "Ambassador Jane Mugafalu Kabui WAETARA (since 16 September 2022); note - also Permanent Representative to the UN"
      },
      "chancery": {
        "text": "685 Third Avenue, 11th Floor, Suite 1102, New York, NY 10017"
      },
      "telephone": {
        "text": "[1] (212) 599-6192"
      },
      "FAX": {
        "text": "[1] (212) 661-8925"
      },
      "email address and website": {
        "text": "<br>simun@solomons.com"
      }
    },
    "Diplomatic representation from the US": {
      "chief of mission": {
        "text": "Ambassador Ann Marie YASTISHOCK (since 14 March 2024); note - also accredited to the Papua New Guinea and Vanuatu, based in Port Moresby, Papua New Guinea"
      },
      "embassy": {
        "text": "BJS Building<br>Commonwealth Avenue<br>Honiara, Solomon Islands"
      },
      "telephone": {
        "text": "[677] 23426"
      },
      "FAX": {
        "text": "[677] 27429"
      },
      "email address and website": {
        "text": "<br>EmbassyHoniara@state.gov<br><br>https://pg.usembassy.gov/"
      }
    },
    "International organization participation": {
      "text": "ACP, ADB, AOSIS, C, EITI (candidate country), ESCAP, FAO, G-77, IBRD, ICAO, ICRM, IDA, IFAD, IFC, IFRCS, ILO, IMF, IMO, IOC, ITU, MIGA, OPCW, PIF, Sparteca, SPC, UN, UNCTAD, UNESCO, UPU, WFTU, WHO, WMO, WTO"
    },
    "Independence": {
      "text": "7 July 1978 (from the UK)"
    },
    "National holiday": {
      "text": "Independence Day, 7 July (1978)"
    },
    "Flag description": {
      "text": "divided diagonally by a thin yellow stripe from the lower hoist-side corner; the upper triangle (hoist side) is blue with five white five-pointed stars in an X pattern; the lower triangle is green; blue stands for the ocean, green for the land, and yellow for sunshine; the five stars stand for the main island groups"
    },
    "National color(s)": {
      "text": "blue, yellow, green, white"
    },
    "National anthem": {
      "name": {
        "text": "\"God Save Our Solomon Islands\""
      },
      "lyrics/music": {
        "text": "Panapasa BALEKANA and Matila BALEKANA/Panapasa BALEKANA"
      },
      "note": "<strong>note:</strong> adopted 1978"
    },
    "National heritage": {
      "total World Heritage Sites": {
        "text": "1 (natural)"
      },
      "selected World Heritage Site locales": {
        "text": "East Rennell"
      }
    }
  },
  "Economy": {
    "Economic overview": {
      "text": "lower middle-income Pacific island economy; natural resource rich but environmentally fragile; key agrarian sector; growing Chinese economic relationship; infrastructure damage due to social unrest; metal mining operations"
    },
    "Real GDP (purchasing power parity)": {
      "Real GDP (purchasing power parity) 2023": {
        "text": "$2.027 billion (2023 est.)"
      },
      "Real GDP (purchasing power parity) 2022": {
        "text": "$1.967 billion (2022 est.)"
      },
      "Real GDP (purchasing power parity) 2021": {
        "text": "$1.921 billion (2021 est.)"
      },
      "note": "<b>note:</b> data in 2021 dollars"
    },
    "Real GDP growth rate": {
      "Real GDP growth rate 2023": {
        "text": "3.08% (2023 est.)"
      },
      "Real GDP growth rate 2022": {
        "text": "2.4% (2022 est.)"
      },
      "Real GDP growth rate 2021": {
        "text": "2.56% (2021 est.)"
      },
      "note": "<b>note:</b> annual GDP % growth based on constant local currency"
    },
    "Real GDP per capita": {
      "Real GDP per capita 2023": {
        "text": "$2,500 (2023 est.)"
      },
      "Real GDP per capita 2022": {
        "text": "$2,500 (2022 est.)"
      },
      "Real GDP per capita 2021": {
        "text": "$2,500 (2021 est.)"
      },
      "note": "<b>note:</b> data in 2021 dollars"
    },
    "GDP (official exchange rate)": {
      "text": "$1.633 billion (2023 est.)",
      "note": "<b>note:</b> data in current dollars at official exchange rate"
    },
    "Inflation rate (consumer prices)": {
      "Inflation rate (consumer prices) 2023": {
        "text": "5.9% (2023 est.)"
      },
      "Inflation rate (consumer prices) 2022": {
        "text": "5.5% (2022 est.)"
      },
      "Inflation rate (consumer prices) 2021": {
        "text": "-0.1% (2021 est.)"
      },
      "note": "<b>note:</b> annual % change based on consumer prices"
    },
    "GDP - composition, by sector of origin": {
      "agriculture": {
        "text": "33.8% (2022 est.)"
      },
      "industry": {
        "text": "18.7% (2022 est.)"
      },
      "services": {
        "text": "47.3% (2022 est.)"
      },
      "note": "<b>note:</b> figures may not total 100% due to non-allocated consumption not captured in sector-reported data"
    },
    "GDP - composition, by end use": {
      "household consumption": {
        "text": "61.7% (2022 est.)"
      },
      "government consumption": {
        "text": "29.2% (2022 est.)"
      },
      "investment in fixed capital": {
        "text": "24.4% (2022 est.)"
      },
      "investment in inventories": {
        "text": "-1% (2022 est.) NA"
      },
      "exports of goods and services": {
        "text": "26.3% (2022 est.)"
      },
      "imports of goods and services": {
        "text": "-51.7% (2022 est.)"
      },
      "note": "<strong>note:</strong> figures may not total 100% due to rounding or gaps in data collection"
    },
    "Agricultural products": {
      "text": "oil palm fruit, coconuts, sweet potatoes, yams, taro, fruits, pulses, vegetables, cocoa beans, cassava (2023)",
      "note": "<b>note:</b> top ten agricultural products based on tonnage"
    },
    "Industries": {
      "text": "fish (tuna), mining, timber"
    },
    "Industrial production growth rate": {
      "text": "4.7% (2022 est.)",
      "note": "<b>note:</b> annual % change in industrial value added based on constant local currency"
    },
    "Labor force": {
      "text": "435,600 (2024 est.)",
      "note": "<b>note:</b> number of people ages 15 or older who are employed or seeking work"
    },
    "Unemployment rate": {
      "Unemployment rate 2024": {
        "text": "1.5% (2024 est.)"
      },
      "Unemployment rate 2023": {
        "text": "1.5% (2023 est.)"
      },
      "Unemployment rate 2022": {
        "text": "1.5% (2022 est.)"
      },
      "note": "<b>note:</b> % of labor force seeking employment"
    },
    "Youth unemployment rate (ages 15-24)": {
      "total": {
        "text": "3% (2024 est.)"
      },
      "male": {
        "text": "2.6% (2024 est.)"
      },
      "female": {
        "text": "3.4% (2024 est.)"
      },
      "note": "<b>note:</b> % of labor force ages 15-24 seeking employment"
    },
    "Remittances": {
      "Remittances 2023": {
        "text": "5.18% of GDP (2023 est.)"
      },
      "Remittances 2022": {
        "text": "5.18% of GDP (2022 est.)"
      },
      "Remittances 2021": {
        "text": "3.35% of GDP (2021 est.)"
      },
      "note": "<b>note:</b> personal transfers and compensation between resident and non-resident individuals/households/entities"
    },
    "Budget": {
      "revenues": {
        "text": "$436.2 million (2022 est.)"
      },
      "expenditures": {
        "text": "$423.726 million (2022 est.)"
      },
      "note": "<b>note:</b> central government revenues and expenses (excluding grants/extrabudgetary units/social security funds) converted to US dollars at average official exchange rate for year indicated"
    },
    "Public debt": {
      "Public debt 2022": {
        "text": "15.4% of GDP (2022 est.)"
      },
      "note": "<b>note:</b> central government debt as a % of GDP"
    },
    "Taxes and other revenues": {
      "text": "20.7% (of GDP) (2022 est.)",
      "note": "<b>note:</b> central government tax revenue as a % of GDP"
    },
    "Current account balance": {
      "Current account balance 2024": {
        "text": "-$66.231 million (2024 est.)"
      },
      "Current account balance 2023": {
        "text": "-$178.197 million (2023 est.)"
      },
      "Current account balance 2022": {
        "text": "-$218.534 million (2022 est.)"
      },
      "note": "<b>note:</b> balance of payments - net trade and primary/secondary income in current dollars"
    },
    "Exports": {
      "Exports 2024": {
        "text": "$642.877 million (2024 est.)"
      },
      "Exports 2023": {
        "text": "$546.025 million (2023 est.)"
      },
      "Exports 2022": {
        "text": "$411.359 million (2022 est.)"
      },
      "note": "<b>note:</b> balance of payments - exports of goods and services in current dollars"
    },
    "Exports - partners": {
      "text": "China 56%, Australia 11%, Italy 10%, Spain 5%, Netherlands 4% (2023)",
      "note": "<b>note:</b> top five export partners based on percentage share of exports"
    },
    "Exports - commodities": {
      "text": "wood, fish, gold, precious metal ore, palm oil (2023)",
      "note": "<b>note:</b> top five export commodities based on value in dollars"
    },
    "Imports": {
      "Imports 2024": {
        "text": "$857.128 million (2024 est.)"
      },
      "Imports 2023": {
        "text": "$883.611 million (2023 est.)"
      },
      "Imports 2022": {
        "text": "$764.641 million (2022 est.)"
      },
      "note": "<b>note:</b> balance of payments - imports of goods and services in current dollars"
    },
    "Imports - partners": {
      "text": "China 42%, Singapore 13%, Australia 13%, Taiwan 5%, Malaysia 5% (2023)",
      "note": "<b>note:</b> top five import partners based on percentage share of imports"
    },
    "Imports - commodities": {
      "text": "refined petroleum, plastic products, fish, broadcasting equipment, iron structures (2023)",
      "note": "<b>note:</b> top five import commodities based on value in dollars"
    },
    "Reserves of foreign exchange and gold": {
      "Reserves of foreign exchange and gold 2023": {
        "text": "$688.22 million (2023 est.)"
      },
      "Reserves of foreign exchange and gold 2022": {
        "text": "$661.604 million (2022 est.)"
      },
      "Reserves of foreign exchange and gold 2021": {
        "text": "$694.515 million (2021 est.)"
      },
      "note": "<b>note:</b> holdings of gold (year-end prices)/foreign exchange/special drawing rights in current dollars"
    },
    "Debt - external": {
      "Debt - external 2023": {
        "text": "$184.191 million (2023 est.)"
      },
      "note": "<b>note:</b> present value of external debt in current US dollars"
    },
    "Exchange rates": {
      "Currency": {
        "text": "Solomon Islands dollars (SBD) per US dollar -"
      },
      "Exchange rates 2024": {
        "text": "8.455 (2024 est.)"
      },
      "Exchange rates 2023": {
        "text": "8.376 (2023 est.)"
      },
      "Exchange rates 2022": {
        "text": "8.156 (2022 est.)"
      },
      "Exchange rates 2021": {
        "text": "8.03 (2021 est.)"
      },
      "Exchange rates 2020": {
        "text": "8.213 (2020 est.)"
      }
    }
  },
  "Energy": {
    "Electricity access": {
      "electrification - total population": {
        "text": "76% (2022 est.)"
      },
      "electrification - urban areas": {
        "text": "79%"
      },
      "electrification - rural areas": {
        "text": "75.4%"
      }
    },
    "Electricity": {
      "installed generating capacity": {
        "text": "37,000 kW (2023 est.)"
      },
      "consumption": {
        "text": "91.031 million kWh (2023 est.)"
      },
      "transmission/distribution losses": {
        "text": "19.969 million kWh (2023 est.)"
      }
    },
    "Electricity generation sources": {
      "fossil fuels": {
        "text": "90.1% of total installed capacity (2023 est.)"
      },
      "solar": {
        "text": "5.4% of total installed capacity (2023 est.)"
      },
      "hydroelectricity": {
        "text": "0.9% of total installed capacity (2023 est.)"
      },
      "biomass and waste": {
        "text": "3.6% of total installed capacity (2023 est.)"
      }
    },
    "Petroleum": {
      "refined petroleum consumption": {
        "text": "2,000 bbl/day (2023 est.)"
      }
    },
    "Carbon dioxide emissions": {
      "total emissions": {
        "text": "318,000 metric tonnes of CO2 (2023 est.)"
      },
      "from petroleum and other liquids": {
        "text": "318,000 metric tonnes of CO2 (2023 est.)"
      }
    },
    "Energy consumption per capita": {
      "Total energy consumption per capita 2023": {
        "text": "5.655 million Btu/person (2023 est.)"
      }
    }
  },
  "Communications": {
    "Telephones - fixed lines": {
      "total subscriptions": {
        "text": "7,000 (2021 est.)"
      },
      "subscriptions per 100 inhabitants": {
        "text": "1 (2022 est.) less than 1"
      }
    },
    "Telephones - mobile cellular": {
      "total subscriptions": {
        "text": "474,000 (2021 est.)"
      },
      "subscriptions per 100 inhabitants": {
        "text": "67 (2021 est.)"
      }
    },
    "Broadcast media": {
      "text": "multi-channel pay-TV is available; Solomon Islands Broadcasting Corporation (SIBC) operates 2 national radio stations and 2 provincial stations; 2 local commercial radio stations; Radio Australia is available via satellite (2019)"
    },
    "Internet country code": {
      "text": ".sb"
    },
    "Internet users": {
      "percent of population": {
        "text": "43% (2023 est.)"
      }
    },
    "Broadband - fixed subscriptions": {
      "total": {
        "text": "1,000 (2022 est.)"
      },
      "subscriptions per 100 inhabitants": {
        "text": "(2022 est.) less than 1"
      }
    }
  },
  "Transportation": {
    "Civil aircraft registration country code prefix": {
      "text": "H4"
    },
    "Airports": {
      "text": "36 (2025)"
    },
    "Heliports": {
      "text": "2 (2025)"
    },
    "Merchant marine": {
      "total": {
        "text": "25 (2023)"
      },
      "by type": {
        "text": "general cargo 8, oil tanker 1, other 16"
      }
    },
    "Ports": {
      "total ports": {
        "text": "6 (2024)"
      },
      "large": {
        "text": "0"
      },
      "medium": {
        "text": "0"
      },
      "small": {
        "text": "2"
      },
      "very small": {
        "text": "4"
      },
      "ports with oil terminals": {
        "text": "1"
      },
      "key ports": {
        "text": "Gizo Harbor, Honiara, Port Noro, Ringgi Cove, Tulaghi, Yandina"
      }
    }
  },
  "Military and Security": {
    "Military and security forces": {
      "text": "no regular military forces; the Royal Solomon Islands Police Force (RSIPF) (2025)"
    },
    "Military - note": {
      "text": "from 2003 to 2017, at the request of the Solomon Islands Governor-General, the Regional Assistance Mission to Solomon Islands (RAMSI), consisting of police, military, and civilian advisors drawn from 15 countries, assisted in reestablishing and maintaining civil and political order while reinforcing regional stability and security; from November 2021 to August 2024, an Australian-led Solomon Islands Assistance Force (SIAF) provided support to the Royal Solomon Islands Police Force (RSIPF) in maintaining stability; the SIAF also included military and police personnel from New Zealand, Fiji, and Papua New Guinea; following the conclusion of the SIAF mission, Australia continued to provide security assistance to the Solomon Islands; the Solomon Islands Government has also signed police and security agreements with China (2024)"
    }
  },
  "Transnational Issues": {
    "Trafficking in persons": {
      "tier rating": {
        "text": "Tier 2 Watch List — the government did not demonstrate overall increasing efforts to eliminate trafficking compared with the previous reporting period, therefore Solomon Islands remained on Tier 2 Watch List for the second consecutive year; for more details, go to:  https://www.state.gov/reports/2024-trafficking-in-persons-report/solomon-islands/"
      }
    }
  }
}