{
  "Introduction": {
    "Background": {
      "text": "<p>The widely scattered Coral Sea Islands were first charted in 1803, but they were too small to host permanent human habitation. The 1870s and 1880s saw attempts at guano mining, but these were soon abandoned. The islands became an Australian territory in 1969, and the boundaries were extended in 1997. A small meteorological staff has operated on the Willis Islets since 1921, and several other islands host unmanned weather stations, beacons, and lighthouses. Much of the territory lies within national marine nature reserves.</p> <p style=\"margin: 0in; margin-bottom: .0001pt; line-height: 18.0pt; background: white;\"> </p>"
    }
  },
  "Geography": {
    "Location": {
      "text": "Oceania, islands in the Coral Sea, northeast of Australia"
    },
    "Geographic coordinates": {
      "text": "18 00 S, 152 00 E"
    },
    "Map references": {
      "text": "Oceania"
    },
    "Area": {
      "total ": {
        "text": "3 sq km less than"
      },
      "land": {
        "text": "3 sq km less than"
      },
      "water": {
        "text": "0 sq km"
      },
      "note": "<strong>note:</strong> includes numerous small islands and reefs scattered over a sea area of about 780,000 sq km (300,000 sq mi) with the Willis Islets the most important"
    },
    "Area - comparative": {
      "text": "about four times the size of the National Mall in Washington, D.C."
    },
    "Land boundaries": {
      "total": {
        "text": "0 km"
      }
    },
    "Coastline": {
      "text": "3,095 km"
    },
    "Maritime claims": {
      "territorial sea": {
        "text": "3 nm"
      },
      "exclusive fishing zone": {
        "text": "200 nm"
      }
    },
    "Climate": {
      "text": "tropical"
    },
    "Terrain": {
      "text": "sand and coral reefs and islands (cays)"
    },
    "Elevation": {
      "highest point": {
        "text": "unnamed location on Cato Island 9 m"
      },
      "lowest point": {
        "text": "Pacific Ocean 0 m"
      }
    },
    "Natural resources": {
      "text": "fish"
    },
    "Land use": {
      "agricultural land": {
        "text": "0% (2018 est.)"
      },
      "other": {
        "text": "100% (2018 est.)"
      }
    },
    "Natural hazards": {
      "text": "occasional tropical cyclones"
    },
    "Geography - note": {
      "text": "important nesting area for birds and turtles"
    }
  },
  "People and Society": {
    "Population": {
      "total": {
        "text": "no permanent inhabitants"
      },
      "note": "<strong>note:</strong> Willis Island is inhabited by meteorological staff"
    }
  },
  "Environment": {
    "Environment - current issues": {
      "text": "no permanent freshwater resources; damaging activities include coral mining, fishing practices (overfishing, blast fishing)"
    },
    "Climate": {
      "text": "tropical"
    },
    "Land use": {
      "agricultural land": {
        "text": "0% (2018 est.)"
      },
      "other": {
        "text": "100% (2018 est.)"
      }
    }
  },
  "Government": {
    "Country name": {
      "conventional long form": {
        "text": "Coral Sea Islands Territory"
      },
      "conventional short form": {
        "text": "Coral Sea Islands"
      },
      "etymology": {
        "text": "self-descriptive name to reflect the islands' position in the Coral Sea off the northeastern coast of Australia"
      }
    },
    "Dependency status": {
      "text": "territory of Australia; administered from Canberra by the Department of Regional Australia, Local Government, Arts and Sport"
    },
    "Legal system": {
      "text": "the common law system of Australia applies"
    },
    "Citizenship": {
      "text": "see Australia"
    },
    "Diplomatic representation in the US": {
      "text": "none (territory of Australia)"
    },
    "Diplomatic representation from the US": {
      "embassy": {
        "text": "none (territory of Australia)"
      }
    },
    "Flag description": {
      "text": "the flag of Australia is used"
    }
  },
  "Economy": {
  },
  "Transportation": {
  },
  "Military and Security": {
    "Military - note": {
      "text": "defense is the responsibility of Australia"
    }
  },
  "Transnational Issues": {
  }
}