{
  "Introduction": {
    "Background": {
      "text": "<p>Austronesians settled Fiji around 1000 B.C., followed by successive waves of Melanesians starting around the first century A.D. Fijians traded with Polynesian groups in Samoa and Tonga, and by about 900, much of Fiji was in the Tu’i Tongan Empire’s sphere of influence. The Tongan influence declined significantly by 1200, while Melanesian seafarers continued to periodically arrive in Fiji, further mixing Melanesian and Polynesian cultural traditions. The first European spotted Fiji in 1643 and by the 1800s, European merchants, missionaries, traders, and whalers frequented the islands. Rival kings and chiefs competed for power, at times aided by Europeans, and in 1865, Seru Epenisa CAKOBAU united many groups into the Confederacy of Independent Kingdoms of Viti. The arrangement proved weak, however, and in 1871 CAKOBAU formed the Kingdom of Fiji in an attempt to centralize power. Fearing a hostile takeover by a foreign power as the kingdom’s economy began to falter, CAKOBAU ceded Fiji to the UK in 1874.<br><br>The first British governor set up a plantation-style economy and brought in more than 60,000 Indians as indentured laborers, most of whom chose to stay in Fiji rather than return to India when their contracts expired. In the early 1900s, society was divided along ethnic lines, with iTaukei (indigenous Fijians), Europeans, and Indo-Fijians living in separate areas and maintaining their own languages and traditions. ITaukei fears of an Indo-Fijian takeover of government delayed independence through the 1960s; Fiji achieved independence in 1970 with agreements to allocate parliamentary seats by ethnic groups. After two coups in 1987, a new constitution in 1990 cemented iTaukei control of politics, leading thousands of Indo-Fijians to leave. A reformed constitution in 1997 was more equitable and led to the election of an Indo-Fijian prime minister in 1999, who was ousted in a coup the following year. In 2005, the new prime minister put forward a bill that would grant pardons to the coup perpetrators, leading Josaia Voreqe \"Frank\" BAINIMARAMA to launch a coup in 2006. BAINIMARAMA appointed himself prime minister in 2007 and retained the position after elections in 2014 and 2018 that international observers deemed credible. BAINIMARAMA's party lost control of the prime minister position after elections in 2022 with former opposition leader Sitiveni Ligamamada RABUKA winning the office by a narrow margin.<br><br></p>"
    }
  },
  "Geography": {
    "Location": {
      "text": "Oceania, island group in the South Pacific Ocean, about two-thirds of the way from Hawaii to New Zealand"
    },
    "Geographic coordinates": {
      "text": "18 00 S, 175 00 E"
    },
    "Map references": {
      "text": "Oceania"
    },
    "Area": {
      "total ": {
        "text": "18,274 sq km"
      },
      "land": {
        "text": "18,274 sq km"
      },
      "water": {
        "text": "0 sq km"
      }
    },
    "Area - comparative": {
      "text": "slightly smaller than New Jersey"
    },
    "Land boundaries": {
      "total": {
        "text": "0 km"
      }
    },
    "Coastline": {
      "text": "1,129 km"
    },
    "Maritime claims": {
      "territorial sea": {
        "text": "12 nm"
      },
      "contiguous zone": {
        "text": "24 nm"
      },
      "exclusive economic zone": {
        "text": "200 nm"
      },
      "continental shelf": {
        "text": "200-m depth or to the depth of exploitation"
      },
      "note": "measured from claimed archipelagic straight baselines"
    },
    "Climate": {
      "text": "tropical marine; only slight seasonal temperature variation"
    },
    "Terrain": {
      "text": "mostly mountains of volcanic origin"
    },
    "Elevation": {
      "highest point": {
        "text": "Tomanivi 1,324 m"
      },
      "lowest point": {
        "text": "Pacific Ocean 0 m"
      }
    },
    "Natural resources": {
      "text": "timber, fish, gold, copper, offshore oil potential, hydropower"
    },
    "Land use": {
      "agricultural land": {
        "text": "17.1% (2022 est.)"
      },
      "agricultural land: arable land": {
        "text": "arable land: 4.2% (2022 est.)"
      },
      "agricultural land: permanent crops": {
        "text": "permanent crops: 3.4% (2022 est.)"
      },
      "agricultural land: permanent pasture": {
        "text": "permanent pasture: 9.5% (2022 est.)"
      },
      "forest": {
        "text": "63.1% (2022 est.)"
      },
      "other": {
        "text": "19.8% (2022 est.)"
      }
    },
    "Irrigated land": {
      "text": "40 sq km (2012)"
    },
    "Population distribution": {
      "text": "approximately 70% of the population lives on the island of Viti Levu; roughly half of the population lives in urban areas"
    },
    "Natural hazards": {
      "text": "cyclonic storms can occur from November to January"
    },
    "Geography - note": {
      "text": "consists of 332 islands, approximately 110 of which are inhabited, and more than 500 islets"
    }
  },
  "People and Society": {
    "Population": {
      "total": {
        "text": "951,611 (2024 est.)"
      },
      "male": {
        "text": "482,304"
      },
      "female": {
        "text": "469,307"
      }
    },
    "Nationality": {
      "noun": {
        "text": "Fijian(s)"
      },
      "adjective": {
        "text": "Fijian"
      }
    },
    "Ethnic groups": {
      "text": "iTaukei 56.8% (predominantly Melanesian with a Polynesian admixture), Indo-Fijian 37.5%, Rotuman 1.2%, other 4.5% (European, part European, other Pacific Islanders, Chinese) (2007 est.)",
      "note": "<strong>note:</strong> a 2010 law replaces 'Fijian' with 'iTaukei' when referring to the original and native settlers of Fiji"
    },
    "Languages": {
      "text": "English (official), iTaukei (official), Fiji Hindi (official)"
    },
    "Religions": {
      "text": "Protestant 45% (Methodist 34.6%, Assembly of God 5.7%, Seventh Day Adventist 3.9%, and Anglican 0.8%), Hindu 27.9%, other Christian 10.4%, Roman Catholic 9.1%, Muslim 6.3%, Sikh 0.3%, other 0.3%, none 0.8% (2007 est.)"
    },
    "Age structure": {
      "0-14 years": {
        "text": "24.7% (male 119,910/female 114,904)"
      },
      "15-64 years": {
        "text": "66.4% (male 323,339/female 308,921)"
      },
      "65 years and over": {
        "text": "8.9% (2024 est.) (male 39,055/female 45,482)"
      }
    },
    "Dependency ratios": {
      "total dependency ratio": {
        "text": "50.5 (2024 est.)"
      },
      "youth dependency ratio": {
        "text": "37.1 (2024 est.)"
      },
      "elderly dependency ratio": {
        "text": "13.4 (2024 est.)"
      },
      "potential support ratio": {
        "text": "7.5 (2024 est.)"
      }
    },
    "Median age": {
      "total": {
        "text": "31.6 years (2024 est.)"
      },
      "male": {
        "text": "31.4 years"
      },
      "female": {
        "text": "31.8 years"
      }
    },
    "Population growth rate": {
      "text": "0.4% (2024 est.)"
    },
    "Birth rate": {
      "text": "15.9 births/1,000 population (2024 est.)"
    },
    "Death rate": {
      "text": "6.5 deaths/1,000 population (2024 est.)"
    },
    "Net migration rate": {
      "text": "-5.5 migrant(s)/1,000 population (2024 est.)"
    },
    "Population distribution": {
      "text": "approximately 70% of the population lives on the island of Viti Levu; roughly half of the population lives in urban areas"
    },
    "Urbanization": {
      "urban population": {
        "text": "58.7% of total population (2023)"
      },
      "rate of urbanization": {
        "text": "1.37% annual rate of change (2020-25 est.)"
      }
    },
    "Major urban areas - population": {
      "text": "178,000 SUVA (capital) (2018)"
    },
    "Sex ratio": {
      "at birth": {
        "text": "1.05 male(s)/female"
      },
      "0-14 years": {
        "text": "1.04 male(s)/female"
      },
      "15-64 years": {
        "text": "1.05 male(s)/female"
      },
      "65 years and over": {
        "text": "0.86 male(s)/female"
      },
      "total population": {
        "text": "1.03 male(s)/female (2024 est.)"
      }
    },
    "Maternal mortality ratio": {
      "text": "38 deaths/100,000 live births (2020 est.)"
    },
    "Infant mortality rate": {
      "total": {
        "text": "9.7 deaths/1,000 live births (2024 est.)"
      },
      "male": {
        "text": "11.1 deaths/1,000 live births"
      },
      "female": {
        "text": "8.1 deaths/1,000 live births"
      }
    },
    "Life expectancy at birth": {
      "total population": {
        "text": "74.8 years (2024 est.)"
      },
      "male": {
        "text": "72.2 years"
      },
      "female": {
        "text": "77.6 years"
      }
    },
    "Total fertility rate": {
      "text": "2.21 children born/woman (2024 est.)"
    },
    "Gross reproduction rate": {
      "text": "1.08 (2024 est.)"
    },
    "Contraceptive prevalence rate": {
      "text": "35.5% (2021)"
    },
    "Drinking water source": {
      "improved: urban": {
        "text": "urban: 98.2% of population"
      },
      "improved: rural": {
        "text": "rural: 89.1% of population"
      },
      "improved: total": {
        "text": "total: 94.3% of population"
      },
      "unimproved: urban": {
        "text": "urban: 1.8% of population"
      },
      "unimproved: rural": {
        "text": "rural: 10.9% of population"
      },
      "unimproved: total": {
        "text": "total: 5.7% of population (2020 est.)"
      }
    },
    "Health expenditure": {
      "Health expenditure (as % of GDP)": {
        "text": "5.4% of GDP (2021)"
      },
      "Health expenditure (as % of national budget)": {
        "text": "10.3% of national budget (2022 est.)"
      }
    },
    "Physician density": {
      "text": "0.81 physicians/1,000 population (2015)"
    },
    "Hospital bed density": {
      "text": "1.9 beds/1,000 population (2017 est.)"
    },
    "Sanitation facility access": {
      "improved: urban": {
        "text": "urban: 100% of population"
      },
      "improved: rural": {
        "text": "rural: 100% of population"
      },
      "improved: total": {
        "text": "total: 100% of population"
      },
      "unimproved: urban": {
        "text": "urban: 0% of population"
      },
      "unimproved: rural": {
        "text": "rural: 0% of population"
      },
      "unimproved: total": {
        "text": "total: 0% of population (2020 est.)"
      }
    },
    "Obesity - adult prevalence rate": {
      "text": "30.2% (2016)"
    },
    "Alcohol consumption per capita": {
      "total": {
        "text": "2.71 liters of pure alcohol (2019 est.)"
      },
      "beer": {
        "text": "1.64 liters of pure alcohol (2019 est.)"
      },
      "wine": {
        "text": "0.29 liters of pure alcohol (2019 est.)"
      },
      "spirits": {
        "text": "0.79 liters of pure alcohol (2019 est.)"
      },
      "other alcohols": {
        "text": "0 liters of pure alcohol (2019 est.)"
      }
    },
    "Tobacco use": {
      "total": {
        "text": "26.8% (2025 est.)"
      },
      "male": {
        "text": "40.8% (2025 est.)"
      },
      "female": {
        "text": "12.9% (2025 est.)"
      }
    },
    "Children under the age of 5 years underweight": {
      "text": "4.6% (2021)"
    },
    "Currently married women (ages 15-49)": {
      "text": "58.8% (2023 est.)"
    },
    "Child marriage": {
      "women married by age 15": {
        "text": "0.2% (2021)"
      },
      "women married by age 18": {
        "text": "4% (2021)"
      },
      "men married by age 18": {
        "text": "1.7% (2021)"
      }
    },
    "Education expenditure": {
      "Education expenditure (% GDP)": {
        "text": "4.2% of GDP (2023 est.)"
      },
      "Education expenditure (% national budget)": {
        "text": "11.6% national budget (2024 est.)"
      }
    },
    "Literacy": {
      "total population": {
        "text": "99.1%"
      },
      "male": {
        "text": "99.1%"
      },
      "female": {
        "text": "92.4% (2021 est.)"
      }
    }
  },
  "Environment": {
    "Environment - current issues": {
      "text": "air pollution from waste incineration and vehicle emissions; deforestation and soil erosion; soil erosion from clearing land by bush burning"
    },
    "Environment - international agreements": {
      "party to": {
        "text": "Biodiversity, Climate Change, Climate Change-Kyoto Protocol, Climate Change-Paris Agreement, Comprehensive Nuclear Test Ban, Desertification, Endangered Species, Law of the Sea, Marine Life Conservation, Nuclear Test Ban, Ozone Layer Protection, Ship Pollution, Tropical Timber 2006, Wetlands"
      },
      "signed, but not ratified": {
        "text": "none of the selected agreements"
      }
    },
    "Climate": {
      "text": "tropical marine; only slight seasonal temperature variation"
    },
    "Land use": {
      "agricultural land": {
        "text": "17.1% (2022 est.)"
      },
      "agricultural land: arable land": {
        "text": "arable land: 4.2% (2022 est.)"
      },
      "agricultural land: permanent crops": {
        "text": "permanent crops: 3.4% (2022 est.)"
      },
      "agricultural land: permanent pasture": {
        "text": "permanent pasture: 9.5% (2022 est.)"
      },
      "forest": {
        "text": "63.1% (2022 est.)"
      },
      "other": {
        "text": "19.8% (2022 est.)"
      }
    },
    "Urbanization": {
      "urban population": {
        "text": "58.7% of total population (2023)"
      },
      "rate of urbanization": {
        "text": "1.37% annual rate of change (2020-25 est.)"
      }
    },
    "Air pollutants": {
      "particulate matter emissions": {
        "text": "7.36 micrograms per cubic meter (2019 est.)"
      },
      "carbon dioxide emissions": {
        "text": "2.05 megatons (2016 est.)"
      },
      "methane emissions": {
        "text": "0.95 megatons (2020 est.)"
      }
    },
    "Waste and recycling": {
      "municipal solid waste generated annually": {
        "text": "189,390 tons (2011 est.)"
      },
      "municipal solid waste recycled annually": {
        "text": "10,322 tons (2013 est.)"
      },
      "percent of municipal solid waste recycled": {
        "text": "5.5% (2013 est.)"
      }
    },
    "Total water withdrawal": {
      "municipal": {
        "text": "30 million cubic meters (2020 est.)"
      },
      "industrial": {
        "text": "10 million cubic meters (2020 est.)"
      },
      "agricultural": {
        "text": "50 million cubic meters (2020 est.)"
      }
    },
    "Total renewable water resources": {
      "text": "28.55 billion cubic meters (2020 est.)"
    }
  },
  "Government": {
    "Country name": {
      "conventional long form": {
        "text": "Republic of Fiji"
      },
      "conventional short form": {
        "text": "Fiji"
      },
      "local long form": {
        "text": "Republic of Fiji (English)/ Matanitu ko Viti (Fijian)"
      },
      "local short form": {
        "text": "Fiji (English)/ Viti (Fijian)"
      },
      "etymology": {
        "text": "the Fijians called their home Viti, but the neighboring Tongans called it Fisi; in the Anglicized spelling of the Tongan pronunciation -- promulgated by explorer Captain James COOK -- the designation became Fiji"
      }
    },
    "Government type": {
      "text": "parliamentary republic"
    },
    "Capital": {
      "name": {
        "text": "Suva (on Viti Levu)"
      },
      "geographic coordinates": {
        "text": "18 08 S, 178 25 E"
      },
      "time difference": {
        "text": "UTC+12 (17 hours ahead of Washington, DC, during Standard Time)"
      },
      "etymology": {
        "text": "the name means \"little hill\" in the native Fijian language and may refer to a mound where a temple once stood"
      }
    },
    "Administrative divisions": {
      "text": "14 provinces and 1 dependency*; Ba, Bua, Cakaudrove, Kadavu, Lau, Lomaiviti, Macuata, Nadroga and Navosa, Naitasiri, Namosi, Ra, Rewa, Rotuma*, Serua, Tailevu"
    },
    "Legal system": {
      "text": "common law system based on the English model"
    },
    "Constitution": {
      "history": {
        "text": "several previous; latest signed into law 6 September 2013"
      },
      "amendment process": {
        "text": "proposed as a bill by Parliament and supported by at least three quarters of its members, followed by referral to the president and then to the Electoral Commission, which conducts a referendum; passage requires approval by at least three-quarters of registered voters and assent by the president"
      }
    },
    "International law organization participation": {
      "text": "has not submitted an ICJ jurisdiction declaration; accepts ICCt jurisdiction"
    },
    "Citizenship": {
      "citizenship by birth": {
        "text": "no"
      },
      "citizenship by descent only": {
        "text": "at least one parent must be a citizen of Fiji"
      },
      "dual citizenship recognized": {
        "text": "yes"
      },
      "residency requirement for naturalization": {
        "text": "at least 5 years residency out of the 10 years preceding application"
      }
    },
    "Suffrage": {
      "text": "18 years of age; universal"
    },
    "Executive branch": {
      "chief of state": {
        "text": "President Ratu Naiqama LALABALAVU (since 12 November 2024)"
      },
      "head of government": {
        "text": "Prime Minister Sitiveni Ligamamada RABUKA (since 24 December 2022)"
      },
      "cabinet": {
        "text": "Cabinet appointed by the prime minister from among members of Parliament and is responsible to Parliament"
      },
      "elections/appointments": {
        "text": "president elected by Parliament for a 3-year term (eligible for a second term); prime minister endorsed by the president"
      },
      "most recent election date": {
        "text": "31 October 2024"
      },
      "election results": {
        "text": "<em><br>2024: </em>Ratu Naiqama LALABALAVU elected president (People's Alliance) 35 votes, Meli Tora TAVAIQIA (Fiji First) 14 votes<em><br><br>2021:</em> Ratu Wiliame KATONIVERE elected president; Wiliame KATONIVERE (People's Alliance) 28 votes, Teimumu KEPA (SODELPA) 23 votes"
      },
      "expected date of next election": {
        "text": "2027"
      }
    },
    "Legislative branch": {
      "legislature name": {
        "text": "Parliament"
      },
      "legislative structure": {
        "text": "unicameral"
      },
      "number of seats": {
        "text": "55 (all directly elected)"
      },
      "electoral system": {
        "text": "proportional representation"
      },
      "scope of elections": {
        "text": "full renewal"
      },
      "term in office": {
        "text": "4 years"
      },
      "most recent election date": {
        "text": "12/14/2022"
      },
      "parties elected and seats per party": {
        "text": "FijiFirst (26); People's Alliance (21); National Federation Party (NFP) (5); Social Democratic Liberal Party (Soldelpa) (3)"
      },
      "percentage of women in chamber": {
        "text": "9.1%"
      },
      "expected date of next election": {
        "text": "December 2026"
      }
    },
    "Judicial branch": {
      "highest court(s)": {
        "text": "Supreme Court (consists of the chief justice, all justices of the Court of Appeal, and judges appointed specifically as Supreme Court judges); Court of Appeal (consists of the court president, all puisne judges of the High Court, and judges specifically appointed to the Court of Appeal); High Court (chaired by the chief justice and includes a minimum of 10 puisne judges; High Court organized into civil, criminal, family, employment, and tax divisions)"
      },
      "judge selection and term of office": {
        "text": "chief justice appointed by the president of Fiji on the advice of the prime minister following consultation with the parliamentary leader of the opposition; judges of the Supreme Court, the president of the Court of Appeal, the justices of the Court of Appeal, and puisne judges of the High Court appointed by the president of Fiji on the nomination of the Judicial Service Commission after consulting with the cabinet minister and the House of Representatives committee responsible for the administration of justice; the chief justice, Supreme Court judges, and justices of Appeal generally required to retire at age 70, but this requirement may be waived for one or more sessions of the court; puisne judges appointed for not less than 4 years or more than 7 years, with mandatory retirement at age 65"
      },
      "subordinate courts": {
        "text": "Magistrates' Court (organized into civil, criminal, juvenile, and small claims divisions)"
      }
    },
    "Political parties": {
      "text": "Fiji First <br>Fiji Labor Party or FLP <br>Freedom Alliance (formerly Fiji United Freedom Party or FUFP)<br>National Federation Party or NFP <br>People's Alliance <br>Peoples Democratic Party or PDP <br>Social Democratic Liberal Party or SODELPA <br>Unity Fiji"
    },
    "Diplomatic representation in the US": {
      "chief of mission": {
        "text": "Ambassador Ilisoni VUIDREKETI (since 17 June 2024)"
      },
      "chancery": {
        "text": "1707 L Street NW, Suite 200, Washington, DC 20036"
      },
      "telephone": {
        "text": "[1] (917) 208-4560"
      },
      "FAX": {
        "text": "[1] (202) 466-8325"
      },
      "email address and website": {
        "text": "<br>info@FijiEmbassyDC.com<br><br>https://www.fijiembassydc.com/"
      }
    },
    "Diplomatic representation from the US": {
      "chief of mission": {
        "text": "Ambassador Marie DAMOUR (since 24 November 2022); note - also accredited to Kiribati, Nauru, Tonga, and Tuvalu"
      },
      "embassy": {
        "text": "158 Princes Road, Tamavua, Suva"
      },
      "mailing address": {
        "text": "4290 Suva Place, Washington DC&nbsp; 20521-4290"
      },
      "telephone": {
        "text": "[679] 331-4466"
      },
      "FAX": {
        "text": "[679] 330-2267"
      },
      "email address and website": {
        "text": "<br>SuvaACS@state.gov<br><br>https://fj.usembassy.gov/"
      }
    },
    "International organization participation": {
      "text": "ACP, ADB, AOSIS, C, CP, FAO, G-77, IAEA, IBRD, ICAO, ICCt, ICRM, IDA, IFAD, IFC, IFRCS, IHO, ILO, IMF, IMO, Interpol, IOC, IOM, ISO, ITSO, ITU, ITUC (NGOs), MIGA, OPCW, PCA, PIF, Sparteca (suspended), SPC, UN, UNCTAD, UNDOF, UNESCO, UNIDO, UNISFA, UNMISS, UNWTO, UPU, WCO, WFTU (NGOs), WHO, WIPO, WMO, WTO"
    },
    "Independence": {
      "text": "10 October 1970 (from the UK)"
    },
    "National holiday": {
      "text": "Fiji (Independence) Day, 10 October (1970)"
    },
    "Flag description": {
      "text": "light blue with the UK flag in the upper hoist-side quadrant and the Fijian shield centered on the outer half of the flag; blue symbolizes the Pacific Ocean; the shield is taken from Fiji's coat of arms and shows a yellow lion holding a coconut above a white field quartered by the cross of Saint George; the four quarters depict sugarcane, a palm tree, a banana bunch, and a white dove"
    },
    "National symbol(s)": {
      "text": "Fijian canoe"
    },
    "National color(s)": {
      "text": "light blue"
    },
    "National anthem": {
      "name": {
        "text": "\"God Bless Fiji\""
      },
      "lyrics/music": {
        "text": "Michael Francis Alexander PRESCOTT/C. Austin MILES (adapted by Michael Francis Alexander PRESCOTT)"
      },
      "note": "<strong>note:</strong> adopted 1970; known in Fijian as \"Meda Dau Doka\" (Let Us Show Pride); adapted from the hymn, \"Dwelling in Beulah Land,\" the anthem's English lyrics are generally sung, although they differ in meaning from the official Fijian lyrics"
    },
    "National heritage": {
      "total World Heritage Sites": {
        "text": "1 (cultural)"
      },
      "selected World Heritage Site locales": {
        "text": "Levuka Historical Port Town"
      }
    }
  },
  "Economy": {
    "Economic overview": {
      "text": "upper-middle income, tourism-based Pacific island economy; susceptible to ocean rises; key energy and infrastructure investments; post-pandemic tourism resurgence; improved debt standing; limited workforce"
    },
    "Real GDP (purchasing power parity)": {
      "Real GDP (purchasing power parity) 2023": {
        "text": "$12.617 billion (2023 est.)"
      },
      "Real GDP (purchasing power parity) 2022": {
        "text": "$11.734 billion (2022 est.)"
      },
      "Real GDP (purchasing power parity) 2021": {
        "text": "$9.795 billion (2021 est.)"
      },
      "note": "<b>note:</b> data in 2021 dollars"
    },
    "Real GDP growth rate": {
      "Real GDP growth rate 2023": {
        "text": "7.52% (2023 est.)"
      },
      "Real GDP growth rate 2022": {
        "text": "19.79% (2022 est.)"
      },
      "Real GDP growth rate 2021": {
        "text": "-4.88% (2021 est.)"
      },
      "note": "<b>note:</b> annual GDP % growth based on constant local currency"
    },
    "Real GDP per capita": {
      "Real GDP per capita 2023": {
        "text": "$13,700 (2023 est.)"
      },
      "Real GDP per capita 2022": {
        "text": "$12,800 (2022 est.)"
      },
      "Real GDP per capita 2021": {
        "text": "$10,700 (2021 est.)"
      },
      "note": "<b>note:</b> data in 2021 dollars"
    },
    "GDP (official exchange rate)": {
      "text": "$5.442 billion (2023 est.)",
      "note": "<b>note:</b> data in current dollars at official exchange rate"
    },
    "Inflation rate (consumer prices)": {
      "Inflation rate (consumer prices) 2023": {
        "text": "2.1% (2023 est.)"
      },
      "Inflation rate (consumer prices) 2022": {
        "text": "4.5% (2022 est.)"
      },
      "Inflation rate (consumer prices) 2021": {
        "text": "0.2% (2021 est.)"
      },
      "note": "<b>note:</b> annual % change based on consumer prices"
    },
    "GDP - composition, by sector of origin": {
      "agriculture": {
        "text": "11.7% (2023 est.)"
      },
      "industry": {
        "text": "14.2% (2023 est.)"
      },
      "services": {
        "text": "55.1% (2023 est.)"
      },
      "note": "<b>note:</b> figures may not total 100% due to non-allocated consumption not captured in sector-reported data"
    },
    "GDP - composition, by end use": {
      "household consumption": {
        "text": "82.4% (2022 est.)"
      },
      "government consumption": {
        "text": "20.5% (2022 est.)"
      },
      "investment in fixed capital": {
        "text": "17.8% (2022 est.)"
      },
      "investment in inventories": {
        "text": "0.7% (2022 est.)"
      },
      "exports of goods and services": {
        "text": "48.2% (2022 est.)"
      },
      "imports of goods and services": {
        "text": "-69.3% (2022 est.)"
      },
      "note": "<b>note:</b> figures may not total 100% due to rounding or gaps in data collection"
    },
    "Agricultural products": {
      "text": "sugarcane, cassava, taro, vegetables, chicken, coconuts, eggs, ginger, milk, sweet potatoes (2023)",
      "note": "<b>note:</b> top ten agricultural products based on tonnage"
    },
    "Industries": {
      "text": "tourism, sugar processing, clothing, copra, gold, silver, lumber"
    },
    "Industrial production growth rate": {
      "text": "-4.86% (2023 est.)",
      "note": "<b>note:</b> annual % change in industrial value added based on constant local currency"
    },
    "Labor force": {
      "text": "387,800 (2024 est.)",
      "note": "<b>note:</b> number of people ages 15 or older who are employed or seeking work"
    },
    "Unemployment rate": {
      "Unemployment rate 2024": {
        "text": "4.3% (2024 est.)"
      },
      "Unemployment rate 2023": {
        "text": "4.3% (2023 est.)"
      },
      "Unemployment rate 2022": {
        "text": "4.4% (2022 est.)"
      },
      "note": "<b>note:</b> % of labor force seeking employment"
    },
    "Youth unemployment rate (ages 15-24)": {
      "total": {
        "text": "15.5% (2024 est.)"
      },
      "male": {
        "text": "11.8% (2024 est.)"
      },
      "female": {
        "text": "22.5% (2024 est.)"
      },
      "note": "<b>note:</b> % of labor force ages 15-24 seeking employment"
    },
    "Population below poverty line": {
      "text": "24.1% (2019 est.)",
      "note": "<b>note:</b> % of population with income below national poverty line"
    },
    "Gini Index coefficient - distribution of family income": {
      "Gini Index coefficient - distribution of family income 2019": {
        "text": "30.7 (2019 est.)"
      },
      "note": "<b>note:</b> index (0-100) of income distribution; higher values represent greater inequality"
    },
    "Household income or consumption by percentage share": {
      "lowest 10%": {
        "text": "3.5% (2019 est.)"
      },
      "highest 10%": {
        "text": "24.2% (2019 est.)"
      },
      "note": "<b>note:</b> % share of income accruing to lowest and highest 10% of population"
    },
    "Remittances": {
      "Remittances 2023": {
        "text": "9.19% of GDP (2023 est.)"
      },
      "Remittances 2022": {
        "text": "9.23% of GDP (2022 est.)"
      },
      "Remittances 2021": {
        "text": "9.14% of GDP (2021 est.)"
      },
      "note": "<b>note:</b> personal transfers and compensation between resident and non-resident individuals/households/entities"
    },
    "Budget": {
      "revenues": {
        "text": "$1.019 billion (2021 est.)"
      },
      "expenditures": {
        "text": "$1.488 billion (2021 est.)"
      },
      "note": "<b>note:</b> central government revenues and expenses (excluding grants/extrabudgetary units/social security funds) converted to US dollars at average official exchange rate for year indicated"
    },
    "Public debt": {
      "Public debt 2017": {
        "text": "48.9% of GDP (2017 est.)"
      }
    },
    "Taxes and other revenues": {
      "text": "20.7% (of GDP) (2023 est.)",
      "note": "<b>note:</b> central government tax revenue as a % of GDP"
    },
    "Current account balance": {
      "Current account balance 2022": {
        "text": "-$865.665 million (2022 est.)"
      },
      "Current account balance 2021": {
        "text": "-$686.577 million (2021 est.)"
      },
      "Current account balance 2020": {
        "text": "-$614.13 million (2020 est.)"
      },
      "note": "<b>note:</b> balance of payments - net trade and primary/secondary income in current dollars"
    },
    "Exports": {
      "Exports 2022": {
        "text": "$2.376 billion (2022 est.)"
      },
      "Exports 2021": {
        "text": "$1.171 billion (2021 est.)"
      },
      "Exports 2020": {
        "text": "$1.23 billion (2020 est.)"
      },
      "note": "<b>note:</b> balance of payments - exports of goods and services in current dollars"
    },
    "Exports - partners": {
      "text": "USA 32%, Australia 12%, Tonga 6%, NZ 6%, Samoa 4% (2023)",
      "note": "<b>note:</b> top five export partners based on percentage share of exports"
    },
    "Exports - commodities": {
      "text": "water, fish, raw sugar, refined petroleum, garments (2023)",
      "note": "<b>note:</b> top five export commodities based on value in dollars"
    },
    "Imports": {
      "Imports 2022": {
        "text": "$3.434 billion (2022 est.)"
      },
      "Imports 2021": {
        "text": "$2.344 billion (2021 est.)"
      },
      "Imports 2020": {
        "text": "$1.977 billion (2020 est.)"
      },
      "note": "<b>note:</b> balance of payments - imports of goods and services in current dollars"
    },
    "Imports - partners": {
      "text": "Singapore 25%, China 16%, Australia 15%, NZ 14%, USA 5% (2023)",
      "note": "<b>note:</b> top five import partners based on percentage share of imports"
    },
    "Imports - commodities": {
      "text": "refined petroleum, medical instruments, cars, broadcasting equipment, plastics (2023)",
      "note": "<b>note:</b> top five import commodities based on value in dollars"
    },
    "Reserves of foreign exchange and gold": {
      "Reserves of foreign exchange and gold 2024": {
        "text": "$1.597 billion (2024 est.)"
      },
      "Reserves of foreign exchange and gold 2023": {
        "text": "$1.548 billion (2023 est.)"
      },
      "Reserves of foreign exchange and gold 2022": {
        "text": "$1.557 billion (2022 est.)"
      },
      "note": "<b>note:</b> holdings of gold (year-end prices)/foreign exchange/special drawing rights in current dollars"
    },
    "Debt - external": {
      "Debt - external 2023": {
        "text": "$1.397 billion (2023 est.)"
      },
      "note": "<b>note:</b> present value of external debt in current US dollars"
    },
    "Exchange rates": {
      "Currency": {
        "text": "Fijian dollars (FJD) per US dollar -"
      },
      "Exchange rates 2024": {
        "text": "2.268 (2024 est.)"
      },
      "Exchange rates 2023": {
        "text": "2.25 (2023 est.)"
      },
      "Exchange rates 2022": {
        "text": "2.201 (2022 est.)"
      },
      "Exchange rates 2021": {
        "text": "2.071 (2021 est.)"
      },
      "Exchange rates 2020": {
        "text": "2.169 (2020 est.)"
      }
    }
  },
  "Energy": {
    "Electricity access": {
      "electrification - total population": {
        "text": "92% (2022 est.)"
      },
      "electrification - urban areas": {
        "text": "97.6%"
      },
      "electrification - rural areas": {
        "text": "86.8%"
      }
    },
    "Electricity": {
      "installed generating capacity": {
        "text": "427,000 kW (2023 est.)"
      },
      "consumption": {
        "text": "1.048 billion kWh (2023 est.)"
      },
      "transmission/distribution losses": {
        "text": "102.047 million kWh (2023 est.)"
      }
    },
    "Electricity generation sources": {
      "fossil fuels": {
        "text": "36.3% of total installed capacity (2023 est.)"
      },
      "solar": {
        "text": "1.1% of total installed capacity (2023 est.)"
      },
      "wind": {
        "text": "0.2% of total installed capacity (2023 est.)"
      },
      "hydroelectricity": {
        "text": "52.3% of total installed capacity (2023 est.)"
      },
      "biomass and waste": {
        "text": "10% of total installed capacity (2023 est.)"
      }
    },
    "Coal": {
      "consumption": {
        "text": "6 metric tons (2023 est.)"
      },
      "imports": {
        "text": "2 metric tons (2022 est.)"
      }
    },
    "Petroleum": {
      "refined petroleum consumption": {
        "text": "10,000 bbl/day (2023 est.)"
      }
    },
    "Carbon dioxide emissions": {
      "total emissions": {
        "text": "1.432 million metric tonnes of CO2 (2023 est.)"
      },
      "from coal and metallurgical coke": {
        "text": "12 metric tonnes of CO2 (2023 est.)"
      },
      "from petroleum and other liquids": {
        "text": "1.432 million metric tonnes of CO2 (2023 est.)"
      }
    },
    "Energy consumption per capita": {
      "Total energy consumption per capita 2023": {
        "text": "25.375 million Btu/person (2023 est.)"
      }
    }
  },
  "Communications": {
    "Telephones - fixed lines": {
      "total subscriptions": {
        "text": "49,000 (2021 est.)"
      },
      "subscriptions per 100 inhabitants": {
        "text": "4 (2022 est.)"
      }
    },
    "Telephones - mobile cellular": {
      "total subscriptions": {
        "text": "992,000 (2021 est.)"
      },
      "subscriptions per 100 inhabitants": {
        "text": "107 (2021 est.)"
      }
    },
    "Broadcast media": {
      "text": "Fiji TV, a publicly traded company, operates a free-to-air channel; Digicel Fiji operates the Sky Fiji and Sky Pacific multi-channel pay-TV services; state-owned commercial company, Fiji Broadcasting Corporation, Ltd, operates 6 radio stations, including 2 public broadcasters and 4 commercial broadcasters with multiple repeaters; 5 radio stations with repeaters operated by Communications Fiji, Ltd; transmissions of multiple international broadcasters are available"
    },
    "Internet country code": {
      "text": ".fj"
    },
    "Internet users": {
      "percent of population": {
        "text": "79% (2023 est.)"
      }
    },
    "Broadband - fixed subscriptions": {
      "total": {
        "text": "23,000 (2022 est.)"
      },
      "subscriptions per 100 inhabitants": {
        "text": "3 (2022 est.)"
      }
    }
  },
  "Transportation": {
    "Civil aircraft registration country code prefix": {
      "text": "DQ"
    },
    "Airports": {
      "text": "26 (2025)"
    },
    "Heliports": {
      "text": "2 (2025)"
    },
    "Railways": {
      "total": {
        "text": "597 km (2008)"
      },
      "narrow gauge": {
        "text": "597 km (2008) 0.600-m gauge"
      },
      "note": "<strong>note:</strong> belongs to the government-owned Fiji Sugar Corporation; used to haul sugarcane during the harvest season, which runs from May to December"
    },
    "Merchant marine": {
      "total": {
        "text": "74 (2023)"
      },
      "by type": {
        "text": "general cargo 21, oil tanker 4, other 49"
      }
    },
    "Ports": {
      "total ports": {
        "text": "5 (2024)"
      },
      "large": {
        "text": "0"
      },
      "medium": {
        "text": "0"
      },
      "small": {
        "text": "2"
      },
      "very small": {
        "text": "3"
      },
      "ports with oil terminals": {
        "text": "4"
      },
      "key ports": {
        "text": "Lautoka Harbor, Levuka, Malai, Savusavu Bay, Suva Harbor"
      }
    }
  },
  "Military and Security": {
    "Military and security forces": {
      "text": "Republic of Fiji Military Forces (RFMF): Land Force, Republic of Fiji Navy (2025)"
    },
    "Military expenditures": {
      "Military Expenditures 2024": {
        "text": "1.4% of GDP (2024 est.)"
      },
      "Military Expenditures 2023": {
        "text": "1.1% of GDP (2023 est.)"
      },
      "Military Expenditures 2022": {
        "text": "1.2% of GDP (2022 est.)"
      },
      "Military Expenditures 2021": {
        "text": "1.5% of GDP (2021 est.)"
      },
      "Military Expenditures 2020": {
        "text": "1.4% of GDP (2020 est.)"
      }
    },
    "Military and security service personnel strengths": {
      "text": "approximately 4,000 active Republic of Fiji Military Forces (2025)"
    },
    "Military equipment inventories and acquisitions": {
      "text": "the RFMF is lightly armed and equipped; Australia has provided patrol boats and a few armored personnel carriers; it also provides logistical support for RFMF regional or UN operations; in recent years, China and the US have provided small amounts of equipment&nbsp; (2024)"
    },
    "Military service age and obligation": {
      "text": "18-25 years of age for voluntary military service for men and women (2024)",
      "note": "<strong>note:</strong> as of 2024, women comprised approximately 8% of the Fiji Military Forces"
    },
    "Military deployments": {
      "text": "170 Egypt (MFO); 160 Iraq (UNAMI); 150 Golan Heights (UNDOF) (2024)"
    },
    "Military - note": {
      "text": "the Fiji Military Forces (RFMF) are responsible for external security but can be assigned some domestic security responsibilities in specific circumstances; the RFMF has a history of intervening in the country’s politics, and it continues to have significant political power; it also has a tradition of participating in UN peacekeeping operations, which have offered experience and a source of financial support; Fiji has sent troops on nearly 20 such missions since first deploying personnel to South Lebanon in 1978<br><br>Fiji has a \"shiprider\" agreement with the US, which allows local maritime law enforcement officers to embark on US Coast Guard (USCG) and US Navy (USN) vessels, including to board and search vessels suspected of violating laws or regulations within Fiji's designated exclusive economic zone (EEZ) or on the high seas; \"shiprider\" agreements also enable USCG personnel and USN vessels with embarked USCG law enforcement personnel to work with host nations to protect critical regional resources (2025)"
    }
  },
  "Transnational Issues": {
    "Trafficking in persons": {
      "tier rating": {
        "text": "Tier 2 Watch List — the government did not demonstrate overall increasing efforts to eliminate trafficking compared with the previous reporting period, therefore Fiji was downgraded to Tier 2 Watch List; for more details, go to:  https://www.state.gov/reports/2024-trafficking-in-persons-report/fiji/"
      }
    }
  }
}