{
  "Introduction": {
    "Background": {
      "text": "<p>Polynesians settled New Zealand between the late 1200s and the mid-1300s. They called the land Aotearoa, which legend holds is the name of the canoe that Kupe, the first Polynesian in New Zealand, used to sail to the country; the name Aotearoa is now in widespread use as the local Maori name for the country. By the 1500s, competition for land and resources led to intermittent fighting between different Maori tribes as large game became extinct. Dutch explorer Abel TASMAN was the first European to see the islands in 1642 but left after an encounter with local Maori. British sea captain James COOK arrived in 1769, followed by whalers, sealers, and traders. The UK only nominally claimed New Zealand and included it as part of New South Wales in Australia. Concerns about increasing lawlessness led the UK to appoint its first British Resident in New Zealand in 1832, although the position had few legal powers. In 1835, some Maori tribes from the North Island declared independence. Fearing an impending French settlement and takeover, the majority of Maori chiefs signed the Treaty of Waitangi with the British in 1840. Land tenure issues stemming from the treaty are still being actively negotiated in New Zealand.<br><br>The UK declared New Zealand a separate colony in 1841 and granted limited self-government in 1852. Different traditions of authority and land use led to a series of wars between Europeans and various Maori tribes from the 1840s to the 1870s. Along with disease, these conflicts halved the Maori population. In the 1890s, New Zealand initially expressed interest in joining independence talks with Australia but ultimately opted against it and changed its status to an independent dominion in 1907. New Zealand provided more than 100,000 troops during each World War, many of whom fought as part of the Australia and New Zealand Army Corps (ANZAC). New Zealand reaffirmed its independence in 1947 and signed the Australia, New Zealand, and US (ANZUS) Treaty in 1951. <br><br>Beginning in 1984, New Zealand began to adopt nuclear-free policies, contributing to a dispute with the US over naval ship visits that led the US to suspend its defense obligations to New Zealand in 1986, but bilateral relations and military ties have been revitalized since the 2010s with new security agreements. A key challenge for Auckland that has emerged over the past decade is balancing concerns over China’s growing influence in the Pacific region with its role as New Zealand's largest export destination. New Zealand has close ties with Australia based to a large extent on the two nations’ common origins as British colonies and their shared military history.</p>"
    }
  },
  "Geography": {
    "Location": {
      "text": "Oceania, islands in the South Pacific Ocean, southeast of Australia"
    },
    "Geographic coordinates": {
      "text": "41 00 S, 174 00 E"
    },
    "Map references": {
      "text": "Oceania"
    },
    "Area": {
      "total ": {
        "text": "268,838 sq km"
      },
      "land": {
        "text": "264,537 sq km"
      },
      "water": {
        "text": "4,301 sq km"
      },
      "note": "<strong>note:</strong> includes Antipodes Islands, Auckland Islands, Bounty Islands, Campbell Island, Chatham Islands, and Kermadec Islands"
    },
    "Area - comparative": {
      "text": "almost twice the size of North Carolina; about the size of Colorado"
    },
    "Land boundaries": {
      "total": {
        "text": "0 km"
      }
    },
    "Coastline": {
      "text": "15,134 km"
    },
    "Maritime claims": {
      "territorial sea": {
        "text": "12 nm"
      },
      "contiguous zone": {
        "text": "24 nm"
      },
      "exclusive economic zone": {
        "text": "200 nm"
      },
      "continental shelf": {
        "text": "200 nm or to the edge of the continental margin"
      }
    },
    "Climate": {
      "text": "temperate with sharp regional contrasts"
    },
    "Terrain": {
      "text": "predominately mountainous with large coastal plains"
    },
    "Elevation": {
      "highest point": {
        "text": "Aoraki/Mount Cook 3,724 m; note - the mountain's height was 3,764 m until 14 December 1991 when it lost about 10 m in an avalanche of rock and ice; erosion of the ice cap since then has brought the height down another 30 m"
      },
      "lowest point": {
        "text": "Pacific Ocean 0 m"
      },
      "mean elevation": {
        "text": "388 m"
      }
    },
    "Natural resources": {
      "text": "natural gas, iron ore, sand, coal, timber, hydropower, gold, limestone"
    },
    "Land use": {
      "agricultural land": {
        "text": "37% (2022 est.)"
      },
      "agricultural land: arable land": {
        "text": "arable land: 2% (2022 est.)"
      },
      "agricultural land: permanent crops": {
        "text": "permanent crops: 0.3% (2022 est.)"
      },
      "agricultural land: permanent pasture": {
        "text": "permanent pasture: 34.7% (2022 est.)"
      },
      "forest": {
        "text": "37.7% (2022 est.)"
      },
      "other": {
        "text": "25.3% (2022 est.)"
      }
    },
    "Irrigated land": {
      "text": "7,000 sq km (2014)"
    },
    "Major lakes (area sq km)": {
      "fresh water lake(s)": {
        "text": "Lake Taupo - 610 sq km"
      }
    },
    "Population distribution": {
      "text": "over three quarters of New Zealanders, including the Maori, live on the North Island, primarily in urban areas"
    },
    "Natural hazards": {
      "text": "<p>earthquakes are common, though usually not severe; volcanic activity</p><p><strong>volcanism:</strong> significant volcanism on North Island; Ruapehu (2,797 m), which last erupted in 2007, has a history of large eruptions in the past century; Taranaki has the potential to produce dangerous avalanches and lahars; other historically active volcanoes include Okataina, Raoul Island, Tongariro, and White Island; see note 2 under \"Geography - note\"</p>"
    },
    "Geography - note": {
      "text": "<p><strong>note 1:</strong> consists of two main islands and a number of smaller islands; South Island, the larger main island, is the 12th largest island in the world and is divided along its length by the Southern Alps; North Island is the 14th largest island in the world and is not as mountainous, but it is marked by volcanism</p> <p><strong>note 2:</strong> New Zealand lies along the Ring of Fire, a belt of active volcanoes and earthquake epicenters bordering the Pacific Ocean; up to 90% of the world's earthquakes and some 75% of the world's volcanoes occur within the Ring of Fire</p> <p><strong>note 3:</strong> almost 90% of the population lives in cities and over three-quarters on North Island; Wellington is the southernmost national capital in the world</p>"
    }
  },
  "People and Society": {
    "Population": {
      "total": {
        "text": "5,161,211 (2024 est.)"
      },
      "male": {
        "text": "2,584,607"
      },
      "female": {
        "text": "2,576,604"
      }
    },
    "Nationality": {
      "noun": {
        "text": "New Zealander(s)"
      },
      "adjective": {
        "text": "New Zealand"
      }
    },
    "Ethnic groups": {
      "text": "European 64.1%, Maori 16.5%, Chinese 4.9%, Indian 4.7%, Samoan 3.9%, Tongan 1.8%, Cook Islands Maori 1.7%, English 1.5%, Filipino 1.5%, New Zealander 1%, other 13.7% (2018 est.)",
      "note": "<strong>note:</strong> based on the 2018 census of the usually resident population; percentages add up to more than 100% because respondents were able to identify more than one ethnic group"
    },
    "Languages": {
      "text": "English (de facto official) 95.4%, Maori (de jure official) 4%, Samoan 2.2%, Northern Chinese 2%, Hindi 1.5%, French 1.2%, Yue 1.1%, New Zealand Sign Language (de jure official) 0.5%, other or not stated 17.2% (2018 est.)",
      "note": "<strong>note:</strong> shares sum to 124.1% due to multiple responses on the 2018 census"
    },
    "Religions": {
      "text": "Christian 37.3% (Catholic 10.1%, Anglican 6.8%, Presbyterian and Congregational 5.2%, Pentecostal 1.8%, Methodist 1.6%, Church of Jesus Christ 1.2%, other 10.7%), Hindu 2.7%, Maori 1.3%, Muslim, 1.3%, Buddhist 1.1%, other religion 1.6% (includes Judaism, Spiritualism and New Age religions, Baha'i, Asian religions other than Buddhism), no religion 48.6%, objected to answering 6.7% (2018 est.)",
      "note": "<strong>note:</strong> based on the 2018 census of the usually resident population; percentages add up to more than 100% because respondents were able to identify more than one religion"
    },
    "Age structure": {
      "0-14 years": {
        "text": "19% (male 503,120/female 475,490)"
      },
      "15-64 years": {
        "text": "64.2% (male 1,674,407/female 1,638,276)"
      },
      "65 years and over": {
        "text": "16.9% (2024 est.) (male 407,080/female 462,838)"
      }
    },
    "Dependency ratios": {
      "total dependency ratio": {
        "text": "55.8 (2024 est.)"
      },
      "youth dependency ratio": {
        "text": "29.5 (2024 est.)"
      },
      "elderly dependency ratio": {
        "text": "26.3 (2024 est.)"
      },
      "potential support ratio": {
        "text": "3.8 (2024 est.)"
      }
    },
    "Median age": {
      "total": {
        "text": "37.9 years (2024 est.)"
      },
      "male": {
        "text": "37.2 years"
      },
      "female": {
        "text": "38.6 years"
      }
    },
    "Population growth rate": {
      "text": "0.95% (2024 est.)"
    },
    "Birth rate": {
      "text": "12.6 births/1,000 population (2024 est.)"
    },
    "Death rate": {
      "text": "6.9 deaths/1,000 population (2024 est.)"
    },
    "Net migration rate": {
      "text": "3.8 migrant(s)/1,000 population (2024 est.)"
    },
    "Population distribution": {
      "text": "over three quarters of New Zealanders, including the Maori, live on the North Island, primarily in urban areas"
    },
    "Urbanization": {
      "urban population": {
        "text": "87% of total population (2023)"
      },
      "rate of urbanization": {
        "text": "0.92% annual rate of change (2020-25 est.)"
      }
    },
    "Major urban areas - population": {
      "text": "1.673 million Auckland, 422,000 WELLINGTON (capital) (2023)"
    },
    "Sex ratio": {
      "at birth": {
        "text": "1.05 male(s)/female"
      },
      "0-14 years": {
        "text": "1.06 male(s)/female"
      },
      "15-64 years": {
        "text": "1.02 male(s)/female"
      },
      "65 years and over": {
        "text": "0.88 male(s)/female"
      },
      "total population": {
        "text": "1 male(s)/female (2024 est.)"
      }
    },
    "Mother's mean age at first birth": {
      "text": "27.8 years"
    },
    "Maternal mortality ratio": {
      "text": "7 deaths/100,000 live births (2020 est.)"
    },
    "Infant mortality rate": {
      "total": {
        "text": "3.3 deaths/1,000 live births (2024 est.)"
      },
      "male": {
        "text": "3.5 deaths/1,000 live births"
      },
      "female": {
        "text": "3.1 deaths/1,000 live births"
      }
    },
    "Life expectancy at birth": {
      "total population": {
        "text": "82.9 years (2024 est.)"
      },
      "male": {
        "text": "81.2 years"
      },
      "female": {
        "text": "84.8 years"
      }
    },
    "Total fertility rate": {
      "text": "1.85 children born/woman (2024 est.)"
    },
    "Gross reproduction rate": {
      "text": "0.9 (2024 est.)"
    },
    "Contraceptive prevalence rate": {
      "text": "79.9% (2014/15)",
      "note": "<strong>note:</strong> percent of women aged 16-49"
    },
    "Drinking water source": {
      "improved: urban": {
        "text": "urban: 100% of population"
      },
      "improved: rural": {
        "text": "rural: 100% of population"
      },
      "improved: total": {
        "text": "total: 100% of population"
      },
      "unimproved: urban": {
        "text": "urban: 0% of population"
      },
      "unimproved: rural": {
        "text": "rural: 0% of population"
      },
      "unimproved: total": {
        "text": "total: 0% of population (2020 est.)"
      }
    },
    "Health expenditure": {
      "Health expenditure (as % of GDP)": {
        "text": "10% of GDP (2021)"
      },
      "Health expenditure (as % of national budget)": {
        "text": "19.8% of national budget (2022 est.)"
      }
    },
    "Physician density": {
      "text": "3.61 physicians/1,000 population (2022)"
    },
    "Hospital bed density": {
      "text": "2.7 beds/1,000 population (2021 est.)"
    },
    "Sanitation facility access": {
      "improved: urban": {
        "text": "urban: 100% of population"
      },
      "improved: rural": {
        "text": "rural: 100% of population"
      },
      "improved: total": {
        "text": "total: 100% of population"
      },
      "unimproved: urban": {
        "text": "urban: 0% of population"
      },
      "unimproved: rural": {
        "text": "rural: 0% of population"
      },
      "unimproved: total": {
        "text": "total: 0% of population (2020)"
      }
    },
    "Obesity - adult prevalence rate": {
      "text": "30.8% (2016)"
    },
    "Alcohol consumption per capita": {
      "total": {
        "text": "9.17 liters of pure alcohol (2019 est.)"
      },
      "beer": {
        "text": "3.41 liters of pure alcohol (2019 est.)"
      },
      "wine": {
        "text": "2.88 liters of pure alcohol (2019 est.)"
      },
      "spirits": {
        "text": "1.62 liters of pure alcohol (2019 est.)"
      },
      "other alcohols": {
        "text": "1.26 liters of pure alcohol (2019 est.)"
      }
    },
    "Tobacco use": {
      "total": {
        "text": "10% (2025 est.)"
      },
      "male": {
        "text": "11.2% (2025 est.)"
      },
      "female": {
        "text": "8.9% (2025 est.)"
      }
    },
    "Currently married women (ages 15-49)": {
      "text": "57.6% (2023 est.)"
    },
    "Education expenditure": {
      "Education expenditure (% GDP)": {
        "text": "5.2% of GDP (2022 est.)"
      },
      "Education expenditure (% national budget)": {
        "text": "13.1% national budget (2022 est.)"
      }
    },
    "Literacy": {
      "total population": {
        "text": "NA"
      },
      "male": {
        "text": "NA"
      },
      "female": {
        "text": "NA"
      }
    },
    "School life expectancy (primary to tertiary education)": {
      "total": {
        "text": "20 years"
      },
      "male": {
        "text": "20 years"
      },
      "female": {
        "text": "21 years (2020)"
      }
    }
  },
  "Environment": {
    "Environment - current issues": {
      "text": "water quality and availability; rapid urbanization; deforestation; soil erosion and degradation; native flora and fauna hard-hit by invasive species"
    },
    "Environment - international agreements": {
      "party to": {
        "text": "Antarctic-Environmental Protection, Antarctic-Marine Living Resources, Antarctic Treaty, Biodiversity, Climate Change, Climate Change-Kyoto Protocol, Climate Change-Paris Agreement, Comprehensive Nuclear Test Ban, Desertification, Endangered Species, Environmental Modification, Hazardous Wastes, Law of the Sea, Marine Dumping-London Convention, Marine Dumping-London Protocol, Nuclear Test Ban, Ozone Layer Protection, Ship Pollution, Tropical Timber 2006, Wetlands, Whaling"
      },
      "signed, but not ratified": {
        "text": "Antarctic Seals, Marine Life Conservation"
      }
    },
    "Climate": {
      "text": "temperate with sharp regional contrasts"
    },
    "Land use": {
      "agricultural land": {
        "text": "37% (2022 est.)"
      },
      "agricultural land: arable land": {
        "text": "arable land: 2% (2022 est.)"
      },
      "agricultural land: permanent crops": {
        "text": "permanent crops: 0.3% (2022 est.)"
      },
      "agricultural land: permanent pasture": {
        "text": "permanent pasture: 34.7% (2022 est.)"
      },
      "forest": {
        "text": "37.7% (2022 est.)"
      },
      "other": {
        "text": "25.3% (2022 est.)"
      }
    },
    "Urbanization": {
      "urban population": {
        "text": "87% of total population (2023)"
      },
      "rate of urbanization": {
        "text": "0.92% annual rate of change (2020-25 est.)"
      }
    },
    "Air pollutants": {
      "particulate matter emissions": {
        "text": "8.61 micrograms per cubic meter (2019 est.)"
      },
      "carbon dioxide emissions": {
        "text": "34.38 megatons (2016 est.)"
      },
      "methane emissions": {
        "text": "34.3 megatons (2020 est.)"
      }
    },
    "Waste and recycling": {
      "municipal solid waste generated annually": {
        "text": "3.405 million tons (2016 est.)"
      }
    },
    "Major lakes (area sq km)": {
      "fresh water lake(s)": {
        "text": "Lake Taupo - 610 sq km"
      }
    },
    "Total water withdrawal": {
      "municipal": {
        "text": "500 million cubic meters (2020 est.)"
      },
      "industrial": {
        "text": "1.18 billion cubic meters (2020 est.)"
      },
      "agricultural": {
        "text": "3.2 billion cubic meters (2020 est.)"
      }
    },
    "Total renewable water resources": {
      "text": "327 billion cubic meters (2020 est.)"
    }
  },
  "Government": {
    "Country name": {
      "conventional long form": {
        "text": "none"
      },
      "conventional short form": {
        "text": "New Zealand"
      },
      "former": {
        "text": "Nieuw Zeeland"
      },
      "abbreviation": {
        "text": "NZ"
      },
      "etymology": {
        "text": "the name is an anglicized form of the Dutch name Nieuw Zeeland, or \"New Sea Land,\" which was first used in 1643 in honor of the Dutch province of Zeeland"
      }
    },
    "Government type": {
      "text": "parliamentary democracy&nbsp;under a constitutional monarchy; a Commonwealth realm"
    },
    "Capital": {
      "name": {
        "text": "Wellington"
      },
      "geographic coordinates": {
        "text": "41 18 S, 174 47 E"
      },
      "time difference": {
        "text": "UTC+12 (17 hours ahead of Washington, DC, during Standard Time)"
      },
      "daylight saving time": {
        "text": "+1hr, begins last Sunday in September; ends first Sunday in April"
      },
      "time zone note": {
        "text": "New Zealand has two time zones: New Zealand standard time (UTC+12) and Chatham Islands time (45 minutes in advance of New Zealand standard time; UTC+12:45)"
      },
      "etymology": {
        "text": "named in 1840 after Arthur WELLESLEY, the first Duke of Wellington, who was famous for his victory at Waterloo in 1815 and was a benefactor of the New Zealand Company that settled North Island"
      }
    },
    "Administrative divisions": {
      "text": "16 regions and 1 territory*; Auckland, Bay of Plenty, Canterbury, Chatham Islands*, Gisborne, Hawke's Bay, Manawatu-Wanganui, Marlborough, Nelson, Northland, Otago, Southland, Taranaki, Tasman, Waikato, Wellington, West Coast"
    },
    "Dependent areas": {
      "text": "Tokelau (1)"
    },
    "Legal system": {
      "text": "common law system, based on English model, with special legislation and land courts for the Maori"
    },
    "Constitution": {
      "history": {
        "text": "New Zealand has no single constitution document; the Constitution Act 1986, effective 1 January 1987, includes only part of the uncodified constitution; others include a collection of statutes or \"acts of Parliament,\" the Treaty of Waitangi, Orders in Council, letters patent, court decisions, and unwritten conventions"
      },
      "amendment process": {
        "text": "proposed as bill by Parliament or by referendum called either by the government or by citizens; passage of a bill as an act normally requires two separate readings with committee reviews in between to make changes and corrections, a third reading approved by the House of Representatives membership or by the majority of votes in a referendum, and assent of the governor-general; passage of amendments to reserved constitutional provisions affecting the term of Parliament, electoral districts, and voting restrictions requires approval by 75% of the House membership or the majority of votes in a referendum"
      }
    },
    "International law organization participation": {
      "text": "accepts compulsory ICJ jurisdiction with reservations; accepts ICCt jurisdiction"
    },
    "Citizenship": {
      "citizenship by birth": {
        "text": "no"
      },
      "citizenship by descent only": {
        "text": "at least one parent must be a citizen of New Zealand"
      },
      "dual citizenship recognized": {
        "text": "yes"
      },
      "residency requirement for naturalization": {
        "text": "3 years"
      }
    },
    "Suffrage": {
      "text": "18 years of age; universal"
    },
    "Executive branch": {
      "chief of state": {
        "text": "King CHARLES III (since 8 September 2022); represented by Governor-General Dame Cindy KIRO (since 21 October 2021)"
      },
      "head of government": {
        "text": "Prime Minister Christopher LUXON (since 27 November 2023)"
      },
      "cabinet": {
        "text": "Executive Council appointed by the governor-general on the recommendation of the prime minister"
      },
      "elections/appointments": {
        "text": "the monarchy is hereditary; governor-general appointed by the monarch on the advice of the prime minister; following legislative elections, the governor-general appoints the leader of the majority party or majority coalition as prime minister; deputy prime minister also appointed by the governor-general"
      }
    },
    "Legislative branch": {
      "legislature name": {
        "text": "House of Representatives"
      },
      "legislative structure": {
        "text": "unicameral"
      },
      "number of seats": {
        "text": "120 (all directly elected)"
      },
      "electoral system": {
        "text": "mixed system"
      },
      "scope of elections": {
        "text": "full renewal"
      },
      "term in office": {
        "text": "3 years"
      },
      "most recent election date": {
        "text": "10/14/2023"
      },
      "parties elected and seats per party": {
        "text": "National Party (49); Labour Party (34); Green Party (15); ACT New Zealand (11); New Zealand First (8); Other (6)"
      },
      "percentage of women in chamber": {
        "text": "46.3%"
      },
      "expected date of next election": {
        "text": "September 2026"
      }
    },
    "Judicial branch": {
      "highest court(s)": {
        "text": "Supreme Court (consists of 5 justices, including the chief justice)"
      },
      "judge selection and term of office": {
        "text": "justices appointed by the governor-general upon the recommendation of the attorney- general; justices appointed until compulsory retirement at age 70"
      },
      "subordinate courts": {
        "text": "Court of Appeal; High Court; tribunals and authorities; district courts; specialized courts for issues related to employment, environment, family, Maori lands, youth, military; tribunals"
      }
    },
    "Political parties": {
      "text": "ACT New Zealand <br>Green Party <br>New Zealand First Party or NZ First <br>New Zealand Labor Party <br>New Zealand National Party <br>Te Pāti Māori "
    },
    "Diplomatic representation in the US": {
      "chief of mission": {
        "text": "Ambassador Rosemary&nbsp;BANKS (since 17 June 2024)"
      },
      "chancery": {
        "text": "37 Observatory Circle NW, Washington, DC 20008"
      },
      "telephone": {
        "text": "[1] (202) 328-4800"
      },
      "FAX": {
        "text": "[1] (202) 667-5277"
      },
      "email address and website": {
        "text": "<br>wshinfo@mfat.govt.nz<br><br>https://www.mfat.govt.nz/en/countries-and-regions/americas/united-states-of-america/"
      },
      "consulate(s) general": {
        "text": "Honolulu, Los Angeles, New York"
      }
    },
    "Diplomatic representation from the US": {
      "chief of mission": {
        "text": "Ambassador&nbsp;(vacant); Charg&eacute; d&rsquo;Affaires David GEHRENBECK (since January 2025); note - also accredited to Samoa"
      },
      "embassy": {
        "text": "29 Fitzherbert Terrace, Thorndon, Wellington 6011"
      },
      "mailing address": {
        "text": "4370 Auckland Place, Washington DC&nbsp; 20521-4370"
      },
      "telephone": {
        "text": "[64] (4) 462-6000"
      },
      "FAX": {
        "text": "[64] (4) 499-0490"
      },
      "email address and website": {
        "text": "<br>AucklandACS@state.gov<br><br>https://nz.usembassy.gov/"
      },
      "consulate(s) general": {
        "text": "Auckland"
      }
    },
    "International organization participation": {
      "text": "ADB, ANZUS, APEC, ARF, ASEAN (dialogue partner), Australia Group, BIS, C, CD, CP, EAS, EBRD, FAO, FATF, IAEA, IBRD, ICAO, ICC (national committees), ICCt, ICRM, IDA, IEA, IFAD, IFC, IFRCS, IHO, ILO, IMF, IMO, IMSO, Interpol, IOC, IOM, IPU, ISO, ITSO, ITU, ITUC (NGOs), MIGA, NSG, OECD, OPCW, Pacific Alliance (observer), Paris Club (associate), PCA, PIF, SICA (observer), Sparteca, SPC, UN, UNCTAD, UNESCO, UNHCR, UNIDO, UNMISS, UNOOSA, UNTSO, UPU, Wassenaar Arrangement, WCO, WFTU (NGOs), WHO, WIPO, WMO, WTO"
    },
    "Independence": {
      "text": "26 September 1907 (from the UK)"
    },
    "National holiday": {
      "text": "Waitangi Day (Treaty of Waitangi established British sovereignty over New Zealand), 6 February (1840); Anzac Day (commemorated as the anniversary of the landing of troops of the Australian and New Zealand Army Corps during World War I at Gallipoli, Turkey), 25 April (1915)"
    },
    "Flag description": {
      "text": "blue with the UK flag in the upper hoist-side quadrant, with four red five-pointed stars edged in white centered in the outer half of the flag; the stars represent the Southern Cross constellation"
    },
    "National symbol(s)": {
      "text": "Southern Cross constellation (four five-pointed stars), kiwi (bird), silver fern"
    },
    "National color(s)": {
      "text": "black, white, red (ochre)"
    },
    "National coat of arms": {
      "text": "the first quarter of the shield shows four stars that represent the Southern Cross constellation and three ships that symbolize New Zealand's sea trade; in the second quarter, a fleece represents the sheep farming industry; the wheat sheaf in the third quarter represents the agricultural industry; the crossed hammers in the fourth quarter represent mining; the Māori chieftain holds a <em>taiaha </em>(a Māori war weapon) and a European woman holds the New Zealand flag; St. Edward's crown, shown above the shield, symbolizes the British monarch"
    },
    "National anthem": {
      "name": {
        "text": "\"God Defend New Zealand\""
      },
      "lyrics/music": {
        "text": "Thomas BRACKEN [English], Thomas Henry SMITH [Maori]/John Joseph WOODS"
      },
      "note": "<strong>note:</strong> adopted 1940 as national song, adopted 1977 as co-national anthem; New Zealand has two national anthems with equal status; as a commonwealth realm, in addition to \"God Defend New Zealand,\" \"God Save the King\" serves as a royal anthem (see United Kingdom); \"God Save the King\" normally played only when a member of the royal family or the governor-general is present; in all other cases, \"God Defend New Zealand\" is played"
    },
    "National heritage": {
      "total World Heritage Sites": {
        "text": "3 (2 natural, 1 mixed)"
      },
      "selected World Heritage Site locales": {
        "text": "Te Wahipounamu – South West New Zealand (n); Tongariro National Park (m); New Zealand Sub-Antarctic Islands (n)"
      }
    }
  },
  "Economy": {
    "Economic overview": {
      "text": "<p>high-income, globally integrated Pacific island economy; strong agriculture, manufacturing, and tourism sectors; reliant on Chinese market for exports; recovery trajectory following deep post-pandemic recession; challenges of fiscal deficits, below-average productivity, cost of living, and drop in net migration</p>"
    },
    "Real GDP (purchasing power parity)": {
      "Real GDP (purchasing power parity) 2023": {
        "text": "$255.026 billion (2023 est.)"
      },
      "Real GDP (purchasing power parity) 2022": {
        "text": "$253.17 billion (2022 est.)"
      },
      "Real GDP (purchasing power parity) 2021": {
        "text": "$246.334 billion (2021 est.)"
      },
      "note": "<b>note:</b> data in 2021 dollars"
    },
    "Real GDP growth rate": {
      "Real GDP growth rate 2023": {
        "text": "0.73% (2023 est.)"
      },
      "Real GDP growth rate 2022": {
        "text": "2.77% (2022 est.)"
      },
      "Real GDP growth rate 2021": {
        "text": "4.55% (2021 est.)"
      },
      "note": "<b>note:</b> annual GDP % growth based on constant local currency"
    },
    "Real GDP per capita": {
      "Real GDP per capita 2023": {
        "text": "$48,800 (2023 est.)"
      },
      "Real GDP per capita 2022": {
        "text": "$49,500 (2022 est.)"
      },
      "Real GDP per capita 2021": {
        "text": "$48,200 (2021 est.)"
      },
      "note": "<b>note:</b> data in 2021 dollars"
    },
    "GDP (official exchange rate)": {
      "text": "$252.176 billion (2023 est.)",
      "note": "<b>note:</b> data in current dollars at official exchange rate"
    },
    "Inflation rate (consumer prices)": {
      "Inflation rate (consumer prices) 2024": {
        "text": "2.9% (2024 est.)"
      },
      "Inflation rate (consumer prices) 2023": {
        "text": "5.7% (2023 est.)"
      },
      "Inflation rate (consumer prices) 2022": {
        "text": "7.2% (2022 est.)"
      },
      "note": "<b>note:</b> annual % change based on consumer prices"
    },
    "GDP - composition, by sector of origin": {
      "agriculture": {
        "text": "5.8% (2021 est.)"
      },
      "industry": {
        "text": "19% (2021 est.)"
      },
      "services": {
        "text": "67.1% (2021 est.)"
      },
      "note": "<b>note:</b> figures may not total 100% due to non-allocated consumption not captured in sector-reported data"
    },
    "GDP - composition, by end use": {
      "household consumption": {
        "text": "58.2% (2022 est.)"
      },
      "government consumption": {
        "text": "21.1% (2022 est.)"
      },
      "investment in fixed capital": {
        "text": "24.6% (2023 est.)"
      },
      "investment in inventories": {
        "text": "-1.1% (2023 est.)"
      },
      "exports of goods and services": {
        "text": "24.1% (2023 est.)"
      },
      "imports of goods and services": {
        "text": "-26.9% (2023 est.)"
      },
      "note": "<b>note:</b> figures may not total 100% due to rounding or gaps in data collection"
    },
    "Agricultural products": {
      "text": "milk, beef, kiwifruit, apples, grapes, lamb/mutton, potatoes, wheat, barley, chicken (2023)",
      "note": "<b>note:</b> top ten agricultural products based on tonnage"
    },
    "Industries": {
      "text": "agriculture, forestry, fishing, logs and wood articles, manufacturing, mining, construction, financial services, real estate services, tourism"
    },
    "Industrial production growth rate": {
      "text": "-2.56% (2022 est.)",
      "note": "<b>note:</b> annual % change in industrial value added based on constant local currency"
    },
    "Labor force": {
      "text": "3.079 million (2024 est.)",
      "note": "<b>note:</b> number of people ages 15 or older who are employed or seeking work"
    },
    "Unemployment rate": {
      "Unemployment rate 2024": {
        "text": "4.9% (2024 est.)"
      },
      "Unemployment rate 2023": {
        "text": "3.7% (2023 est.)"
      },
      "Unemployment rate 2022": {
        "text": "3.3% (2022 est.)"
      },
      "note": "<b>note:</b> % of labor force seeking employment"
    },
    "Youth unemployment rate (ages 15-24)": {
      "total": {
        "text": "14.3% (2024 est.)"
      },
      "male": {
        "text": "14.6% (2024 est.)"
      },
      "female": {
        "text": "14% (2024 est.)"
      },
      "note": "<b>note:</b> % of labor force ages 15-24 seeking employment"
    },
    "Average household expenditures": {
      "on food": {
        "text": "12.8% of household expenditures (2023 est.)"
      },
      "on alcohol and tobacco": {
        "text": "4.7% of household expenditures (2023 est.)"
      }
    },
    "Remittances": {
      "Remittances 2023": {
        "text": "0.32% of GDP (2023 est.)"
      },
      "Remittances 2022": {
        "text": "0.23% of GDP (2022 est.)"
      },
      "Remittances 2021": {
        "text": "0.26% of GDP (2021 est.)"
      },
      "note": "<b>note:</b> personal transfers and compensation between resident and non-resident individuals/households/entities"
    },
    "Budget": {
      "revenues": {
        "text": "$83.157 billion (2022 est.)"
      },
      "expenditures": {
        "text": "$88.64 billion (2022 est.)"
      },
      "note": "<b>note:</b> central government revenues (excluding grants) and expenses converted to US dollars at average official exchange rate for year indicated"
    },
    "Public debt": {
      "Public debt 2022": {
        "text": "54.6% of GDP (2022 est.)"
      },
      "note": "<b>note:</b> central government debt as a % of GDP"
    },
    "Taxes and other revenues": {
      "text": "29.9% (of GDP) (2022 est.)",
      "note": "<b>note:</b> central government tax revenue as a % of GDP"
    },
    "Current account balance": {
      "Current account balance 2023": {
        "text": "-$17.065 billion (2023 est.)"
      },
      "Current account balance 2022": {
        "text": "-$21.627 billion (2022 est.)"
      },
      "Current account balance 2021": {
        "text": "-$14.804 billion (2021 est.)"
      },
      "note": "<b>note:</b> balance of payments - net trade and primary/secondary income in current dollars"
    },
    "Exports": {
      "Exports 2023": {
        "text": "$59.029 billion (2023 est.)"
      },
      "Exports 2022": {
        "text": "$57.485 billion (2022 est.)"
      },
      "Exports 2021": {
        "text": "$54.923 billion (2021 est.)"
      },
      "note": "<b>note:</b> balance of payments - exports of goods and services in current dollars"
    },
    "Exports - partners": {
      "text": "China 28%, USA 12%, Australia 12%, Japan 6%, S. Korea 3% (2023)",
      "note": "<b>note:</b> top five export partners based on percentage share of exports"
    },
    "Exports - commodities": {
      "text": "milk, wood, beef, butter, sheep and goat meat (2023)",
      "note": "<b>note:</b> top five export commodities based on value in dollars"
    },
    "Imports": {
      "Imports 2023": {
        "text": "$68.412 billion (2023 est.)"
      },
      "Imports 2022": {
        "text": "$71.35 billion (2022 est.)"
      },
      "Imports 2021": {
        "text": "$62.984 billion (2021 est.)"
      },
      "note": "<b>note:</b> balance of payments - imports of goods and services in current dollars"
    },
    "Imports - partners": {
      "text": "China 20%, Australia 11%, USA 9%, S. Korea 7%, Japan 7% (2023)",
      "note": "<b>note:</b> top five import partners based on percentage share of imports"
    },
    "Imports - commodities": {
      "text": "refined petroleum, cars, gas turbines, broadcasting equipment, trucks (2023)",
      "note": "<b>note:</b> top five import commodities based on value in dollars"
    },
    "Reserves of foreign exchange and gold": {
      "Reserves of foreign exchange and gold 2024": {
        "text": "$22.065 billion (2024 est.)"
      },
      "Reserves of foreign exchange and gold 2023": {
        "text": "$15.487 billion (2023 est.)"
      },
      "Reserves of foreign exchange and gold 2022": {
        "text": "$14.4 billion (2022 est.)"
      },
      "note": "<b>note:</b> holdings of gold (year-end prices)/foreign exchange/special drawing rights in current dollars"
    },
    "Exchange rates": {
      "Currency": {
        "text": "New Zealand dollars (NZD) per US dollar -"
      },
      "Exchange rates 2024": {
        "text": "1.652 (2024 est.)"
      },
      "Exchange rates 2023": {
        "text": "1.628 (2023 est.)"
      },
      "Exchange rates 2022": {
        "text": "1.577 (2022 est.)"
      },
      "Exchange rates 2021": {
        "text": "1.414 (2021 est.)"
      },
      "Exchange rates 2020": {
        "text": "1.542 (2020 est.)"
      }
    }
  },
  "Energy": {
    "Electricity access": {
      "electrification - total population": {
        "text": "100% (2022 est.)"
      }
    },
    "Electricity": {
      "installed generating capacity": {
        "text": "10.643 million kW (2023 est.)"
      },
      "consumption": {
        "text": "40.794 billion kWh (2023 est.)"
      },
      "transmission/distribution losses": {
        "text": "3.058 billion kWh (2023 est.)"
      }
    },
    "Electricity generation sources": {
      "fossil fuels": {
        "text": "12.4% of total installed capacity (2023 est.)"
      },
      "solar": {
        "text": "0.8% of total installed capacity (2023 est.)"
      },
      "wind": {
        "text": "8% of total installed capacity (2023 est.)"
      },
      "hydroelectricity": {
        "text": "59.7% of total installed capacity (2023 est.)"
      },
      "geothermal": {
        "text": "17.6% of total installed capacity (2023 est.)"
      },
      "biomass and waste": {
        "text": "1.5% of total installed capacity (2023 est.)"
      }
    },
    "Coal": {
      "production": {
        "text": "3.011 million metric tons (2023 est.)"
      },
      "consumption": {
        "text": "2.696 million metric tons (2023 est.)"
      },
      "exports": {
        "text": "906,000 metric tons (2023 est.)"
      },
      "imports": {
        "text": "283,000 metric tons (2023 est.)"
      },
      "proven reserves": {
        "text": "6.75 billion metric tons (2023 est.)"
      }
    },
    "Petroleum": {
      "total petroleum production": {
        "text": "12,000 bbl/day (2023 est.)"
      },
      "refined petroleum consumption": {
        "text": "154,000 bbl/day (2024 est.)"
      },
      "crude oil estimated reserves": {
        "text": "40.993 million barrels (2021 est.)"
      }
    },
    "Natural gas": {
      "production": {
        "text": "3.97 billion cubic meters (2023 est.)"
      },
      "consumption": {
        "text": "3.891 billion cubic meters (2023 est.)"
      },
      "proven reserves": {
        "text": "31.149 billion cubic meters (2021 est.)"
      }
    },
    "Carbon dioxide emissions": {
      "total emissions": {
        "text": "33.506 million metric tonnes of CO2 (2023 est.)"
      },
      "from coal and metallurgical coke": {
        "text": "4.24 million metric tonnes of CO2 (2023 est.)"
      },
      "from petroleum and other liquids": {
        "text": "21.836 million metric tonnes of CO2 (2023 est.)"
      },
      "from consumed natural gas": {
        "text": "7.43 million metric tonnes of CO2 (2023 est.)"
      }
    },
    "Energy consumption per capita": {
      "Total energy consumption per capita 2023": {
        "text": "121.647 million Btu/person (2023 est.)"
      }
    }
  },
  "Communications": {
    "Telephones - fixed lines": {
      "total subscriptions": {
        "text": "660,000 (2023 est.)"
      },
      "subscriptions per 100 inhabitants": {
        "text": "13 (2023 est.)"
      }
    },
    "Telephones - mobile cellular": {
      "total subscriptions": {
        "text": "6.56 million (2023 est.)"
      },
      "subscriptions per 100 inhabitants": {
        "text": "115 (2022 est.)"
      }
    },
    "Broadcast media": {
      "text": "state-owned Television New Zealand operates multiple TV networks; state-owned Radio New Zealand operates 3 radio networks and an external shortwave radio service to the South Pacific region; a small number of national commercial TV and radio stations and many regional commercial TV and radio stations are available; cable and satellite TV systems are available (2019)"
    },
    "Internet country code": {
      "text": ".nz"
    },
    "Internet users": {
      "percent of population": {
        "text": "96% (2023 est.)"
      }
    },
    "Broadband - fixed subscriptions": {
      "total": {
        "text": "1.93 million (2023 est.)"
      },
      "subscriptions per 100 inhabitants": {
        "text": "37 (2023 est.)"
      }
    }
  },
  "Transportation": {
    "Civil aircraft registration country code prefix": {
      "text": "ZK"
    },
    "Airports": {
      "text": "206 (2025)"
    },
    "Heliports": {
      "text": "62 (2025)"
    },
    "Railways": {
      "total": {
        "text": "4,128 km (2018)"
      },
      "narrow gauge": {
        "text": "4,128 km (2018) 1.067-m gauge (506 km electrified)"
      }
    },
    "Merchant marine": {
      "total": {
        "text": "117 (2023)"
      },
      "by type": {
        "text": "container ship 2, general cargo 12, oil tanker 3, other 100"
      }
    },
    "Ports": {
      "total ports": {
        "text": "22 (2024)"
      },
      "large": {
        "text": "2"
      },
      "medium": {
        "text": "1"
      },
      "small": {
        "text": "10"
      },
      "very small": {
        "text": "9"
      },
      "ports with oil terminals": {
        "text": "14"
      },
      "key ports": {
        "text": "Auckland, Bluff Harbor, Gisborne, Manukau Harbor, Napier, Nelson, New Plymouth, Otago Harbor, Picton, Tauranga, Timaru, Wellington, Whangarei"
      }
    }
  },
  "Military and Security": {
    "Military and security forces": {
      "text": "New Zealand Defense Force (NZDF): New Zealand Army, Royal New Zealand Navy, Royal New Zealand Air Force (2025)",
      "note": "<strong>note: </strong>the New Zealand Police, under the Minister of Police, are responsible for internal security"
    },
    "Military expenditures": {
      "Military Expenditures 2024": {
        "text": "1.2% of GDP (2024 est.)"
      },
      "Military Expenditures 2023": {
        "text": "1.3% of GDP (2023 est.)"
      },
      "Military Expenditures 2022": {
        "text": "1.3% of GDP (2022 est.)"
      },
      "Military Expenditures 2021": {
        "text": "1.3% of GDP (2021 est.)"
      },
      "Military Expenditures 2020": {
        "text": "1.5% of GDP (2020 est.)"
      }
    },
    "Military and security service personnel strengths": {
      "text": "approximately 8,800 active (Regular Force) New Zealand Defense Forces (4,300 Army; 2,100 Navy; 2,400 Air Force) (2025)",
      "note": "<strong>note:</strong> the total NZDF complement is about 15,300 including the Regular Force, Reserves, and civilians"
    },
    "Military equipment inventories and acquisitions": {
      "text": "the NZDF's inventory is comprised of domestically produced and Western-supplied weapons and equipment, including from Australia, Canada, the US, and the UK (2025)"
    },
    "Military service age and obligation": {
      "text": "17 years of age for voluntary military service for men and women; soldiers cannot be deployed until the age of 18; no conscription (2025)",
      "note": "<strong>note: </strong>New Zealand opened up all military occupations to women in 2000; as of 2024, women accounted for about 20% of Regular Force personnel"
    },
    "Military deployments": {
      "text": "small numbers of NZ military personnel are deployed on a variety of international missions in Africa, Antarctica, the Asia-Pacific region, and the Middle East (2025)"
    },
    "Military - note": {
      "text": "the NZDF is a small military with considerable overseas experience; it supports the country’s national security objectives by protecting New Zealand’s sovereignty, promoting its interests, safeguarding peace and security, and conducting peacekeeping, humanitarian, and other international missions<br><br>New Zealand is a member of the Five Powers Defense Arrangements (FPDA), a series of mutual assistance agreements reached in 1971 embracing Australia, Malaysia, New Zealand, Singapore, and the UK; the FPDA commits the members to consult with one another in the event or threat of an armed attack on any of the members and to mutually decide what measures should be taken, jointly or separately; there is no specific obligation to intervene militarily <br><br>New Zealand has been part of the Australia, New Zealand, and US Security (ANZUS) Treaty since 1951; however, the US suspended its ANZUS security obligations to New Zealand in 1986 after New Zealand implemented a policy barring nuclear-armed and nuclear-powered warships from its ports; the US and New Zealand signed the Wellington Declaration in 2010, which reaffirmed close ties between the two countries, and in 2012 signed the Washington Declaration, which provided a framework for future security cooperation and defense dialogues; in 2016, a US naval ship conducted the first bilateral warship visit to New Zealand since the 1980s; New Zealand has Major Non-NATO Ally (MNNA) status with the US, a designation under US law that provides foreign partners with certain benefits in the areas of defense trade and security cooperation (2025)"
    }
  },
  "Space": {
    "Space agency/agencies": {
      "text": "New Zealand Space Agency (NZSA; established 2016 under the Ministry of Business, Innovation, and Employment); Center for Space Science and Technology (CSST; established 2017) (2024)"
    },
    "Space launch site(s)": {
      "text": "Mahia Peninsula Launch Complex (Hawke's Bay) (2024)"
    },
    "Space program overview": {
      "text": "the New Zealand space sector model is mostly based on commercial space; NZSA and CSST primarily focus on developing space policy and strategy, bringing commercial space talent to New Zealand, and encouraging the commercial development of space technologies, particularly satellites and satellite/space launch vehicles (SLV); manufactures and launches satellites; builds and launches commercial SLVs; researches and develops a range of other space-related technologies, including propulsion systems; has a national space strategy; participates in international space programs and partners with a range of foreign space agencies and industries, including those of Australia, Canada, the EU and its member states, the European Space Agency (ESA) and its member states, South Africa, and the US; has a small, but growing commercial space sector (2024)",
      "note": "<strong>note:</strong> further details about the key activities, programs, and milestones of the country’s space program, as well as government spending estimates on the space sector, appear in the Space Programs reference guide"
    }
  },
  "Terrorism": {
    "Terrorist group(s)": {
      "text": "Islamic State of Iraq and ash-Sham (ISIS)",
      "note": "<strong>note:</strong> details about the history, aims, leadership, organization, areas of operation, tactics, targets, weapons, size, and sources of support of the group(s) appear(s) in the Terrorism reference guide"
    }
  },
  "Transnational Issues": {
    "Refugees and internally displaced persons": {
      "stateless persons": {
        "text": "5 (2022)"
      }
    },
    "Illicit drugs": {
      "text": "significant consumer of amphetamines"
    }
  }
}