{
  "Introduction": {
    "Background": {
      "text": "<p>Early Micronesian and Polynesian settlers probably visited Wake Island, and oral legends tell of periodic voyages to the islands by people from the Marshall Islands. Wake Island was uninhabited when Spanish explorer Alvaro de Mendana de NEYRA became the first European to see it in 1568 and still had no inhabitants when English captain Samuel WAKE sailed by it in 1796. The United States Exploring Expedition visited the island in 1841, and the US annexed it in 1899 to use as a cable and refueling station for its newly acquired Pacific territories of Hawaii, the Philippines, and Guam. In the 1930s, Pan American Airways built facilities on Wake Island so that it could be used as a stopover for flights from the US to China. In 1941, the US began to install military assets on Wake Island, and Japan then captured the island and held it until the end of World War II. In 1946, commercial airlines resumed using Wake Island as a refueling stop. <br><br>In 1973, the Marshall Islands claimed Wake Island, based on the oral legends, although the US has not recognized these claims. In 1974, the US military took exclusive control of the island’s airstrip and restricted visitors. In 1978, Bikini Islanders from the Marshall Islands, who were evacuated in the 1950s and 1960s because of US nuclear tests, considered rehoming on Wake Island, but the US military rejected that plan. Since the 1970s, the island has been important for missile defense testing. In 2009, Wake Island was included in the Pacific Remote Islands Marine National Monument.</p>"
    }
  },
  "Geography": {
    "Location": {
      "text": "Oceania, atoll in the North Pacific Ocean, about two-thirds of the way from Hawaii to the Northern Mariana Islands"
    },
    "Geographic coordinates": {
      "text": "19 17 N, 166 39 E"
    },
    "Map references": {
      "text": "Oceania"
    },
    "Area": {
      "total ": {
        "text": "7 sq km"
      },
      "land": {
        "text": "6.5 sq km"
      },
      "water": {
        "text": "0 sq km"
      }
    },
    "Area - comparative": {
      "text": "about 11 times the size of the National Mall in Washington, D.C."
    },
    "Land boundaries": {
      "total": {
        "text": "0 km"
      }
    },
    "Coastline": {
      "text": "19.3 km"
    },
    "Maritime claims": {
      "territorial sea": {
        "text": "12 nm"
      },
      "exclusive economic zone": {
        "text": "200 nm"
      }
    },
    "Climate": {
      "text": "tropical"
    },
    "Terrain": {
      "text": "atoll of three low coral islands, Peale, Wake, and Wilkes, built up on an underwater volcano; central lagoon is former crater, islands are part of the rim"
    },
    "Elevation": {
      "highest point": {
        "text": "unnamed location 8 m"
      },
      "lowest point": {
        "text": "Pacific Ocean 0 m"
      }
    },
    "Natural resources": {
      "text": "none"
    },
    "Land use": {
      "agricultural land": {
        "text": "0% (2018 est.)"
      },
      "other": {
        "text": "100% (2018 est.)"
      }
    },
    "Irrigated land": {
      "text": "0 sq km (2022)"
    },
    "Natural hazards": {
      "text": "subject to occasional typhoons"
    },
    "Geography - note": {
      "text": "strategic location in the North Pacific Ocean"
    }
  },
  "People and Society": {
    "Population": {
      "total": {
        "text": "no permanent inhabitants"
      },
      "note": "<strong>note:</strong> personnel maintain and operate the airfield and weather station"
    }
  },
  "Environment": {
    "Environment - current issues": {
      "text": "limited potable water; hazardous waste disposal"
    },
    "Climate": {
      "text": "tropical"
    },
    "Land use": {
      "agricultural land": {
        "text": "0% (2018 est.)"
      },
      "other": {
        "text": "100% (2018 est.)"
      }
    }
  },
  "Government": {
    "Country name": {
      "conventional long form": {
        "text": "none"
      },
      "conventional short form": {
        "text": "Wake Island"
      },
      "etymology": {
        "text": "the name comes from one of two explorers who sighted the islands in the late 1700s; British Captain William WAKE visited in 1792, as did his relative, British Captain Samuel WAKE, in 1796, and sources disagree on which captain claimed the honor of naming the island"
      }
    },
    "Dependency status": {
      "text": "unincorporated, unorganized territory of the US; administered by the Department of the Interior; the 11th US Air Force currently conducts activities on the atoll, and it is managed from Pacific Air Force Support Center"
    },
    "Legal system": {
      "text": "US common law"
    },
    "Citizenship": {
      "text": "see United States"
    },
    "Independence": {
      "text": "none (territory of the US)"
    },
    "Flag description": {
      "text": "the US flag is used"
    }
  },
  "Economy": {
  },
  "Energy": {
    "Electricity access": {
      "electrification - total population": {
        "text": "100% (2021)"
      }
    },
    "Petroleum": {
      "refined petroleum consumption": {
        "text": "8,000 bbl/day (2023 est.)"
      }
    },
    "Carbon dioxide emissions": {
      "total emissions": {
        "text": "1.214 million metric tonnes of CO2 (2023 est.)"
      },
      "from petroleum and other liquids": {
        "text": "1.214 million metric tonnes of CO2 (2023 est.)"
      }
    }
  },
  "Communications": {
    "Broadcast media": {
      "text": "US Armed Forces Radio and Television Service (AFRTS) provides satellite radio/TV broadcasts (2018)"
    }
  },
  "Transportation": {
    "Airports": {
      "text": "1 (2025)"
    },
    "Ports": {
      "total ports": {
        "text": "1 (2024)"
      },
      "large": {
        "text": "0"
      },
      "medium": {
        "text": "0"
      },
      "small": {
        "text": "0"
      },
      "very small": {
        "text": "1"
      },
      "ports with oil terminals": {
        "text": "1"
      },
      "key ports": {
        "text": "Wake Island"
      }
    }
  },
  "Military and Security": {
    "Military - note": {
      "text": "defense is the responsibility of the US; the island serves as a trans-Pacific refueling stop for military aircraft and supports US Missile Defense Agency (MDA) testing activities; Wake is managed by the US Air Force (2025)"
    }
  },
  "Transnational Issues": {
  }
}