{
  "Introduction": {
    "Background": {
      "text": "Belize was the site of several Mayan city states until their decline at the end of the first millennium A.D. The British and Spanish disputed the region in the 17th and 18th centuries; it formally became the colony of British Honduras in 1862. Territorial disputes between the UK and Guatemala delayed the independence of Belize until 1981. Guatemala refused to recognize the new nation until 1992, and the two countries are still involved in an ongoing border dispute. Tourism has become the mainstay of the economy. Current concerns include the country's heavy foreign debt burden, high crime rates, high unemployment combined with a majority youth population, growing involvement in the Mexican and South American drug trade, and one of the highest HIV/AIDS prevalence rates in Central America."
    }
  },
  "Geography": {
    "Location": {
      "text": "Central America, bordering the Caribbean Sea, between Guatemala and Mexico"
    },
    "Geographic coordinates": {
      "text": "17 15 N, 88 45 W"
    },
    "Map references": {
      "text": "Central America and the Caribbean"
    },
    "Area": {
      "total ": {
        "text": "22,966 sq km"
      },
      "land": {
        "text": "22,806 sq km"
      },
      "water": {
        "text": "160 sq km"
      }
    },
    "Area - comparative": {
      "text": "slightly smaller than Massachusetts"
    },
    "Land boundaries": {
      "total": {
        "text": "542 km"
      },
      "border countries": {
        "text": "Guatemala 266 km; Mexico 276 km"
      }
    },
    "Coastline": {
      "text": "386 km"
    },
    "Maritime claims": {
      "territorial sea": {
        "text": "12 nm in the north, 3 nm in the south; note - from the mouth of the Sarstoon River to Ranguana Cay, Belize's territorial sea is 3 nm; according to Belize's Maritime Areas Act, 1992, the purpose of this limitation is to provide a framework for negotiating a definitive agreement on territorial differences with Guatemala"
      },
      "exclusive economic zone": {
        "text": "200 nm"
      }
    },
    "Climate": {
      "text": "tropical; very hot and humid; rainy season (May to November); dry season (February to May)"
    },
    "Terrain": {
      "text": "flat, swampy coastal plain; low mountains in south"
    },
    "Elevation": {
      "highest point": {
        "text": "Doyle's Delight 1,124 m"
      },
      "lowest point": {
        "text": "Caribbean Sea 0 m"
      },
      "mean elevation": {
        "text": "173 m"
      }
    },
    "Natural resources": {
      "text": "arable land potential, timber, fish, hydropower"
    },
    "Land use": {
      "agricultural land": {
        "text": "8% (2022 est.)"
      },
      "agricultural land: arable land": {
        "text": "arable land: 4.4% (2022 est.)"
      },
      "agricultural land: permanent crops": {
        "text": "permanent crops: 1.4% (2022 est.)"
      },
      "agricultural land: permanent pasture": {
        "text": "permanent pasture: 2.2% (2022 est.)"
      },
      "forest": {
        "text": "55% (2022 est.)"
      },
      "other": {
        "text": "37% (2022 est.)"
      }
    },
    "Irrigated land": {
      "text": "35 sq km (2012)"
    },
    "Population distribution": {
      "text": "approximately 25% to 30% of the population lives in the former capital, Belize City; over half of the overall population is rural; population density is slightly higher in the north and east"
    },
    "Natural hazards": {
      "text": "frequent, devastating hurricanes (June to November) and coastal flooding (especially in south)"
    },
    "Geography - note": {
      "text": "only country in Central America without a coastline on the North Pacific Ocean"
    }
  },
  "People and Society": {
    "Population": {
      "total": {
        "text": "415,789 (2024 est.)"
      },
      "male": {
        "text": "205,895"
      },
      "female": {
        "text": "209,894"
      }
    },
    "Nationality": {
      "noun": {
        "text": "Belizean(s)"
      },
      "adjective": {
        "text": "Belizean"
      }
    },
    "Ethnic groups": {
      "text": "Mestizo 52.9%, Creole 25.9%, Maya 11.3%, Garifuna 6.1%, East Indian 3.9%, Mennonite 3.6%, White 1.2%, Asian 1%, other 1.2%, unknown 0.3% (2010 est.)",
      "note": "<strong>note:</strong> percentages add up to more than 100% because respondents were able to identify more than one ethnic origin"
    },
    "Languages": {
      "Languages": {
        "text": "English 62.9% (official), Spanish 56.6%, Creole 44.6%, Maya 10.5%, German 3.2%, Garifuna 2.9%, other 1.8%, unknown 0.5% (2010 est.)"
      },
      "major-language sample(s)": {
        "text": "<br>The World Factbook, the indispensable source for basic information. (English)<br><br>La Libreta Informativa del Mundo, la fuente indispensable de información básica. (Spanish)"
      },
      "note": "<strong>note:</strong> shares sum to more than 100% because some respondents gave more than one answer on the census"
    },
    "Religions": {
      "text": "Roman Catholic 40.1%, Protestant 31.5% (includes Pentecostal 8.4%, Seventh Day Adventist 5.4%, Anglican 4.7%, Mennonite 3.7%, Baptist 3.6%, Methodist 2.9%, Nazarene 2.8%), Jehovah's Witness 1.7%, other 10.5% (includes Baha'i, Buddhist, Hindu, Church of Jesus Christ, Muslim, Rastafarian, Salvation Army), unspecified 0.6%, none 15.5% (2010 est.)"
    },
    "Age structure": {
      "0-14 years": {
        "text": "27.7% (male 58,529/female 56,811)"
      },
      "15-64 years": {
        "text": "66.7% (male 135,903/female 141,503)"
      },
      "65 years and over": {
        "text": "5.5% (2024 est.) (male 11,463/female 11,580)"
      }
    },
    "Dependency ratios": {
      "total dependency ratio": {
        "text": "49.9 (2024 est.)"
      },
      "youth dependency ratio": {
        "text": "41.6 (2024 est.)"
      },
      "elderly dependency ratio": {
        "text": "8.3 (2024 est.)"
      },
      "potential support ratio": {
        "text": "12 (2024 est.)"
      }
    },
    "Median age": {
      "total": {
        "text": "26.8 years (2024 est.)"
      },
      "male": {
        "text": "26.4 years"
      },
      "female": {
        "text": "27.2 years"
      }
    },
    "Population growth rate": {
      "text": "1.47% (2024 est.)"
    },
    "Birth rate": {
      "text": "17.7 births/1,000 population (2024 est.)"
    },
    "Death rate": {
      "text": "5 deaths/1,000 population (2024 est.)"
    },
    "Net migration rate": {
      "text": "2 migrant(s)/1,000 population (2024 est.)"
    },
    "Population distribution": {
      "text": "approximately 25% to 30% of the population lives in the former capital, Belize City; over half of the overall population is rural; population density is slightly higher in the north and east"
    },
    "Urbanization": {
      "urban population": {
        "text": "46.6% of total population (2023)"
      },
      "rate of urbanization": {
        "text": "2.3% annual rate of change (2020-25 est.)"
      }
    },
    "Major urban areas - population": {
      "text": "23,000 BELMOPAN (capital) (2018)"
    },
    "Sex ratio": {
      "at birth": {
        "text": "1.05 male(s)/female"
      },
      "0-14 years": {
        "text": "1.03 male(s)/female"
      },
      "15-64 years": {
        "text": "0.96 male(s)/female"
      },
      "65 years and over": {
        "text": "0.99 male(s)/female"
      },
      "total population": {
        "text": "0.98 male(s)/female (2024 est.)"
      }
    },
    "Maternal mortality ratio": {
      "text": "130 deaths/100,000 live births (2020 est.)"
    },
    "Infant mortality rate": {
      "total": {
        "text": "11.3 deaths/1,000 live births (2024 est.)"
      },
      "male": {
        "text": "12.4 deaths/1,000 live births"
      },
      "female": {
        "text": "10.1 deaths/1,000 live births"
      }
    },
    "Life expectancy at birth": {
      "total population": {
        "text": "74.3 years (2024 est.)"
      },
      "male": {
        "text": "72.6 years"
      },
      "female": {
        "text": "76.1 years"
      }
    },
    "Total fertility rate": {
      "text": "2.05 children born/woman (2024 est.)"
    },
    "Gross reproduction rate": {
      "text": "1 (2024 est.)"
    },
    "Contraceptive prevalence rate": {
      "text": "51.4% (2015/16)"
    },
    "Drinking water source": {
      "improved: urban": {
        "text": "urban: 100% of population"
      },
      "improved: rural": {
        "text": "rural: 99.4% of population"
      },
      "improved: total": {
        "text": "total: 99.7% of population"
      },
      "unimproved: urban": {
        "text": "urban: 0% of population"
      },
      "unimproved: rural": {
        "text": "rural: 0.6% of population"
      },
      "unimproved: total": {
        "text": "total: 0.3% of population (2020 est.)"
      }
    },
    "Health expenditure": {
      "Health expenditure (as % of GDP)": {
        "text": "5% of GDP (2021)"
      },
      "Health expenditure (as % of national budget)": {
        "text": "11.5% of national budget (2022 est.)"
      }
    },
    "Physician density": {
      "text": "1.09 physicians/1,000 population (2018)"
    },
    "Hospital bed density": {
      "text": "1 beds/1,000 population (2018 est.)"
    },
    "Sanitation facility access": {
      "improved: urban": {
        "text": "urban: 99.1% of population"
      },
      "improved: rural": {
        "text": "rural: 95.7% of population"
      },
      "improved: total": {
        "text": "total: 97.3% of population"
      },
      "unimproved: urban": {
        "text": "urban: 0.9% of population"
      },
      "unimproved: rural": {
        "text": "rural: 4.3% of population"
      },
      "unimproved: total": {
        "text": "total: 2.7% of population (2020 est.)"
      }
    },
    "Obesity - adult prevalence rate": {
      "text": "24.1% (2016)"
    },
    "Alcohol consumption per capita": {
      "total": {
        "text": "5.93 liters of pure alcohol (2019 est.)"
      },
      "beer": {
        "text": "3.88 liters of pure alcohol (2019 est.)"
      },
      "wine": {
        "text": "0.68 liters of pure alcohol (2019 est.)"
      },
      "spirits": {
        "text": "1.19 liters of pure alcohol (2019 est.)"
      },
      "other alcohols": {
        "text": "0.17 liters of pure alcohol (2019 est.)"
      }
    },
    "Tobacco use": {
      "total": {
        "text": "8.3% (2025 est.)"
      },
      "male": {
        "text": "14.8% (2025 est.)"
      },
      "female": {
        "text": "1.8% (2025 est.)"
      }
    },
    "Children under the age of 5 years underweight": {
      "text": "4.6% (2015/16)"
    },
    "Currently married women (ages 15-49)": {
      "text": "64.3% (2023 est.)"
    },
    "Child marriage": {
      "women married by age 15": {
        "text": "6.3% (2016)"
      },
      "women married by age 18": {
        "text": "33.5% (2016)"
      },
      "men married by age 18": {
        "text": "22.2% (2016)"
      }
    },
    "Education expenditure": {
      "Education expenditure (% GDP)": {
        "text": "4.6% of GDP (2024 est.)"
      },
      "Education expenditure (% national budget)": {
        "text": "18.9% national budget (2024 est.)"
      }
    },
    "Literacy": {
      "total population": {
        "text": "90.9% (2015 est.) NA"
      },
      "male": {
        "text": "90.2% (2015 est.) NA"
      },
      "female": {
        "text": "91.6% (2015 est.) NA"
      }
    },
    "School life expectancy (primary to tertiary education)": {
      "total": {
        "text": "13 years"
      },
      "male": {
        "text": "12 years"
      },
      "female": {
        "text": "13 years (2021)"
      }
    }
  },
  "Environment": {
    "Environment - current issues": {
      "text": "deforestation; water pollution from sewage, industrial effluents, agricultural runoff; inability to properly dispose of solid waste"
    },
    "Environment - international agreements": {
      "party to": {
        "text": "Biodiversity, Climate Change, Climate Change-Kyoto Protocol, Climate Change-Paris Agreement, Comprehensive Nuclear Test Ban, Desertification, Endangered Species, Hazardous Wastes, Law of the Sea, Ozone Layer Protection, Ship Pollution, Wetlands, Whaling"
      },
      "signed, but not ratified": {
        "text": "none of the selected agreements"
      }
    },
    "Climate": {
      "text": "tropical; very hot and humid; rainy season (May to November); dry season (February to May)"
    },
    "Land use": {
      "agricultural land": {
        "text": "8% (2022 est.)"
      },
      "agricultural land: arable land": {
        "text": "arable land: 4.4% (2022 est.)"
      },
      "agricultural land: permanent crops": {
        "text": "permanent crops: 1.4% (2022 est.)"
      },
      "agricultural land: permanent pasture": {
        "text": "permanent pasture: 2.2% (2022 est.)"
      },
      "forest": {
        "text": "55% (2022 est.)"
      },
      "other": {
        "text": "37% (2022 est.)"
      }
    },
    "Urbanization": {
      "urban population": {
        "text": "46.6% of total population (2023)"
      },
      "rate of urbanization": {
        "text": "2.3% annual rate of change (2020-25 est.)"
      }
    },
    "Air pollutants": {
      "particulate matter emissions": {
        "text": "10.51 micrograms per cubic meter (2019 est.)"
      },
      "carbon dioxide emissions": {
        "text": "0.57 megatons (2016 est.)"
      },
      "methane emissions": {
        "text": "0.55 megatons (2020 est.)"
      }
    },
    "Waste and recycling": {
      "municipal solid waste generated annually": {
        "text": "101,379 tons (2015 est.)"
      }
    },
    "Total water withdrawal": {
      "municipal": {
        "text": "10 million cubic meters (2020 est.)"
      },
      "industrial": {
        "text": "20 million cubic meters (2020 est.)"
      },
      "agricultural": {
        "text": "70 million cubic meters (2020 est.)"
      }
    },
    "Total renewable water resources": {
      "text": "21.73 billion cubic meters (2020 est.)"
    }
  },
  "Government": {
    "Country name": {
      "conventional long form": {
        "text": "none"
      },
      "conventional short form": {
        "text": "Belize"
      },
      "former": {
        "text": "British Honduras"
      },
      "etymology": {
        "text": "traditionally believed to be derived from the Spanish pronunciation of the last name of Scottish explorer Peter Wallace, who settled in the area in 1638; alternatively, may be named for the Belize River, whose name possibly derives from the Maya word \"belix,\" meaning \"muddy-watered\""
      }
    },
    "Government type": {
      "text": "parliamentary democracy (National Assembly) under a constitutional monarchy; a Commonwealth realm"
    },
    "Capital": {
      "name": {
        "text": "Belmopan"
      },
      "geographic coordinates": {
        "text": "17 15 N, 88 46 W"
      },
      "time difference": {
        "text": "UTC-6 (1 hour behind Washington, DC, during Standard Time)"
      },
      "etymology": {
        "text": "the name is formed from two words: \"Belize,\" the name of the longest river in the country, and \"Mopan,\" one of the rivers in the area that empties into the Belize River"
      }
    },
    "Administrative divisions": {
      "text": "6 districts; Belize, Cayo, Corozal, Orange Walk, Stann Creek, Toledo"
    },
    "Legal system": {
      "text": "English common law"
    },
    "Constitution": {
      "history": {
        "text": "previous 1954, 1963 (pre-independence); latest signed and entered into force 21 September 1981"
      },
      "amendment process": {
        "text": "proposed and adopted by two-thirds majority vote of the National Assembly House of Representatives except for amendments relating to rights and freedoms, changes to the Assembly, and to elections and judiciary matters, which require at least three-quarters majority vote of the House; both types of amendments require assent of the governor general"
      }
    },
    "International law organization participation": {
      "text": "has not submitted an ICJ jurisdiction declaration; accepts ICCt jurisdiction"
    },
    "Citizenship": {
      "citizenship by birth": {
        "text": "yes"
      },
      "citizenship by descent only": {
        "text": "yes"
      },
      "dual citizenship recognized": {
        "text": "yes"
      },
      "residency requirement for naturalization": {
        "text": "5 years"
      }
    },
    "Suffrage": {
      "text": "18 years of age; universal"
    },
    "Executive branch": {
      "chief of state": {
        "text": "King CHARLES III (since 8 September 2022); represented by Governor-General Froyla TZALAM (since 27 May 2021)"
      },
      "head of government": {
        "text": "Prime Minister John BRICE&Ntilde;O (since 12 November 2020)"
      },
      "cabinet": {
        "text": "governor general appoints Cabinet from among members of the National Assembly, on the advice of the prime minister&nbsp;"
      },
      "elections/appointments": {
        "text": "the monarchy is hereditary; governor-general appointed by the monarch; following legislative elections, the leader of the majority party or majority coalition usually appointed prime minister by the governor-general; prime minister recommends the deputy prime minister"
      }
    },
    "Legislative branch": {
      "legislature name": {
        "text": "National Assembly"
      },
      "legislative structure": {
        "text": "bicameral"
      },
      "note": "<strong> </strong>"
    },
    "Legislative branch - lower chamber": {
      "chamber name": {
        "text": "House of Representatives"
      },
      "number of seats": {
        "text": "32 (all directly elected)"
      },
      "electoral system": {
        "text": "plurality/majority"
      },
      "scope of elections": {
        "text": "full renewal"
      },
      "term in office": {
        "text": "5 years"
      },
      "most recent election date": {
        "text": "3/12/2025"
      },
      "parties elected and seats per party": {
        "text": "People's United Party (PUP) (26); United Democratic Party (UDP) (5)"
      },
      "percentage of women in chamber": {
        "text": "12.5%"
      },
      "expected date of next election": {
        "text": "March 2030"
      }
    },
    "Legislative branch - upper chamber": {
      "chamber name": {
        "text": "Senate"
      },
      "number of seats": {
        "text": "13 (all appointed)"
      },
      "scope of elections": {
        "text": "full renewal"
      },
      "term in office": {
        "text": "5 years"
      },
      "most recent election date": {
        "text": "5/9/2025"
      },
      "percentage of women in chamber": {
        "text": "35.7%"
      },
      "expected date of next election": {
        "text": "May 2030"
      }
    },
    "Judicial branch": {
      "highest court(s)": {
        "text": "Supreme Court of Judicature (consists of the Court of Appeal with the court president and 3 justices, and the Supreme Court with the chief justice and 10 justices); the Caribbean Court of Justice is the final court of appeal"
      },
      "judge selection and term of office": {
        "text": "Court of Appeal president and justices appointed by the governor-general upon advice of the prime minister after consultation with the National Assembly opposition leader; justices' tenures vary by terms of appointment; Supreme Court chief justice appointed by the governor-general upon the advice of the prime minister and the National Assembly opposition leader; other judges appointed by the governor-general upon the advice of the Judicial and Legal Services Section of the Public Services Commission and with the concurrence of the prime minister after consultation with the National Assembly opposition leader; judges can be appointed beyond age 65 but must retire by age 75"
      },
      "subordinate courts": {
        "text": "Magistrates' Courts; Family Court"
      }
    },
    "Political parties": {
      "text": "Belize People’s Front or BPF<br>Belize Progressive Party or BPP (formed in 2015 from a merger of the People's National Party, elements of the Vision Inspired by the People, and other smaller political groups)<br>People's United Party or PUP<br>United Democratic Party or UDP<br>Vision Inspired by the People or VIP"
    },
    "Diplomatic representation in the US": {
      "chief of mission": {
        "text": "Ambassador Lynn Raymond YOUNG (since 7 July 2021)"
      },
      "chancery": {
        "text": "2535 Massachusetts Avenue NW, Washington, DC 20008-2826"
      },
      "telephone": {
        "text": "[1] (202) 332-9636"
      },
      "FAX": {
        "text": "[1] (202) 332-6888"
      },
      "email address and website": {
        "text": "<br>reception.usa@mfa.gov.bz<br><br>https://www.belizeembassyusa.mfa.gov.bz/"
      },
      "consulate(s) general": {
        "text": "Chicago, Los Angeles, Miami, New York"
      }
    },
    "Diplomatic representation from the US": {
      "chief of mission": {
        "text": "Ambassador (vacant); Charg&eacute; d'Affaires David HODGE (since January 2025)"
      },
      "embassy": {
        "text": "4 Floral Park Road, Belmopan, Cayo"
      },
      "mailing address": {
        "text": "3050 Belmopan Place, Washington DC&nbsp; 20521-3050"
      },
      "telephone": {
        "text": "(501) 822-4011"
      },
      "FAX": {
        "text": "(501) 822-4012"
      },
      "email address and website": {
        "text": "<br>ACSBelize@state.gov<br><br>https://bz.usembassy.gov/"
      }
    },
    "International organization participation": {
      "text": "ACP, ACS, AOSIS, C, Caricom, CD, CDB, CELAC, FAO, G-77, IADB, IAEA, IBRD, ICAO, ICC (NGOs), ICRM, IDA, IFAD, IFC, IFRCS, ILO, IMF, IMO, Interpol, IOC, IOM, ITU, LAES, MIGA, NAM, OAS, OPANAL, OPCW, PCA, Petrocaribe, SICA, UN, UNCTAD, UNESCO, UNIDO, UPU, WCO, WHO, WIPO, WMO, WTO"
    },
    "Independence": {
      "text": "21 September 1981 (from the UK)"
    },
    "National holiday": {
      "text": "Battle of St. George's Caye Day (National Day), 10 September (1798); Independence Day, 21 September (1981)"
    },
    "Flag description": {
      "text": "royal blue with a narrow red stripe along the top and the bottom edges; a large white disk bears the coat of arms at the center, which features a shield flanked by two workers in front of a mahogany tree with the motto SUB UMBRA FLOREO (I Flourish in the Shade) on a scroll at the bottom, all encircled by a green garland of 50 mahogany leaves; the figures, the tools, the mahogany tree, and the garland refer to the logging industry that led to British settlement of Belize; blue and red are the colors of the two main political parties",
      "note": "<strong>note:</strong> Belize has the only national flag that depicts humans; the flags of two British overseas territories, Montserrat and the British Virgin Islands, also depict humans"
    },
    "National symbol(s)": {
      "text": "Baird's tapir (a large forest-dwelling mammal), keel-billed toucan, black orchid"
    },
    "National color(s)": {
      "text": "red, blue"
    },
    "National anthem": {
      "name": {
        "text": "Land of the Free"
      },
      "lyrics/music": {
        "text": "Samuel Alfred HAYNES/Selwyn Walford YOUNG"
      },
      "note": "<strong>note:</strong> adopted 1981; as a Commonwealth country, in addition to the national anthem, \"God Save the King\" serves as the royal anthem (see United Kingdom)"
    },
    "National heritage": {
      "total World Heritage Sites": {
        "text": "1 (natural)"
      },
      "selected World Heritage Site locales": {
        "text": "Belize Barrier Reef Reserve System"
      }
    }
  },
  "Economy": {
    "Economic overview": {
      "text": "tourism- and agriculture-driven economy; strong post-pandemic rebound; innovative and ecological bond restructuring that significantly lowered public debt and expanded marine protections; central bank offering USD-denominated treasury notes; high mobility across borders"
    },
    "Real GDP (purchasing power parity)": {
      "Real GDP (purchasing power parity) 2023": {
        "text": "$5.12 billion (2023 est.)"
      },
      "Real GDP (purchasing power parity) 2022": {
        "text": "$5.062 billion (2022 est.)"
      },
      "Real GDP (purchasing power parity) 2021": {
        "text": "$4.617 billion (2021 est.)"
      },
      "note": "<b>note:</b> data in 2021 dollars"
    },
    "Real GDP growth rate": {
      "Real GDP growth rate 2023": {
        "text": "1.15% (2023 est.)"
      },
      "Real GDP growth rate 2022": {
        "text": "9.65% (2022 est.)"
      },
      "Real GDP growth rate 2021": {
        "text": "17.86% (2021 est.)"
      },
      "note": "<b>note:</b> annual GDP % growth based on constant local currency"
    },
    "Real GDP per capita": {
      "Real GDP per capita 2023": {
        "text": "$12,500 (2023 est.)"
      },
      "Real GDP per capita 2022": {
        "text": "$12,600 (2022 est.)"
      },
      "Real GDP per capita 2021": {
        "text": "$11,700 (2021 est.)"
      },
      "note": "<b>note:</b> data in 2021 dollars"
    },
    "GDP (official exchange rate)": {
      "text": "$3.067 billion (2023 est.)",
      "note": "<b>note:</b> data in current dollars at official exchange rate"
    },
    "Inflation rate (consumer prices)": {
      "Inflation rate (consumer prices) 2024": {
        "text": "3.3% (2024 est.)"
      },
      "Inflation rate (consumer prices) 2023": {
        "text": "4.4% (2023 est.)"
      },
      "Inflation rate (consumer prices) 2022": {
        "text": "6.3% (2022 est.)"
      },
      "note": "<b>note:</b> annual % change based on consumer prices"
    },
    "GDP - composition, by sector of origin": {
      "agriculture": {
        "text": "8.1% (2023 est.)"
      },
      "industry": {
        "text": "14.3% (2023 est.)"
      },
      "services": {
        "text": "62.4% (2023 est.)"
      },
      "note": "<b>note:</b> figures may not total 100% due to non-allocated consumption not captured in sector-reported data"
    },
    "GDP - composition, by end use": {
      "household consumption": {
        "text": "62.9% (2023 est.)"
      },
      "government consumption": {
        "text": "15.7% (2023 est.)"
      },
      "investment in fixed capital": {
        "text": "20.6% (2023 est.)"
      },
      "investment in inventories": {
        "text": "-2.3% (2023 est.)"
      },
      "exports of goods and services": {
        "text": "55.3% (2023 est.)"
      },
      "imports of goods and services": {
        "text": "-51.2% (2023 est.)"
      },
      "note": "<b>note:</b> figures may not total 100% due to rounding or gaps in data collection"
    },
    "Agricultural products": {
      "text": "sugarcane, maize, bananas, sorghum, soybeans, chicken, rice, oranges, fruits, plantains (2023)",
      "note": "<b>note:</b> top ten agricultural products based on tonnage"
    },
    "Industries": {
      "text": "garment production, food processing, tourism, construction, oil"
    },
    "Industrial production growth rate": {
      "text": "-2.48% (2023 est.)",
      "note": "<b>note:</b> annual % change in industrial value added based on constant local currency"
    },
    "Labor force": {
      "text": "190,000 (2024 est.)",
      "note": "<b>note:</b> number of people ages 15 or older who are employed or seeking work"
    },
    "Unemployment rate": {
      "Unemployment rate 2024": {
        "text": "7% (2024 est.)"
      },
      "Unemployment rate 2023": {
        "text": "8.3% (2023 est.)"
      },
      "Unemployment rate 2022": {
        "text": "8.8% (2022 est.)"
      },
      "note": "<b>note:</b> % of labor force seeking employment"
    },
    "Youth unemployment rate (ages 15-24)": {
      "total": {
        "text": "16.3% (2024 est.)"
      },
      "male": {
        "text": "10.6% (2024 est.)"
      },
      "female": {
        "text": "25.6% (2024 est.)"
      },
      "note": "<b>note:</b> % of labor force ages 15-24 seeking employment"
    },
    "Remittances": {
      "Remittances 2023": {
        "text": "4.88% of GDP (2023 est.)"
      },
      "Remittances 2022": {
        "text": "5% of GDP (2022 est.)"
      },
      "Remittances 2021": {
        "text": "5.59% of GDP (2021 est.)"
      },
      "note": "<b>note:</b> personal transfers and compensation between resident and non-resident individuals/households/entities"
    },
    "Budget": {
      "revenues": {
        "text": "$554.405 million (2017 est.)"
      },
      "expenditures": {
        "text": "$506.316 million (2017 est.)"
      },
      "note": "<b>note:</b> central government revenues and expenses (excluding grants/extrabudgetary units/social security funds) converted to US dollars at average official exchange rate for year indicated"
    },
    "Public debt": {
      "Public debt 2017": {
        "text": "99% of GDP (2017 est.)"
      },
      "note": "<b>note:</b> central government debt as a % of GDP"
    },
    "Taxes and other revenues": {
      "text": "21.3% (of GDP) (2017 est.)",
      "note": "<b>note:</b> central government tax revenue as a % of GDP"
    },
    "Current account balance": {
      "Current account balance 2024": {
        "text": "-$51.762 million (2024 est.)"
      },
      "Current account balance 2023": {
        "text": "-$19.761 million (2023 est.)"
      },
      "Current account balance 2022": {
        "text": "-$235.566 million (2022 est.)"
      },
      "note": "<b>note:</b> balance of payments - net trade and primary/secondary income in current dollars"
    },
    "Exports": {
      "Exports 2024": {
        "text": "$1.64 billion (2024 est.)"
      },
      "Exports 2023": {
        "text": "$1.536 billion (2023 est.)"
      },
      "Exports 2022": {
        "text": "$1.369 billion (2022 est.)"
      },
      "note": "<b>note:</b> balance of payments - exports of goods and services in current dollars"
    },
    "Exports - partners": {
      "text": "USA 22%, UK 14%, Spain 9%, Guatemala 7%, Portugal 5% (2023)",
      "note": "<b>note:</b> top five export partners based on percentage share of exports"
    },
    "Exports - commodities": {
      "text": "raw sugar, bananas, fish, shellfish, refined petroleum (2023)",
      "note": "<b>note:</b> top five export commodities based on value in dollars"
    },
    "Imports": {
      "Imports 2024": {
        "text": "$1.724 billion (2024 est.)"
      },
      "Imports 2023": {
        "text": "$1.573 billion (2023 est.)"
      },
      "Imports 2022": {
        "text": "$1.574 billion (2022 est.)"
      },
      "note": "<b>note:</b> balance of payments - imports of goods and services in current dollars"
    },
    "Imports - partners": {
      "text": "USA 37%, China 17%, Guatemala 10%, Mexico 8%, Costa Rica 6% (2023)",
      "note": "<b>note:</b> top five import partners based on percentage share of imports"
    },
    "Imports - commodities": {
      "text": "refined petroleum, orthopedic appliances, ships, garments, tobacco (2023)",
      "note": "<b>note:</b> top five import commodities based on value in dollars"
    },
    "Reserves of foreign exchange and gold": {
      "Reserves of foreign exchange and gold 2024": {
        "text": "$498.087 million (2024 est.)"
      },
      "Reserves of foreign exchange and gold 2023": {
        "text": "$473.729 million (2023 est.)"
      },
      "Reserves of foreign exchange and gold 2022": {
        "text": "$482.146 million (2022 est.)"
      },
      "note": "<b>note:</b> holdings of gold (year-end prices)/foreign exchange/special drawing rights in current dollars"
    },
    "Debt - external": {
      "Debt - external 2023": {
        "text": "$1.235 billion (2023 est.)"
      },
      "note": "<b>note:</b> present value of external debt in current US dollars"
    },
    "Exchange rates": {
      "Currency": {
        "text": "Belizean dollars (BZD) per US dollar -"
      },
      "Exchange rates 2024": {
        "text": "2 (2024 est.)"
      },
      "Exchange rates 2023": {
        "text": "2 (2023 est.)"
      },
      "Exchange rates 2022": {
        "text": "2 (2022 est.)"
      },
      "Exchange rates 2021": {
        "text": "2 (2021 est.)"
      },
      "Exchange rates 2020": {
        "text": "2 (2020 est.)"
      }
    }
  },
  "Energy": {
    "Electricity access": {
      "electrification - total population": {
        "text": "98.6% (2022 est.)"
      },
      "electrification - urban areas": {
        "text": "98.4%"
      },
      "electrification - rural areas": {
        "text": "97.1%"
      }
    },
    "Electricity": {
      "installed generating capacity": {
        "text": "220,000 kW (2023 est.)"
      },
      "consumption": {
        "text": "595.389 million kWh (2023 est.)"
      },
      "imports": {
        "text": "283.8 million kWh (2023 est.)"
      },
      "transmission/distribution losses": {
        "text": "140.519 million kWh (2023 est.)"
      }
    },
    "Electricity generation sources": {
      "fossil fuels": {
        "text": "12% of total installed capacity (2023 est.)"
      },
      "solar": {
        "text": "2.4% of total installed capacity (2023 est.)"
      },
      "hydroelectricity": {
        "text": "52.9% of total installed capacity (2023 est.)"
      },
      "biomass and waste": {
        "text": "32.7% of total installed capacity (2023 est.)"
      }
    },
    "Coal": {
      "imports": {
        "text": "32 metric tons (2023 est.)"
      }
    },
    "Petroleum": {
      "total petroleum production": {
        "text": "800 bbl/day (2023 est.)"
      },
      "refined petroleum consumption": {
        "text": "5,000 bbl/day (2023 est.)"
      },
      "crude oil estimated reserves": {
        "text": "6.7 million barrels (2021 est.)"
      }
    },
    "Carbon dioxide emissions": {
      "total emissions": {
        "text": "662,000 metric tonnes of CO2 (2023 est.)"
      },
      "from coal and metallurgical coke": {
        "text": "3 metric tonnes of CO2 (2023 est.)"
      },
      "from petroleum and other liquids": {
        "text": "662,000 metric tonnes of CO2 (2023 est.)"
      }
    },
    "Energy consumption per capita": {
      "Total energy consumption per capita 2023": {
        "text": "30.752 million Btu/person (2023 est.)"
      }
    }
  },
  "Communications": {
    "Telephones - fixed lines": {
      "total subscriptions": {
        "text": "19,000 (2021 est.)"
      },
      "subscriptions per 100 inhabitants": {
        "text": "4 (2022 est.)"
      }
    },
    "Telephones - mobile cellular": {
      "total subscriptions": {
        "text": "264,000 (2021 est.)"
      },
      "subscriptions per 100 inhabitants": {
        "text": "66 (2021 est.)"
      }
    },
    "Broadcast media": {
      "text": "8 privately owned TV stations; multi-channel cable TV provides access to foreign stations; about 25 radio stations broadcasting on roughly 50 different frequencies; state-run radio was privatized in 1998 (2019)"
    },
    "Internet country code": {
      "text": ".bz"
    },
    "Internet users": {
      "percent of population": {
        "text": "72% (2023 est.)"
      }
    },
    "Broadband - fixed subscriptions": {
      "total": {
        "text": "39,000 (2022 est.)"
      },
      "subscriptions per 100 inhabitants": {
        "text": "10 (2022 est.)"
      }
    }
  },
  "Transportation": {
    "Civil aircraft registration country code prefix": {
      "text": "V3"
    },
    "Airports": {
      "text": "27 (2025)"
    },
    "Heliports": {
      "text": "5 (2025)"
    },
    "Merchant marine": {
      "total": {
        "text": "774 (2023)"
      },
      "by type": {
        "text": "bulk carrier 49, general cargo 410, oil tanker 64, other 251"
      }
    },
    "Ports": {
      "total ports": {
        "text": "2 (2024)"
      },
      "large": {
        "text": "0"
      },
      "medium": {
        "text": "0"
      },
      "small": {
        "text": "1"
      },
      "very small": {
        "text": "0"
      },
      "size unknown": {
        "text": "1"
      },
      "ports with oil terminals": {
        "text": "1"
      },
      "key ports": {
        "text": "Belize City, Big Creek"
      }
    }
  },
  "Military and Security": {
    "Military and security forces": {
      "text": "Belize Defense Force (BDF): Army, Air Wing; Belize Coast Guard (BCG) (2025)",
      "note": "<strong>note:</strong> the Ministry of National Defense and Border Security is responsible for oversight of the BDF and the Coast Guard, while the Ministry of Home Affairs and New Growth Industries has responsibility for the Belize Police Department (BPD) and prisons"
    },
    "Military expenditures": {
      "Military Expenditures 2024": {
        "text": "1% of GDP (2024 est.)"
      },
      "Military Expenditures 2023": {
        "text": "0.9% of GDP (2023 est.)"
      },
      "Military Expenditures 2022": {
        "text": "1.1% of GDP (2022 est.)"
      },
      "Military Expenditures 2021": {
        "text": "1.3% of GDP (2021 est.)"
      },
      "Military Expenditures 2020": {
        "text": "1.5% of GDP (2020 est.)"
      }
    },
    "Military and security service personnel strengths": {
      "text": "approximately 1,500 BDF personnel (2025)"
    },
    "Military equipment inventories and acquisitions": {
      "text": "the military has a small inventory consisting mostly of UK- and US-origin equipment (2024)"
    },
    "Military service age and obligation": {
      "text": "18-23 years of age for voluntary military service; laws allow for conscription only if volunteers are insufficient, but conscription has never been implemented; initial service obligation is 12 years (2024)"
    },
    "Military - note": {
      "text": "the Belize Defense Force (BDF) is responsible for external security but also provides some support to civilian authorities; it has limited powers of arrest within land and shoreline areas, while the Coast Guard has arrest powers and jurisdiction within coastal and maritime areas; the BDF traces its history back to the Prince Regent Royal Honduras Militia, a volunteer force established in 1817; the BDF was established in 1978 from the disbanded Police Special Force and the Belize Volunteer Guard to assist the resident British forces with the defense of Belize against Guatemala<br><br>the British Army has maintained a presence in Belize since its independence; the presence consists of a small training support unit that provides jungle training to troops from the UK and international partners (2025)"
    }
  },
  "Transnational Issues": {
    "Illicit drugs": {
      "text": "<p>a significant drug trafficking and transit point between countries in South America and the United States; primary domestic use of narcotics is marijuana and some crack cocaine; a major source of precursor or essential chemicals used in the production of illicit narcotics</p>"
    }
  }
}