{
  "Introduction": {
    "Background": {
      "text": "Populated for centuries by aboriginal peoples, Puerto Rico was claimed by the Spanish Crown in 1493 after Christopher COLUMBUS' second voyage to the Americas. In 1898, after 400 years of colonial rule that saw the indigenous population nearly exterminated and African slave labor introduced, Puerto Rico was ceded to the US as a result of the Spanish-American War. Puerto Ricans were granted US citizenship in 1917. Popularly elected governors have served since 1948. In 1952, a constitution was enacted that provided for internal self-government. In plebiscites held in 1967, 1993, and 1998, voters chose not to alter the existing political status with the US, but the results of a 2012 vote left open the possibility of American statehood. A referendum held in late 2020 showed a narrow preference for statehood.<br><br>Economic recession on the island has led to a net population loss since about 2005, as large numbers of residents moved to the US mainland. In 2017, Hurricane Maria was the worst storm to hit the island in eight decades, and damage was estimated in the tens of billions of dollars. "
    }
  },
  "Geography": {
    "Location": {
      "text": "Caribbean, island between the Caribbean Sea and the North Atlantic Ocean, east of the Dominican Republic"
    },
    "Geographic coordinates": {
      "text": "18 15 N, 66 30 W"
    },
    "Map references": {
      "text": "Central America and the Caribbean"
    },
    "Area": {
      "total ": {
        "text": "9,104 sq km"
      },
      "land": {
        "text": "8,959 sq km"
      },
      "water": {
        "text": "145 sq km"
      }
    },
    "Area - comparative": {
      "text": "slightly less than three times the size of Rhode Island"
    },
    "Land boundaries": {
      "total": {
        "text": "0 km"
      }
    },
    "Coastline": {
      "text": "501 km"
    },
    "Maritime claims": {
      "territorial sea": {
        "text": "12 nm"
      },
      "exclusive economic zone": {
        "text": "200 nm"
      }
    },
    "Climate": {
      "text": "tropical marine, mild; little seasonal temperature variation"
    },
    "Terrain": {
      "text": "mostly mountains with coastal plain in north; precipitous mountains to the sea on west coast; sandy beaches along most coastal areas"
    },
    "Elevation": {
      "highest point": {
        "text": "Cerro de Punta 1,338 m"
      },
      "lowest point": {
        "text": "Caribbean Sea 0 m"
      },
      "mean elevation": {
        "text": "261 m"
      }
    },
    "Natural resources": {
      "text": "some copper and nickel; potential for onshore and offshore oil"
    },
    "Land use": {
      "agricultural land": {
        "text": "19% (2022 est.)"
      },
      "agricultural land: arable land": {
        "text": "arable land: 5.7% (2022 est.)"
      },
      "agricultural land: permanent crops": {
        "text": "permanent crops: 1.8% (2022 est.)"
      },
      "agricultural land: permanent pasture": {
        "text": "permanent pasture: 11.6% (2022 est.)"
      },
      "forest": {
        "text": "56.1% (2022 est.)"
      },
      "other": {
        "text": "24.9% (2022 est.)"
      }
    },
    "Irrigated land": {
      "text": "220 sq km (2012)"
    },
    "Population distribution": {
      "text": "population clusters tend to be found along the coast, with the largest of these in and around San Juan; an exception is a sizeable population located in the interior of the island immediately south of the capital around Caguas; most of the interior, particularly in the western half of the island, is dominated by the Cordillera Central mountains, where population density is low"
    },
    "Natural hazards": {
      "text": "periodic droughts; hurricanes"
    },
    "Geography - note": {
      "text": "important location along the Mona Passage, a key shipping lane to the Panama Canal; San Juan is one of the biggest and best natural harbors in the Caribbean; many small rivers and high central mountains ensure land is well-watered; south coast relatively dry; fertile coastal plain belt in north"
    }
  },
  "People and Society": {
    "Population": {
      "total": {
        "text": "3,019,450 (2024 est.)"
      },
      "male": {
        "text": "1,418,753"
      },
      "female": {
        "text": "1,600,697"
      }
    },
    "Nationality": {
      "noun": {
        "text": "Puerto Rican(s) (US citizens)"
      },
      "adjective": {
        "text": "Puerto Rican"
      }
    },
    "Ethnic groups": {
      "text": "White 75.8%, Black/African American 12.4%, other 8.5% (includes American Indian, Alaskan Native, Native Hawaiian, other Pacific Islander, and others), mixed 3.3% (2010 est.)",
      "note": "<strong>note:</strong> 99% of the population is Latino"
    },
    "Languages": {
      "Languages": {
        "text": "Spanish, English"
      },
      "major-language sample(s)": {
        "text": "<br>La Libreta Informativa del Mundo, la fuente indispensable de información básica. (Spanish)<br><br>The World Factbook, the indispensable source for basic information."
      }
    },
    "Religions": {
      "text": "Roman Catholic 56%, Protestant 33% (largely Pentecostal), other 2%, atheist 1%, none 7% (2014 est.)"
    },
    "Age structure": {
      "0-14 years": {
        "text": "12.5% (male 191,649/female 184,597)"
      },
      "15-64 years": {
        "text": "62.6% (male 904,406/female 986,778)"
      },
      "65 years and over": {
        "text": "24.9% (2024 est.) (male 322,698/female 429,322)"
      }
    },
    "Dependency ratios": {
      "total dependency ratio": {
        "text": "59.7 (2024 est.)"
      },
      "youth dependency ratio": {
        "text": "19.9 (2024 est.)"
      },
      "elderly dependency ratio": {
        "text": "39.8 (2024 est.)"
      },
      "potential support ratio": {
        "text": "2.5 (2024 est.)"
      }
    },
    "Median age": {
      "total": {
        "text": "46.1 years (2024 est.)"
      },
      "male": {
        "text": "44.2 years"
      },
      "female": {
        "text": "47.8 years"
      }
    },
    "Population growth rate": {
      "text": "-1.2% (2024 est.)"
    },
    "Birth rate": {
      "text": "7.8 births/1,000 population (2024 est.)"
    },
    "Death rate": {
      "text": "10.2 deaths/1,000 population (2024 est.)"
    },
    "Net migration rate": {
      "text": "-9.6 migrant(s)/1,000 population (2024 est.)"
    },
    "Population distribution": {
      "text": "population clusters tend to be found along the coast, with the largest of these in and around San Juan; an exception is a sizeable population located in the interior of the island immediately south of the capital around Caguas; most of the interior, particularly in the western half of the island, is dominated by the Cordillera Central mountains, where population density is low"
    },
    "Urbanization": {
      "urban population": {
        "text": "93.6% of total population (2023)"
      },
      "rate of urbanization": {
        "text": "-0.12% annual rate of change (2020-25 est.)"
      }
    },
    "Major urban areas - population": {
      "text": "2.440 million SAN JUAN (capital) (2023)"
    },
    "Sex ratio": {
      "at birth": {
        "text": "1.06 male(s)/female"
      },
      "0-14 years": {
        "text": "1.04 male(s)/female"
      },
      "15-64 years": {
        "text": "0.92 male(s)/female"
      },
      "65 years and over": {
        "text": "0.75 male(s)/female"
      },
      "total population": {
        "text": "0.89 male(s)/female (2024 est.)"
      }
    },
    "Maternal mortality ratio": {
      "text": "34 deaths/100,000 live births (2020 est.)"
    },
    "Infant mortality rate": {
      "total": {
        "text": "5.8 deaths/1,000 live births (2024 est.)"
      },
      "male": {
        "text": "6.4 deaths/1,000 live births"
      },
      "female": {
        "text": "5.2 deaths/1,000 live births"
      }
    },
    "Life expectancy at birth": {
      "total population": {
        "text": "82.1 years (2024 est.)"
      },
      "male": {
        "text": "78.9 years"
      },
      "female": {
        "text": "85.5 years"
      }
    },
    "Total fertility rate": {
      "text": "1.26 children born/woman (2024 est.)"
    },
    "Gross reproduction rate": {
      "text": "0.61 (2024 est.)"
    },
    "Contraceptive prevalence rate": {
      "text": "NA"
    },
    "Drinking water source": {
      "improved: urban": {
        "text": "urban: NA"
      },
      "improved: rural": {
        "text": "rural: NA"
      },
      "improved: total": {
        "text": "total: 100% of population"
      },
      "unimproved: urban": {
        "text": "urban: NA"
      },
      "unimproved: rural": {
        "text": "rural: NA"
      },
      "unimproved: total": {
        "text": "total: 0% of population (2020 est.)"
      }
    },
    "Physician density": {
      "text": "3.06 physicians/1,000 population (2018)"
    },
    "Sanitation facility access": {
      "improved: urban": {
        "text": "urban: NA"
      },
      "improved: rural": {
        "text": "rural: NA"
      },
      "improved: total": {
        "text": "total: 100% of population"
      },
      "unimproved: urban": {
        "text": "urban: NA"
      },
      "unimproved: rural": {
        "text": "rural: NA"
      },
      "unimproved: total": {
        "text": "total: 0% of population (2020 est.)"
      }
    },
    "Currently married women (ages 15-49)": {
      "text": "37.4% (2023 est.)"
    },
    "Education expenditure": {
      "text": "3.6% of GDP (2021 est.)"
    },
    "Literacy": {
      "total population": {
        "text": "92% (2017 est.)"
      },
      "male": {
        "text": "92% (2017 est.)"
      },
      "female": {
        "text": "92% (2017 est.)"
      }
    },
    "School life expectancy (primary to tertiary education)": {
      "total": {
        "text": "16 years"
      },
      "male": {
        "text": "15 years"
      },
      "female": {
        "text": "18 years (2018)"
      }
    }
  },
  "Environment": {
    "Environment - current issues": {
      "text": "soil erosion; occasional droughts cause water shortages; industrial pollution"
    },
    "Climate": {
      "text": "tropical marine, mild; little seasonal temperature variation"
    },
    "Land use": {
      "agricultural land": {
        "text": "19% (2022 est.)"
      },
      "agricultural land: arable land": {
        "text": "arable land: 5.7% (2022 est.)"
      },
      "agricultural land: permanent crops": {
        "text": "permanent crops: 1.8% (2022 est.)"
      },
      "agricultural land: permanent pasture": {
        "text": "permanent pasture: 11.6% (2022 est.)"
      },
      "forest": {
        "text": "56.1% (2022 est.)"
      },
      "other": {
        "text": "24.9% (2022 est.)"
      }
    },
    "Urbanization": {
      "urban population": {
        "text": "93.6% of total population (2023)"
      },
      "rate of urbanization": {
        "text": "-0.12% annual rate of change (2020-25 est.)"
      }
    },
    "Waste and recycling": {
      "municipal solid waste generated annually": {
        "text": "4,170,953 tons (2015 est.)"
      },
      "municipal solid waste recycled annually": {
        "text": "583,933 tons (2013 est.)"
      },
      "percent of municipal solid waste recycled": {
        "text": "14% (2013 est.)"
      }
    },
    "Total water withdrawal": {
      "municipal": {
        "text": "800 million cubic meters (2020 est.)"
      },
      "industrial": {
        "text": "2.37 billion cubic meters (2020 est.)"
      },
      "agricultural": {
        "text": "110 million cubic meters (2020 est.)"
      }
    },
    "Total renewable water resources": {
      "text": "7.1 billion cubic meters (2020 est.)"
    }
  },
  "Government": {
    "Country name": {
      "conventional long form": {
        "text": "Commonwealth of Puerto Rico"
      },
      "conventional short form": {
        "text": "Puerto Rico"
      },
      "abbreviation": {
        "text": "PR"
      },
      "etymology": {
        "text": "Christopher COLUMBUS originally named the island San Juan Bautista (Saint John the Baptist) and the capital city and main port Cuidad de Puerto Rico (Rich Port City); over time, the names were shortened and transposed"
      }
    },
    "Government type": {
      "text": "unincorporated organized territory of the US with local self-government; republican form of territorial government with separate executive, legislative, and judicial branches; note - reference Puerto Rican Federal Relations Act, 2 March 1917, as amended by Public Law 600, 3 July 1950"
    },
    "Dependency status": {
      "text": "unincorporated organized territory of the US with commonwealth status; policy relations between Puerto Rico and the US conducted under the jurisdiction of the Office of the President"
    },
    "Capital": {
      "name": {
        "text": "San Juan"
      },
      "geographic coordinates": {
        "text": "18 28 N, 66 07 W"
      },
      "time difference": {
        "text": "UTC-4 (1 hour ahead of Washington, DC, during Standard Time)"
      },
      "etymology": {
        "text": "Spanish explorer Juan PONCE de Leon named the city in 1511 both for himself and for his name saint, Saint John"
      }
    },
    "Administrative divisions": {
      "text": "none (territory of the US); there are no first-order administrative divisions as defined by the US government, but 78 municipalities (<em>municipios</em>, singular - <em>municipio</em>) are considered second-order: Adjuntas, Aguada, Aguadilla, Aguas Buenas, Aibonito, Anasco, Arecibo, Arroyo, Barceloneta, Barranquitas, Bayamon, Cabo Rojo, Caguas, Camuy, Canovanas, Carolina, Catano, Cayey, Ceiba, Ciales, Cidra, Coamo, Comerio, Corozal, Culebra, Dorado, Fajardo, Florida, Guanica, Guayama, Guayanilla, Guaynabo, Gurabo, Hatillo, Hormigueros, Humacao, Isabela, Jayuya, Juana Diaz, Juncos, Lajas, Lares, Las Marias, Las Piedras, Loiza, Luquillo, Manati, Maricao, Maunabo, Mayaguez, Moca, Morovis, Naguabo, Naranjito, Orocovis, Patillas, Penuelas, Ponce, Quebradillas, Rincon, Rio Grande, Sabana Grande, Salinas, San German, San Juan, San Lorenzo, San Sebastian, Santa Isabel, Toa Alta, Toa Baja, Trujillo Alto, Utuado, Vega Alta, Vega Baja, Vieques, Villalba, Yabucoa, Yauco"
    },
    "Legal system": {
      "text": "civil law system based on the Spanish civil code, within the framework of the US federal system"
    },
    "Constitution": {
      "history": {
        "text": "previous 1900 (Organic Act, or Foraker Act); latest ratified by referendum 3 March 1952, approved 3 July 1952, effective 25 July 1952"
      },
      "amendment process": {
        "text": "proposed by a concurrent resolution of at least two-thirds majority by the total Legislative Assembly membership; approval requires at least two-thirds majority vote by the membership of both houses and approval by a majority of voters in a special referendum; if passed by at least three-fourths Assembly vote, the referendum can be held concurrently with the next general election; constitutional articles such as the republican form of government or the bill of rights cannot be amended"
      }
    },
    "Citizenship": {
      "text": "see United States"
    },
    "Suffrage": {
      "text": "18 years of age; universal; note - island residents are US citizens but do not vote in US presidential elections"
    },
    "Executive branch": {
      "chief of state": {
        "text": "President Donald J. TRUMP (since 20 January 2025)"
      },
      "head of government": {
        "text": "Governor Jenniffer GONZ&Aacute;LEZ-COL&Oacute;N (since 2 January 2025)"
      },
      "cabinet": {
        "text": "Cabinet appointed by governor with the consent of the Legislative Assembly"
      },
      "elections/appointments": {
        "text": "president and vice president indirectly elected on the same ballot by an Electoral College of electors chosen from each state; president and vice president serve a 4-year term (eligible for a second term); under the US Constitution, residents of Puerto Rico do not vote in elections for US president and vice president, but they can vote in Democratic and Republican party presidential primary elections; governor directly elected by simple-majority popular vote for a 4-year term (no term limits)"
      },
      "most recent election date": {
        "text": "5 November 2024"
      },
      "election results": {
        "text": "<p><em>2024: </em>Jenniffer GONZÁLEZ-COLÓN elected governor; percent of vote - Jenniffer GONZÁLEZ-COLÓN (PNP) 39.4%, Juan DALMAU Ramírez (PIP) 32.7%, Jesús Manuel ORTIZ (PPD) 21.1%, Javier JIMÉNEZ (PD) 6.7%, other 0.1%<em><br><br>2020:</em> Pedro PIERLUISI elected governor; percent of vote - Pedro PIERLUISI (PNP) 32.9%, Carlos DELGADO (PPD) 31.6%, Alexandra LUGARO (independent) 14.2%, Juan DALMAU (PIP) 13.7%, other 7.6%</p>"
      },
      "expected date of next election": {
        "text": "7 November 2028"
      }
    },
    "Legislative branch": {
      "legislature name": {
        "text": "Legislative Assembly (Asamblea Legislativa)"
      },
      "legislative structure": {
        "text": "bicameral"
      },
      "term in office": {
        "text": "4 years"
      },
      "note": "<strong>note:</strong> Puerto Rico directly elects 1 member by simple majority vote to serve a 4-year term as a commissioner to the US House of Representatives; the commissioner can vote when serving on a committee and when the House meets as the Committee of the Whole House but not when legislation is submitted for a 'full floor' House vote; election of commissioner last held on 6 November 2018 (next to be held in November 2022)"
    },
    "Legislative branch - lower chamber": {
      "chamber name": {
        "text": "House of Representatives (Camara de Representantes)"
      },
      "number of seats": {
        "text": "51 (directly elected)"
      },
      "electoral system": {
        "text": "plurality/majority"
      },
      "scope of elections": {
        "text": "full renewal"
      },
      "term in office": {
        "text": "4 years"
      },
      "most recent election date": {
        "text": "11/3/2020"
      },
      "parties elected and seats per party": {
        "text": "PPD (26); PNP (21); MVC (2); PIP (1); PD (1)"
      },
      "percentage of women in chamber": {
        "text": "19.6%"
      },
      "expected date of next election": {
        "text": "November 2024"
      }
    },
    "Legislative branch - upper chamber": {
      "chamber name": {
        "text": "Senate (Senado)"
      },
      "number of seats": {
        "text": "30 (directly elected)"
      },
      "electoral system": {
        "text": "plurality/majority"
      },
      "scope of elections": {
        "text": "full renewal"
      },
      "term in office": {
        "text": "4 years"
      },
      "most recent election date": {
        "text": "11/3/2020"
      },
      "parties elected and seats per party": {
        "text": "PPD (12); NP (10); MVC (2); PD (1); PIP (1); independent (1)"
      },
      "percentage of women in chamber": {
        "text": "48.1%"
      },
      "expected date of next election": {
        "text": "November 2024"
      }
    },
    "Judicial branch": {
      "highest court(s)": {
        "text": "Supreme Court (consists of the chief justice and 8 associate justices)"
      },
      "judge selection and term of office": {
        "text": "justices appointed by the governor and confirmed by majority Senate vote; judges serve until compulsory retirement at age 70"
      },
      "subordinate courts": {
        "text": "Court of Appeals; First Instance Court comprised of superior and municipal courts"
      }
    },
    "Political parties": {
      "text": "Citizens' Victory Movement (Movimiento Victoria Ciudadana) or MVC<br>Democratic Party of Puerto Rico<br>New Progressive Party or PNP (pro-US statehood)<br>Popular Democratic Party or PPD (pro-commonwealth)<br>Project Dignity (Projecto Dignidad) or PD<br>Puerto Rican Independence Party or PIP (pro-independence)<br>Republican Party of Puerto Rico"
    },
    "Diplomatic representation in the US": {
      "text": "none (territory of the US)"
    },
    "Diplomatic representation from the US": {
      "embassy": {
        "text": "none (territory of the US with commonwealth status)"
      }
    },
    "International organization participation": {
      "text": "AOSIS (observer), Caricom (observer), Interpol (subbureau), IOC, UNWTO (associate), UPU, WFTU (NGOs)"
    },
    "Independence": {
      "text": "none (territory of the US with commonwealth status)"
    },
    "National holiday": {
      "text": "US Independence Day, 4 July (1776); Puerto Rico Constitution Day, 25 July (1952)"
    },
    "Flag description": {
      "text": "five equal horizontal bands of red (top, center, and bottom) alternating with white; a blue isosceles triangle based on the hoist side has a large five-pointed white star in the center, symbolizing the country; the three sides of the triangle stand for the executive, legislative, and judicial parts of the government; blue stands for the sky and the coastal waters, red for the blood shed by warriors, and white for liberty, victory, and peace",
      "note": "<strong>note:</strong> design initially influenced by the US flag, but similar to the Cuban flag, with the colors of the bands and triangle reversed"
    },
    "National symbol(s)": {
      "text": "Puerto Rican spindalis (bird), coqui (frog)"
    },
    "National color(s)": {
      "text": "red, white, blue"
    },
    "National anthem": {
      "name": {
        "text": "\"La Borinquena\" (The Puerto Rican)"
      },
      "lyrics/music": {
        "text": "Manuel Fernandez JUNCOS/Felix Astol ARTES"
      },
      "note": "<strong>note:</strong> music adopted 1952, lyrics adopted 1977; the local anthem's name is a reference to the indigenous name of the island, Borinquen; the music was originally composed as a dance in 1867 and gained popularity in the early 20th century; there is some evidence that the music was written by Francisco RAMIREZ; as a commonwealth of the US, \"The Star-Spangled Banner\" is official (see United States)"
    },
    "National heritage": {
      "total World Heritage Sites": {
        "text": "1 (cultural); note - excerpted from the US entry"
      },
      "selected World Heritage Site locales": {
        "text": "La Fortaleza and San Juan National Historic Site"
      }
    }
  },
  "Economy": {
    "Economic overview": {
      "text": "US Caribbean island territorial economy; hit hard by COVID-19 and hurricanes; declining labor force and job growth after a decade of continuous recession; capital-based industry and tourism; high poverty; energy import-dependent"
    },
    "Real GDP (purchasing power parity)": {
      "Real GDP (purchasing power parity) 2023": {
        "text": "$137.828 billion (2023 est.)"
      },
      "Real GDP (purchasing power parity) 2022": {
        "text": "$137.056 billion (2022 est.)"
      },
      "Real GDP (purchasing power parity) 2021": {
        "text": "$132.334 billion (2021 est.)"
      },
      "note": "<b>note:</b> data in 2021 dollars"
    },
    "Real GDP growth rate": {
      "Real GDP growth rate 2023": {
        "text": "0.56% (2023 est.)"
      },
      "Real GDP growth rate 2022": {
        "text": "3.57% (2022 est.)"
      },
      "Real GDP growth rate 2021": {
        "text": "0.39% (2021 est.)"
      },
      "note": "<b>note:</b> annual GDP % growth based on constant local currency"
    },
    "Real GDP per capita": {
      "Real GDP per capita 2023": {
        "text": "$43,000 (2023 est.)"
      },
      "Real GDP per capita 2022": {
        "text": "$42,600 (2022 est.)"
      },
      "Real GDP per capita 2021": {
        "text": "$40,600 (2021 est.)"
      },
      "note": "<b>note:</b> data in 2021 dollars"
    },
    "GDP (official exchange rate)": {
      "text": "$117.902 billion (2023 est.)",
      "note": "<b>note:</b> data in current dollars at official exchange rate"
    },
    "Inflation rate (consumer prices)": {
      "Inflation rate (consumer prices) 2017": {
        "text": "1.8% (2017 est.)"
      },
      "Inflation rate (consumer prices) 2016": {
        "text": "-0.3% (2016 est.)"
      }
    },
    "GDP - composition, by sector of origin": {
      "agriculture": {
        "text": "0.7% (2023 est.)"
      },
      "industry": {
        "text": "49.1% (2023 est.)"
      },
      "services": {
        "text": "50.6% (2023 est.)"
      },
      "note": "<b>note:</b> figures may not total 100% due to non-allocated consumption not captured in sector-reported data"
    },
    "GDP - composition, by end use": {
      "household consumption": {
        "text": "80% (2023 est.)"
      },
      "government consumption": {
        "text": "7.1% (2023 est.)"
      },
      "investment in fixed capital": {
        "text": "13.7% (2023 est.)"
      },
      "investment in inventories": {
        "text": "0.5% (2023 est.)"
      },
      "exports of goods and services": {
        "text": "53.9% (2023 est.)"
      },
      "imports of goods and services": {
        "text": "-47.8% (2023 est.)"
      },
      "note": "<b>note:</b> figures may not total 100% due to rounding or gaps in data collection"
    },
    "Agricultural products": {
      "text": "milk, plantains, bananas, tomatoes, chicken, oranges, mangoes/guavas, pineapples, eggs, pumpkins/squash (2023)",
      "note": "<b>note:</b> top ten agricultural products based on tonnage"
    },
    "Industries": {
      "text": "pharmaceuticals, electronics, apparel, food products, tourism"
    },
    "Industrial production growth rate": {
      "text": "4.3% (2014 est.)",
      "note": "<b>note:</b> annual % change in industrial value added based on constant local currency"
    },
    "Labor force": {
      "text": "1.15 million (2024 est.)",
      "note": "<b>note:</b> number of people ages 15 or older who are employed or seeking work"
    },
    "Unemployment rate": {
      "Unemployment rate 2024": {
        "text": "5.5% (2024 est.)"
      },
      "Unemployment rate 2023": {
        "text": "5.7% (2023 est.)"
      },
      "Unemployment rate 2022": {
        "text": "6% (2022 est.)"
      },
      "note": "<b>note:</b> % of labor force seeking employment"
    },
    "Youth unemployment rate (ages 15-24)": {
      "total": {
        "text": "12.5% (2024 est.)"
      },
      "male": {
        "text": "14% (2024 est.)"
      },
      "female": {
        "text": "9.8% (2024 est.)"
      },
      "note": "<b>note:</b> % of labor force ages 15-24 seeking employment"
    },
    "Budget": {
      "revenues": {
        "text": "$9.268 billion (2017 est.)"
      },
      "expenditures": {
        "text": "$9.974 billion (2017 est.)"
      }
    },
    "Public debt": {
      "Public debt 2017": {
        "text": "51.6% of GDP (2017 est.)"
      }
    },
    "Taxes and other revenues": {
      "text": "8.9% (of GDP) (2017 est.)"
    },
    "Exports": {
      "Exports 2023": {
        "text": "$63.579 billion (2023 est.)"
      },
      "Exports 2022": {
        "text": "$59.714 billion (2022 est.)"
      },
      "Exports 2021": {
        "text": "$57.91 billion (2021 est.)"
      },
      "note": "<strong>note: </strong>GDP expenditure basis - exports of goods and services in current dollars"
    },
    "Exports - partners": {
      "text": "Italy 15%, Netherlands 15%, Belgium 9%, Japan 8%, Germany 8%, Austria 8%, Spain 7%, China 5% (2019)"
    },
    "Exports - commodities": {
      "text": "packaged medicines, medical cultures/vaccines, hormones, orthopedic and medical appliances, sulfur compounds (2019)",
      "note": "top five export commodities based on value in dollars"
    },
    "Imports": {
      "Imports 2023": {
        "text": "$56.359 billion (2023 est.)"
      },
      "Imports 2022": {
        "text": "$52.15 billion (2022 est.)"
      },
      "Imports 2021": {
        "text": "$45.051 billion (2021 est.)"
      },
      "note": "<strong>note: </strong>GDP expenditure basis - imports of goods and services in current dollars"
    },
    "Imports - partners": {
      "text": "Ireland 38%, Singapore 9%, Switzerland 8%, South Korea 5% (2019)"
    },
    "Imports - commodities": {
      "text": "nitrogen compounds, sulfur compounds, refined petroleum, medical cultures/vaccines, cars (2019)"
    },
    "Exchange rates": {
      "text": "<p>the US dollar is used</p>"
    }
  },
  "Energy": {
    "Electricity access": {
      "electrification - total population": {
        "text": "100% (2022 est.)"
      }
    },
    "Electricity": {
      "installed generating capacity": {
        "text": "6.898 million kW (2023 est.)"
      },
      "consumption": {
        "text": "18.669 billion kWh (2023 est.)"
      },
      "transmission/distribution losses": {
        "text": "1.224 billion kWh (2023 est.)"
      }
    },
    "Electricity generation sources": {
      "fossil fuels": {
        "text": "94.6% of total installed capacity (2023 est.)"
      },
      "solar": {
        "text": "4.3% of total installed capacity (2023 est.)"
      },
      "wind": {
        "text": "0.8% of total installed capacity (2023 est.)"
      },
      "hydroelectricity": {
        "text": "0.2% of total installed capacity (2023 est.)"
      },
      "biomass and waste": {
        "text": "0.1% of total installed capacity (2023 est.)"
      }
    },
    "Coal": {
      "consumption": {
        "text": "1.124 million metric tons (2023 est.)"
      },
      "exports": {
        "text": "500 metric tons (2023 est.)"
      },
      "imports": {
        "text": "1.124 million metric tons (2023 est.)"
      }
    },
    "Petroleum": {
      "refined petroleum consumption": {
        "text": "80,000 bbl/day (2023 est.)"
      }
    },
    "Natural gas": {
      "consumption": {
        "text": "2.315 billion cubic meters (2023 est.)"
      },
      "exports": {
        "text": "15.627 million cubic meters (2023 est.)"
      },
      "imports": {
        "text": "2.331 billion cubic meters (2023 est.)"
      }
    },
    "Carbon dioxide emissions": {
      "total emissions": {
        "text": "18.833 million metric tonnes of CO2 (2023 est.)"
      },
      "from coal and metallurgical coke": {
        "text": "2.49 million metric tonnes of CO2 (2023 est.)"
      },
      "from petroleum and other liquids": {
        "text": "11.801 million metric tonnes of CO2 (2023 est.)"
      },
      "from consumed natural gas": {
        "text": "4.542 million metric tonnes of CO2 (2023 est.)"
      }
    },
    "Energy consumption per capita": {
      "Total energy consumption per capita 2023": {
        "text": "86.286 million Btu/person (2023 est.)"
      }
    }
  },
  "Communications": {
    "Telephones - fixed lines": {
      "total subscriptions": {
        "text": "758,000 (2023 est.)"
      },
      "subscriptions per 100 inhabitants": {
        "text": "23 (2023 est.)"
      }
    },
    "Telephones - mobile cellular": {
      "total subscriptions": {
        "text": "4.04 million (2023 est.)"
      },
      "subscriptions per 100 inhabitants": {
        "text": "120 (2022 est.)"
      }
    },
    "Broadcast media": {
      "text": "more than 30 TV stations; cable TV subscription services are available; roughly 125 radio stations"
    },
    "Internet country code": {
      "text": ".pr"
    },
    "Internet users": {
      "percent of population": {
        "text": "87% (2022 est.)"
      }
    },
    "Broadband - fixed subscriptions": {
      "total": {
        "text": "751,000 (2023 est.)"
      },
      "subscriptions per 100 inhabitants": {
        "text": "23 (2023 est.)"
      }
    }
  },
  "Transportation": {
    "Airports": {
      "text": "20 (2025)"
    },
    "Heliports": {
      "text": "40 (2025)"
    },
    "Ports": {
      "total ports": {
        "text": "14 (2024)"
      },
      "large": {
        "text": "0"
      },
      "medium": {
        "text": "3"
      },
      "small": {
        "text": "4"
      },
      "very small": {
        "text": "7"
      },
      "ports with oil terminals": {
        "text": "7"
      },
      "key ports": {
        "text": "Arroyo, Ensenada Honda, Mayaguez, Playa de Guanica, Playa de Guayanilla, Playa de Ponce, San Juan"
      }
    }
  },
  "Military and Security": {
    "Military and security forces": {
      "text": "Puerto Rico Police; Puerto Rico (US) National Guard (Guardia Nacional de Puerto Rico or GNPR) (2025)",
      "note": "<strong>note: </strong>the GNPR was created by order of the US Congress in June 1919; the organization traces its lineage and history to Spanish militias created in 1511 and is one of the oldest organizations in the US National Guard system"
    },
    "Military - note": {
      "text": "defense is the responsibility of the US"
    }
  },
  "Transnational Issues": {
  }
}