{
  "Introduction": {
    "Background": {
      "text": "Resistance from native Caribs prevented colonization on Saint Vincent until 1719. France and England disputed the island for most of the 18th century, but it was ceded to England in 1783. The British prized Saint Vincent because of its fertile soil, which allowed for thriving slave-run plantations of sugar, coffee, indigo, tobacco, cotton, and cocoa. In 1834, the British abolished slavery. Immigration of indentured servants eased the ensuing labor shortage, as did subsequent immigrant waves from Portugal and East India. Conditions remained harsh for both former slaves and immigrant agricultural workers, however, as depressed world sugar prices kept the economy stagnant until the early 1900s. The economy then went into a period of decline, with many landowners abandoning their estates and leaving the land to be cultivated by liberated slaves. <br><br>Between 1960 and 1962, Saint Vincent and the Grenadines was a separate administrative unit of the Federation of the West Indies. Autonomy was granted in 1969 and independence in 1979. In 2021, the eruption of the La Soufrière volcano in the north of Saint Vincent destroyed much of Saint Vincent’s most productive agricultural lands. Unlike most of its tourism-dependent neighbors, the Vincentian economy is primarily agricultural. "
    }
  },
  "Geography": {
    "Location": {
      "text": "Caribbean, islands between the Caribbean Sea and North Atlantic Ocean, north of Trinidad and Tobago"
    },
    "Geographic coordinates": {
      "text": "13 15 N, 61 12 W"
    },
    "Map references": {
      "text": "Central America and the Caribbean"
    },
    "Area": {
      "total ": {
        "text": "389 sq km (Saint Vincent 344 sq km)"
      },
      "land": {
        "text": "389 sq km"
      },
      "water": {
        "text": "0 sq km"
      }
    },
    "Area - comparative": {
      "text": "twice the size of Washington, D.C."
    },
    "Land boundaries": {
      "total": {
        "text": "0 km"
      }
    },
    "Coastline": {
      "text": "84 km"
    },
    "Maritime claims": {
      "territorial sea": {
        "text": "12 nm"
      },
      "contiguous zone": {
        "text": "24 nm"
      },
      "exclusive economic zone": {
        "text": "200 nm"
      },
      "continental shelf": {
        "text": "200 nm"
      }
    },
    "Climate": {
      "text": "tropical; little seasonal temperature variation; rainy season (May to November)"
    },
    "Terrain": {
      "text": "volcanic, mountainous"
    },
    "Elevation": {
      "highest point": {
        "text": "La Soufriere 1,234 m"
      },
      "lowest point": {
        "text": "Caribbean Sea 0 m"
      }
    },
    "Natural resources": {
      "text": "hydropower, arable land"
    },
    "Land use": {
      "agricultural land": {
        "text": "17.9% (2022 est.)"
      },
      "agricultural land: arable land": {
        "text": "arable land: 5.1% (2022 est.)"
      },
      "agricultural land: permanent crops": {
        "text": "permanent crops: 7.7% (2022 est.)"
      },
      "agricultural land: permanent pasture": {
        "text": "permanent pasture: 5.1% (2022 est.)"
      },
      "forest": {
        "text": "73.2% (2022 est.)"
      },
      "other": {
        "text": "8.9% (2022 est.)"
      }
    },
    "Irrigated land": {
      "text": "10 sq km (2012)"
    },
    "Population distribution": {
      "text": "most of the population is concentrated in and around the capital of Kingstown"
    },
    "Natural hazards": {
      "text": "<p>hurricanes; La Soufriere volcano on the island of Saint Vincent is a constant threat</p><p><strong>volcanism:</strong> La Soufriere (1,234 m) on the island of Saint Vincent last erupted in 1979; the island of Saint Vincent is part of the volcanic island arc of the Lesser Antilles that extends from Saba in the north to Grenada in the south</p>"
    },
    "Geography - note": {
      "text": "the administration of the islands of the Grenadines group is divided between Saint Vincent and the Grenadines and Grenada; Saint Vincent and the Grenadines is composed of 32 islands and cays"
    }
  },
  "People and Society": {
    "Population": {
      "total": {
        "text": "100,647 (2024 est.)"
      },
      "male": {
        "text": "51,249"
      },
      "female": {
        "text": "49,398"
      }
    },
    "Nationality": {
      "noun": {
        "text": "Saint Vincentian(s) or Vincentian(s)"
      },
      "adjective": {
        "text": "Saint Vincentian or Vincentian"
      }
    },
    "Ethnic groups": {
      "text": "African descent 71.2%, mixed 23%, Indigenous 3%, East Indian/Indian 1.1%, European 1.5%, other 0.2% (2012 est.)"
    },
    "Languages": {
      "text": "English, Vincentian Creole English, French patois"
    },
    "Religions": {
      "text": "Protestant 75% (Pentecostal 27.6%, Anglican 13.9%, Seventh Day Adventist 11.6%,&nbsp; Baptist 8.9%, Methodist 8.7%, Evangelical 3.8%, Salvation Army 0.3%, Presbyterian/Congregational 0.3%), Roman Catholic 6.3%,&nbsp; Rastafarian 1.1%, Jehovah's Witness 0.8%, other 4.7%, none 7.5%, unspecified 4.7% (2012 est.)"
    },
    "Age structure": {
      "0-14 years": {
        "text": "18.8% (male 9,527/female 9,353)"
      },
      "15-64 years": {
        "text": "68.2% (male 35,401/female 33,288)"
      },
      "65 years and over": {
        "text": "13% (2024 est.) (male 6,321/female 6,757)"
      }
    },
    "Dependency ratios": {
      "total dependency ratio": {
        "text": "46.5 (2024 est.)"
      },
      "youth dependency ratio": {
        "text": "27.5 (2024 est.)"
      },
      "elderly dependency ratio": {
        "text": "19 (2024 est.)"
      },
      "potential support ratio": {
        "text": "5.3 (2024 est.)"
      }
    },
    "Median age": {
      "total": {
        "text": "37.6 years (2024 est.)"
      },
      "male": {
        "text": "37.7 years"
      },
      "female": {
        "text": "37.4 years"
      }
    },
    "Population growth rate": {
      "text": "-0.15% (2024 est.)"
    },
    "Birth rate": {
      "text": "11.9 births/1,000 population (2024 est.)"
    },
    "Death rate": {
      "text": "7.7 deaths/1,000 population (2024 est.)"
    },
    "Net migration rate": {
      "text": "-5.8 migrant(s)/1,000 population (2024 est.)"
    },
    "Population distribution": {
      "text": "most of the population is concentrated in and around the capital of Kingstown"
    },
    "Urbanization": {
      "urban population": {
        "text": "54.3% of total population (2023)"
      },
      "rate of urbanization": {
        "text": "0.94% annual rate of change (2020-25 est.)"
      }
    },
    "Major urban areas - population": {
      "text": "27,000 KINGSTOWN (capital) (2018)"
    },
    "Sex ratio": {
      "at birth": {
        "text": "1.03 male(s)/female"
      },
      "0-14 years": {
        "text": "1.02 male(s)/female"
      },
      "15-64 years": {
        "text": "1.06 male(s)/female"
      },
      "65 years and over": {
        "text": "0.94 male(s)/female"
      },
      "total population": {
        "text": "1.04 male(s)/female (2024 est.)"
      }
    },
    "Maternal mortality ratio": {
      "text": "62 deaths/100,000 live births (2020 est.)"
    },
    "Infant mortality rate": {
      "total": {
        "text": "12.3 deaths/1,000 live births (2024 est.)"
      },
      "male": {
        "text": "13.9 deaths/1,000 live births"
      },
      "female": {
        "text": "10.7 deaths/1,000 live births"
      }
    },
    "Life expectancy at birth": {
      "total population": {
        "text": "77.2 years (2024 est.)"
      },
      "male": {
        "text": "75.2 years"
      },
      "female": {
        "text": "79.3 years"
      }
    },
    "Total fertility rate": {
      "text": "1.74 children born/woman (2024 est.)"
    },
    "Gross reproduction rate": {
      "text": "0.85 (2024 est.)"
    },
    "Contraceptive prevalence rate": {
      "text": "NA"
    },
    "Drinking water source": {
      "improved: total": {
        "text": "total: 95.1% of population"
      },
      "unimproved: total": {
        "text": "total: 4.9% of population (2017 est.)"
      }
    },
    "Health expenditure": {
      "Health expenditure (as % of GDP)": {
        "text": "5.4% of GDP (2021)"
      },
      "Health expenditure (as % of national budget)": {
        "text": "8.6% of national budget (2022 est.)"
      }
    },
    "Physician density": {
      "text": "0.66 physicians/1,000 population (2012)"
    },
    "Hospital bed density": {
      "text": "4.2 beds/1,000 population (2021 est.)"
    },
    "Sanitation facility access": {
      "improved: urban": {
        "text": "urban: NA"
      },
      "improved: rural": {
        "text": "rural: NA"
      },
      "improved: total": {
        "text": "total: 90.2% of population"
      },
      "unimproved: urban": {
        "text": "urban: NA"
      },
      "unimproved: rural": {
        "text": "rural: NA"
      },
      "unimproved: total": {
        "text": "total: 9.8% of population (2017 est.)"
      }
    },
    "Obesity - adult prevalence rate": {
      "text": "23.7% (2016)"
    },
    "Alcohol consumption per capita": {
      "total": {
        "text": "7.48 liters of pure alcohol (2019 est.)"
      },
      "beer": {
        "text": "2.52 liters of pure alcohol (2019 est.)"
      },
      "wine": {
        "text": "0.24 liters of pure alcohol (2019 est.)"
      },
      "spirits": {
        "text": "4.48 liters of pure alcohol (2019 est.)"
      },
      "other alcohols": {
        "text": "0.23 liters of pure alcohol (2019 est.)"
      }
    },
    "Currently married women (ages 15-49)": {
      "text": "53.3% (2023 est.)"
    },
    "Education expenditure": {
      "Education expenditure (% GDP)": {
        "text": "6.5% of GDP (2023 est.)"
      },
      "Education expenditure (% national budget)": {
        "text": "12.6% national budget (2024 est.)"
      }
    },
    "Literacy": {
      "total population": {
        "text": "NA"
      },
      "male": {
        "text": "NA"
      },
      "female": {
        "text": "NA"
      }
    },
    "School life expectancy (primary to tertiary education)": {
      "total": {
        "text": "14 years"
      },
      "male": {
        "text": "14 years"
      },
      "female": {
        "text": "15 years (2015)"
      }
    }
  },
  "Environment": {
    "Environment - current issues": {
      "text": "pollution of coastal waters and shorelines from boats; poor land-use planning; deforestation; watershed management; squatter settlement control"
    },
    "Environment - international agreements": {
      "party to": {
        "text": "Biodiversity, Climate Change, Climate Change-Kyoto Protocol, Climate Change-Paris Agreement, Comprehensive Nuclear Test Ban, Desertification, Endangered Species, Environmental Modification, Hazardous Wastes, Law of the Sea, Marine Dumping-London Convention, Ozone Layer Protection, Ship Pollution, Whaling"
      },
      "signed, but not ratified": {
        "text": "none of the selected agreements"
      }
    },
    "Climate": {
      "text": "tropical; little seasonal temperature variation; rainy season (May to November)"
    },
    "Land use": {
      "agricultural land": {
        "text": "17.9% (2022 est.)"
      },
      "agricultural land: arable land": {
        "text": "arable land: 5.1% (2022 est.)"
      },
      "agricultural land: permanent crops": {
        "text": "permanent crops: 7.7% (2022 est.)"
      },
      "agricultural land: permanent pasture": {
        "text": "permanent pasture: 5.1% (2022 est.)"
      },
      "forest": {
        "text": "73.2% (2022 est.)"
      },
      "other": {
        "text": "8.9% (2022 est.)"
      }
    },
    "Urbanization": {
      "urban population": {
        "text": "54.3% of total population (2023)"
      },
      "rate of urbanization": {
        "text": "0.94% annual rate of change (2020-25 est.)"
      }
    },
    "Air pollutants": {
      "particulate matter emissions": {
        "text": "9.41 micrograms per cubic meter (2019 est.)"
      },
      "carbon dioxide emissions": {
        "text": "0.22 megatons (2016 est.)"
      },
      "methane emissions": {
        "text": "0.09 megatons (2020 est.)"
      }
    },
    "Waste and recycling": {
      "municipal solid waste generated annually": {
        "text": "31,561 tons (2015 est.)"
      }
    },
    "Total water withdrawal": {
      "municipal": {
        "text": "10 million cubic meters (2020 est.)"
      },
      "industrial": {
        "text": "2,000 cubic meters (2017 est.)"
      },
      "agricultural": {
        "text": "0 cubic meters (2017 est.)"
      }
    },
    "Total renewable water resources": {
      "text": "100 million cubic meters (2020 est.)"
    }
  },
  "Government": {
    "Country name": {
      "conventional long form": {
        "text": "none"
      },
      "conventional short form": {
        "text": "Saint Vincent and the Grenadines"
      },
      "etymology": {
        "text": "explorer Christopher COLUMBUS named the island after Saint VINCENT of Saragossa because 22 January 1498, the day of discovery, was the saint's feast day"
      }
    },
    "Government type": {
      "text": "parliamentary democracy under a constitutional monarchy; a Commonwealth realm"
    },
    "Capital": {
      "name": {
        "text": "Kingstown"
      },
      "geographic coordinates": {
        "text": "13 08 N, 61 13 W"
      },
      "time difference": {
        "text": "UTC-4 (1 hour ahead of Washington, DC, during Standard Time)"
      }
    },
    "Administrative divisions": {
      "text": "6 parishes; Charlotte, Grenadines, Saint Andrew, Saint David, Saint George, Saint Patrick"
    },
    "Legal system": {
      "text": "English common law"
    },
    "Constitution": {
      "history": {
        "text": "previous 1969, 1975; latest drafted 26 July 1979, effective 27 October 1979 (The Saint Vincent Constitution Order 1979)"
      },
      "amendment process": {
        "text": "proposed by the House of Assembly; passage requires at least two-thirds majority vote of the Assembly membership and assent of the governor general; passage of amendments to constitutional sections on fundamental rights and freedoms, citizen protections, various government functions and authorities, and constitutional amendment procedures requires approval by the Assembly membership, approval in a referendum of at least two thirds of the votes cast, and assent of the governor general"
      }
    },
    "International law organization participation": {
      "text": "has not submitted an ICJ jurisdiction declaration; accepts ICCt jurisdiction"
    },
    "Citizenship": {
      "citizenship by birth": {
        "text": "yes"
      },
      "citizenship by descent only": {
        "text": "at least one parent must be a citizen of Saint Vincent and the Grenadines"
      },
      "dual citizenship recognized": {
        "text": "yes"
      },
      "residency requirement for naturalization": {
        "text": "7 years"
      }
    },
    "Suffrage": {
      "text": "18 years of age; universal"
    },
    "Executive branch": {
      "chief of state": {
        "text": "King CHARLES III (since 8 September 2022); represented by Governor General Susan DOUGAN (since 1 August 2019)"
      },
      "head of government": {
        "text": "Prime Minister Ralph Everard GONSALVES (since 29 March 2001)"
      },
      "cabinet": {
        "text": "Cabinet appointed by the governor general on the advice of the prime minister"
      },
      "elections/appointments": {
        "text": "the monarchy is hereditary; governor general appointed by the monarch; following legislative elections, the governor general usually appoints the leader of the majority party or majority coalition as prime minister; deputy prime minister also appointed by governor general on the advice of the prime minister"
      }
    },
    "Legislative branch": {
      "legislature name": {
        "text": "House of Assembly"
      },
      "legislative structure": {
        "text": "unicameral"
      },
      "number of seats": {
        "text": "22 (15 directly elected; 6 appointed)"
      },
      "electoral system": {
        "text": "plurality/majority"
      },
      "scope of elections": {
        "text": "full renewal"
      },
      "term in office": {
        "text": "5 years"
      },
      "most recent election date": {
        "text": "11/5/2020"
      },
      "parties elected and seats per party": {
        "text": "United Labour Party (ULP) (9); New Democratic Party (NDP) (6)"
      },
      "percentage of women in chamber": {
        "text": "21.7%"
      },
      "expected date of next election": {
        "text": "November 2025"
      }
    },
    "Judicial branch": {
      "highest court(s)": {
        "text": "the Eastern Caribbean Supreme Court (ECSC) is the superior court of the Organization of Eastern Caribbean States; the ECSC is headquartered on St. Lucia and consists of the Court of Appeal -- headed by the chief justice and 4 judges -- and the High Court with 18 judges; the Court of Appeal travels to member states on a schedule to hear appeals from the High Court and subordinate courts; Saint Vincent and the Grenadines is a member of the Caribbean Court of Justice"
      },
      "judge selection and term of office": {
        "text": "chief justice of Eastern Caribbean Supreme Court appointed by the British monarch; other justices and judges appointed by the Judicial and Legal Services Commission, an independent body of judicial officials; Court of Appeal justices appointed for life with mandatory retirement at age 65; High Court judges appointed for life with mandatory retirement at age 62"
      },
      "subordinate courts": {
        "text": "magistrates' courts"
      }
    },
    "Political parties": {
      "text": "New Democratic Party or NDP<br>SVG Green Party or SVGP<br>Unity Labor Party or ULP (formed in 1994 by the coalition of Saint Vincent Labor Party or SVLP and the Movement for National Unity or MNU)"
    },
    "Diplomatic representation in the US": {
      "chief of mission": {
        "text": "Ambassador Lou-Anne Gaylene GILCHRIST (since 18 January 2017)"
      },
      "chancery": {
        "text": "1627 K Street, NW, Suite 704, Washington, DC 20006"
      },
      "telephone": {
        "text": "[1] (202) 364-6730"
      },
      "FAX": {
        "text": "[1] (202) 364-6736"
      },
      "email address and website": {
        "text": "<br>mail@embsvg.com<br><br>http://wa.embassy.gov.vc/washington/"
      },
      "consulate(s) general": {
        "text": "New York"
      }
    },
    "Diplomatic representation from the US": {
      "embassy": {
        "text": "the US does not have an embassy in Saint Vincent and the Grenadines; the US Ambassador to Barbados is accredited to Saint Vincent and the Grenadines"
      }
    },
    "International organization participation": {
      "text": "ACP, ACS, AOSIS, C, Caricom, CDB, CELAC, FAO, G-77, IBRD, ICAO, ICCt, ICRM, IDA, IFAD, IFRCS, ILO, IMF, IMO, Interpol, IOC, IOM, ISO (subscriber), ITU, MIGA, NAM, OAS, OECS, OPANAL, OPCW, Petrocaribe, UN, UNCTAD, UNESCO, UNIDO, UPU, WFTU (NGOs), WHO, WIPO, WTO"
    },
    "Independence": {
      "text": "27 October 1979 (from the UK)"
    },
    "National holiday": {
      "text": "Independence Day, 27 October (1979)"
    },
    "Flag description": {
      "text": "three vertical bands of blue (hoist side), gold (double-width), and green; the gold band has three green diamonds arranged in a V pattern that stands for \"Vincent;\" the diamonds represent the islands as \"the Gems of the Antilles\" and are set slightly lowered in the gold band to reflect the nation's position in the Antilles; blue stands for the tropical sky and sea, yellow for the sand, and green for vegetation"
    },
    "National symbol(s)": {
      "text": "Saint Vincent parrot"
    },
    "National color(s)": {
      "text": "blue, gold, green"
    },
    "National anthem": {
      "name": {
        "text": "\"St. Vincent! Land So Beautiful!\""
      },
      "lyrics/music": {
        "text": "Phyllis Joyce MCCLEAN PUNNETT/Joel Bertram MIGUEL"
      },
      "note": "<strong>note:</strong> adopted 1967"
    }
  },
  "Economy": {
    "Economic overview": {
      "text": "upper middle-income Caribbean island economy; key agriculture and tourism sectors; environmentally fragile; diversifying economy across services, science and knowledge, and creative industries; CARICOM member and US Caribbean Basin Initiative beneficiary"
    },
    "Real GDP (purchasing power parity)": {
      "Real GDP (purchasing power parity) 2023": {
        "text": "$1.858 billion (2023 est.)"
      },
      "Real GDP (purchasing power parity) 2022": {
        "text": "$1.752 billion (2022 est.)"
      },
      "Real GDP (purchasing power parity) 2021": {
        "text": "$1.635 billion (2021 est.)"
      },
      "note": "<b>note:</b> data in 2021 dollars"
    },
    "Real GDP growth rate": {
      "Real GDP growth rate 2023": {
        "text": "6.02% (2023 est.)"
      },
      "Real GDP growth rate 2022": {
        "text": "7.16% (2022 est.)"
      },
      "Real GDP growth rate 2021": {
        "text": "0.75% (2021 est.)"
      },
      "note": "<b>note:</b> annual GDP % growth based on constant local currency"
    },
    "Real GDP per capita": {
      "Real GDP per capita 2023": {
        "text": "$18,300 (2023 est.)"
      },
      "Real GDP per capita 2022": {
        "text": "$17,200 (2022 est.)"
      },
      "Real GDP per capita 2021": {
        "text": "$15,900 (2021 est.)"
      },
      "note": "<b>note:</b> data in 2021 dollars"
    },
    "GDP (official exchange rate)": {
      "text": "$1.066 billion (2023 est.)",
      "note": "<b>note:</b> data in current dollars at official exchange rate"
    },
    "Inflation rate (consumer prices)": {
      "Inflation rate (consumer prices) 2024": {
        "text": "3.6% (2024 est.)"
      },
      "Inflation rate (consumer prices) 2023": {
        "text": "4.6% (2023 est.)"
      },
      "Inflation rate (consumer prices) 2022": {
        "text": "5.7% (2022 est.)"
      },
      "note": "<b>note:</b> annual % change based on consumer prices"
    },
    "GDP - composition, by sector of origin": {
      "agriculture": {
        "text": "4.2% (2023 est.)"
      },
      "industry": {
        "text": "14.2% (2023 est.)"
      },
      "services": {
        "text": "64.2% (2023 est.)"
      },
      "note": "<b>note:</b> figures may not total 100% due to non-allocated consumption not captured in sector-reported data"
    },
    "GDP - composition, by end use": {
      "household consumption": {
        "text": "87.3% (2017 est.)"
      },
      "government consumption": {
        "text": "16.6% (2017 est.)"
      },
      "investment in fixed capital": {
        "text": "10.8% (2017 est.)"
      },
      "investment in inventories": {
        "text": "-0.2% (2017 est.)"
      },
      "exports of goods and services": {
        "text": "37.1% (2017 est.)"
      },
      "imports of goods and services": {
        "text": "-51.7% (2017 est.)"
      }
    },
    "Agricultural products": {
      "text": "bananas, root vegetables, plantains, spices, coconuts, fruits, apples, vegetables, mangoes/guavas, sweet potatoes (2023)",
      "note": "<b>note:</b> top ten agricultural products based on tonnage"
    },
    "Industries": {
      "text": "tourism; food processing, cement, furniture, clothing, starch"
    },
    "Industrial production growth rate": {
      "text": "3.91% (2023 est.)",
      "note": "<b>note:</b> annual % change in industrial value added based on constant local currency"
    },
    "Labor force": {
      "text": "52,100 (2024 est.)",
      "note": "<b>note:</b> number of people ages 15 or older who are employed or seeking work"
    },
    "Unemployment rate": {
      "Unemployment rate 2024": {
        "text": "18.1% (2024 est.)"
      },
      "Unemployment rate 2023": {
        "text": "18.6% (2023 est.)"
      },
      "Unemployment rate 2022": {
        "text": "19.4% (2022 est.)"
      },
      "note": "<b>note:</b> % of labor force seeking employment"
    },
    "Youth unemployment rate (ages 15-24)": {
      "total": {
        "text": "41.4% (2024 est.)"
      },
      "male": {
        "text": "41.4% (2024 est.)"
      },
      "female": {
        "text": "41.4% (2024 est.)"
      },
      "note": "<b>note:</b> % of labor force ages 15-24 seeking employment"
    },
    "Remittances": {
      "Remittances 2023": {
        "text": "8.61% of GDP (2023 est.)"
      },
      "Remittances 2022": {
        "text": "9.17% of GDP (2022 est.)"
      },
      "Remittances 2021": {
        "text": "8.03% of GDP (2021 est.)"
      },
      "note": "<b>note:</b> personal transfers and compensation between resident and non-resident individuals/households/entities"
    },
    "Budget": {
      "revenues": {
        "text": "$226.404 million (2017 est.)"
      },
      "expenditures": {
        "text": "$208.744 million (2017 est.)"
      },
      "note": "<b>note:</b> central government revenues and expenses (excluding grants/extrabudgetary units/social security funds) converted to US dollars at average official exchange rate for year indicated"
    },
    "Public debt": {
      "Public debt 2017": {
        "text": "73.8% of GDP (2017 est.)"
      }
    },
    "Taxes and other revenues": {
      "text": "23.8% (of GDP) (2017 est.)",
      "note": "<b>note:</b> central government tax revenue as a % of GDP"
    },
    "Current account balance": {
      "Current account balance 2023": {
        "text": "-$180.43 million (2023 est.)"
      },
      "Current account balance 2022": {
        "text": "-$199.727 million (2022 est.)"
      },
      "Current account balance 2021": {
        "text": "-$206.272 million (2021 est.)"
      },
      "note": "<b>note:</b> balance of payments - net trade and primary/secondary income in current dollars"
    },
    "Exports": {
      "Exports 2023": {
        "text": "$345.098 million (2023 est.)"
      },
      "Exports 2022": {
        "text": "$278.292 million (2022 est.)"
      },
      "Exports 2021": {
        "text": "$140.607 million (2021 est.)"
      },
      "note": "<b>note:</b> balance of payments - exports of goods and services in current dollars"
    },
    "Exports - partners": {
      "text": "Croatia 16%, Barbados 14%, USA 10%, St. Lucia 10%, St. Kitts &amp; Nevis 8% (2023)",
      "note": "<b>note:</b> top five export partners based on percentage share of exports"
    },
    "Exports - commodities": {
      "text": "ships, wheat flours, animal food, shellfish, construction vehicles (2023)",
      "note": "<b>note:</b> top five export commodities based on value in dollars"
    },
    "Imports": {
      "Imports 2023": {
        "text": "$588.865 million (2023 est.)"
      },
      "Imports 2022": {
        "text": "$540.833 million (2022 est.)"
      },
      "Imports 2021": {
        "text": "$430.268 million (2021 est.)"
      },
      "note": "<b>note:</b> balance of payments - imports of goods and services in current dollars"
    },
    "Imports - partners": {
      "text": "USA 37%, Italy 7%, Trinidad &amp; Tobago 7%, China 6%, UK 6% (2023)",
      "note": "<b>note:</b> top five import partners based on percentage share of imports"
    },
    "Imports - commodities": {
      "text": "ships, refined petroleum, wheat, coal, poultry (2023)",
      "note": "<b>note:</b> top five import commodities based on value in dollars"
    },
    "Reserves of foreign exchange and gold": {
      "Reserves of foreign exchange and gold 2024": {
        "text": "$316.824 million (2024 est.)"
      },
      "Reserves of foreign exchange and gold 2023": {
        "text": "$280.564 million (2023 est.)"
      },
      "Reserves of foreign exchange and gold 2022": {
        "text": "$320.193 million (2022 est.)"
      },
      "note": "<b>note:</b> holdings of gold (year-end prices)/foreign exchange/special drawing rights in current dollars"
    },
    "Debt - external": {
      "Debt - external 2023": {
        "text": "$456.971 million (2023 est.)"
      },
      "note": "<b>note:</b> present value of external debt in current US dollars"
    },
    "Exchange rates": {
      "Currency": {
        "text": "East Caribbean dollars (XCD) per US dollar -"
      },
      "Exchange rates 2024": {
        "text": "2.7 (2024 est.)"
      },
      "Exchange rates 2023": {
        "text": "2.7 (2023 est.)"
      },
      "Exchange rates 2022": {
        "text": "2.7 (2022 est.)"
      },
      "Exchange rates 2021": {
        "text": "2.7 (2021 est.)"
      },
      "Exchange rates 2020": {
        "text": "2.7 (2020 est.)"
      }
    }
  },
  "Energy": {
    "Electricity access": {
      "electrification - total population": {
        "text": "100% (2022 est.)"
      }
    },
    "Electricity": {
      "installed generating capacity": {
        "text": "55,000 kW (2023 est.)"
      },
      "consumption": {
        "text": "140.316 million kWh (2023 est.)"
      },
      "transmission/distribution losses": {
        "text": "10.868 million kWh (2023 est.)"
      }
    },
    "Electricity generation sources": {
      "fossil fuels": {
        "text": "86.1% of total installed capacity (2023 est.)"
      },
      "solar": {
        "text": "1.3% of total installed capacity (2023 est.)"
      },
      "hydroelectricity": {
        "text": "12.6% of total installed capacity (2023 est.)"
      }
    },
    "Coal": {
      "exports": {
        "text": "8 metric tons (2023 est.)"
      },
      "imports": {
        "text": "8,000 metric tons (2023 est.)"
      }
    },
    "Petroleum": {
      "refined petroleum consumption": {
        "text": "2,000 bbl/day (2023 est.)"
      }
    },
    "Carbon dioxide emissions": {
      "total emissions": {
        "text": "268,000 metric tonnes of CO2 (2023 est.)"
      },
      "from coal and metallurgical coke": {
        "text": "19,000 metric tonnes of CO2 (2023 est.)"
      },
      "from petroleum and other liquids": {
        "text": "249,000 metric tonnes of CO2 (2023 est.)"
      }
    },
    "Energy consumption per capita": {
      "Total energy consumption per capita 2023": {
        "text": "37.253 million Btu/person (2023 est.)"
      }
    }
  },
  "Communications": {
    "Telephones - fixed lines": {
      "total subscriptions": {
        "text": "10,000 (2023 est.)"
      },
      "subscriptions per 100 inhabitants": {
        "text": "10 (2023 est.)"
      }
    },
    "Telephones - mobile cellular": {
      "total subscriptions": {
        "text": "103,000 (2023 est.)"
      },
      "subscriptions per 100 inhabitants": {
        "text": "100 (2022 est.)"
      }
    },
    "Broadcast media": {
      "text": "St. Vincent and the Grenadines Broadcasting Corporation operates 1 TV station and 5 repeater stations that provide near total coverage to the multi-island state; multi-channel cable TV service available; a partially government-funded national radio service broadcasts on 1 station and has 2 repeater stations; about a dozen privately owned radio stations and repeater stations"
    },
    "Internet country code": {
      "text": ".vc"
    },
    "Internet users": {
      "percent of population": {
        "text": "76% (2023 est.)"
      }
    },
    "Broadband - fixed subscriptions": {
      "total": {
        "text": "31,000 (2023 est.)"
      },
      "subscriptions per 100 inhabitants": {
        "text": "30 (2023 est.)"
      }
    }
  },
  "Transportation": {
    "Civil aircraft registration country code prefix": {
      "text": "J8"
    },
    "Airports": {
      "text": "5 (2025)"
    },
    "Merchant marine": {
      "total": {
        "text": "830 (2023)"
      },
      "by type": {
        "text": "bulk carrier 30, container ship 18, general cargo 137, oil tanker 16, other 629"
      }
    },
    "Ports": {
      "total ports": {
        "text": "1 (2024)"
      },
      "large": {
        "text": "0"
      },
      "medium": {
        "text": "0"
      },
      "small": {
        "text": "1"
      },
      "very small": {
        "text": "0"
      },
      "ports with oil terminals": {
        "text": "1"
      },
      "key ports": {
        "text": "Kingstown"
      }
    }
  },
  "Military and Security": {
    "Military and security forces": {
      "text": "no regular military forces; Ministry of National Security: Royal Saint Vincent and the Grenadines Police Force (RSVPF) (2025)"
    },
    "Military - note": {
      "text": "the country has been a member of the Caribbean Regional Security System (RSS) since its creation in 1982; RSS signatories (Antigua and Barbuda, Barbados, Dominica, Grenada, Guyana, Saint Kitts and Nevis, and Saint Lucia) agreed to prepare contingency plans and assist one another, on request, in national emergencies, prevention of smuggling, search and rescue, immigration control, fishery protection, customs and excise control, maritime policing duties, protection of off-shore installations, pollution control, national and other disasters, and threats to national security (2025)"
    }
  },
  "Transnational Issues": {
    "Illicit drugs": {
      "text": "<p>a transit point for cocaine and marijuana destined for North America, Europe, and elsewhere in the Caribbean; some local demand for cocaine and some use of synthetic drugs</p>"
    }
  }
}