{
  "Introduction": {
    "Background": {
      "text": "First inhabited by Arawak and later by Carib Indians, the Virgin Islands were settled by the Dutch in 1648 and then annexed by the English in 1672. The islands were part of the British colony of the Leeward Islands (1872-1960); they were granted autonomy in 1967. The economy is closely tied to the larger and more populous US Virgin Islands to the west, and the US dollar is the legal currency. In 2017, Hurricane Irma devastated the island of Tortola. An estimated 80% of residential and business structures were destroyed or damaged, communications disrupted, and local roads rendered impassable."
    }
  },
  "Geography": {
    "Location": {
      "text": "Caribbean, between the Caribbean Sea and the North Atlantic Ocean, east of Puerto Rico"
    },
    "Geographic coordinates": {
      "text": "18 30 N, 64 30 W"
    },
    "Map references": {
      "text": "Central America and the Caribbean"
    },
    "Area": {
      "total ": {
        "text": "151 sq km"
      },
      "land": {
        "text": "151 sq km"
      },
      "water": {
        "text": "0 sq km"
      },
      "note": "<strong>note:</strong> comprised of 16 inhabited and more than 20 uninhabited islands; includes the islands of Tortola, Anegada, Virgin Gorda, Jost van Dyke"
    },
    "Area - comparative": {
      "text": "about 0.9 times the size of Washington, D.C."
    },
    "Land boundaries": {
      "total": {
        "text": "0 km"
      }
    },
    "Coastline": {
      "text": "80 km"
    },
    "Maritime claims": {
      "territorial sea": {
        "text": "12 nm"
      },
      "exclusive fishing zone": {
        "text": "200 nm"
      }
    },
    "Climate": {
      "text": "subtropical; humid; temperatures moderated by trade winds"
    },
    "Terrain": {
      "text": "coral islands relatively flat; volcanic islands steep, hilly"
    },
    "Elevation": {
      "highest point": {
        "text": "Mount Sage 521 m"
      },
      "lowest point": {
        "text": "Caribbean Sea 0 m"
      }
    },
    "Natural resources": {
      "text": "NEGL; pleasant climate, beaches foster tourism"
    },
    "Land use": {
      "agricultural land": {
        "text": "46.7% (2022 est.)"
      },
      "agricultural land: arable land": {
        "text": "arable land: 6.7% (2022 est.)"
      },
      "agricultural land: permanent crops": {
        "text": "permanent crops: 6.7% (2022 est.)"
      },
      "agricultural land: permanent pasture": {
        "text": "permanent pasture: 33.3% (2022 est.)"
      },
      "forest": {
        "text": "24.1% (2022 est.)"
      },
      "other": {
        "text": "29.2% (2022 est.)"
      }
    },
    "Irrigated land": {
      "text": "NA"
    },
    "Population distribution": {
      "text": "a fairly even distribution throughout the inhabited islands, with the largest islands of Tortola, Anegada, Virgin Gorda, and Jost Van Dyke having the largest populations"
    },
    "Natural hazards": {
      "text": "hurricanes and tropical storms (July to October)"
    },
    "Geography - note": {
      "text": "strong ties to nearby US Virgin Islands and Puerto Rico"
    }
  },
  "People and Society": {
    "Population": {
      "total": {
        "text": "40,102 (2024 est.)"
      },
      "male": {
        "text": "19,042"
      },
      "female": {
        "text": "21,060"
      }
    },
    "Nationality": {
      "noun": {
        "text": "British Virgin Islander(s)"
      },
      "adjective": {
        "text": "British Virgin Islander"
      }
    },
    "Ethnic groups": {
      "text": "African/Black 76.3%, Latino 5.5%, White 5.4%, mixed 5.3%, Indian 2.1%, East Indian 1.6%, other 3%, unspecified 0.8% (2010 est.)"
    },
    "Languages": {
      "text": "English (official), Virgin Islands Creole"
    },
    "Religions": {
      "text": "Protestant 70.2% (Methodist 17.6%, Church of God 10.4%, Anglican 9.5%, Seventh Day Adventist 9.0%, Pentecostal 8.2%, Baptist 7.4%, New Testament Church of God 6.9%, other Protestant 1.2%), Roman Catholic 8.9%, Jehovah's Witness 2.5%, Hindu 1.9%, other 6.2%, none 7.9%, unspecified 2.4% (2010 est.)"
    },
    "Age structure": {
      "0-14 years": {
        "text": "16.6% (male 3,298/female 3,351)"
      },
      "15-64 years": {
        "text": "71.3% (male 13,455/female 15,152)"
      },
      "65 years and over": {
        "text": "12.1% (2024 est.) (male 2,289/female 2,557)"
      }
    },
    "Dependency ratios": {
      "total dependency ratio": {
        "text": "40.2 (2024 est.)"
      },
      "youth dependency ratio": {
        "text": "23.2 (2024 est.)"
      },
      "elderly dependency ratio": {
        "text": "16.9 (2024 est.)"
      },
      "potential support ratio": {
        "text": "5.9 (2024 est.)"
      }
    },
    "Median age": {
      "total": {
        "text": "38.5 years (2024 est.)"
      },
      "male": {
        "text": "38.1 years"
      },
      "female": {
        "text": "38.9 years"
      }
    },
    "Population growth rate": {
      "text": "1.82% (2024 est.)"
    },
    "Birth rate": {
      "text": "10.9 births/1,000 population (2024 est.)"
    },
    "Death rate": {
      "text": "5.5 deaths/1,000 population (2024 est.)"
    },
    "Net migration rate": {
      "text": "12.9 migrant(s)/1,000 population (2024 est.)"
    },
    "Population distribution": {
      "text": "a fairly even distribution throughout the inhabited islands, with the largest islands of Tortola, Anegada, Virgin Gorda, and Jost Van Dyke having the largest populations"
    },
    "Urbanization": {
      "urban population": {
        "text": "49.7% of total population (2023)"
      },
      "rate of urbanization": {
        "text": "1.73% annual rate of change (2020-25 est.)"
      }
    },
    "Major urban areas - population": {
      "text": "15,000 ROAD TOWN (capital) (2018)"
    },
    "Sex ratio": {
      "at birth": {
        "text": "1.05 male(s)/female"
      },
      "0-14 years": {
        "text": "0.98 male(s)/female"
      },
      "15-64 years": {
        "text": "0.89 male(s)/female"
      },
      "65 years and over": {
        "text": "0.9 male(s)/female"
      },
      "total population": {
        "text": "0.9 male(s)/female (2024 est.)"
      }
    },
    "Infant mortality rate": {
      "total": {
        "text": "13.4 deaths/1,000 live births (2024 est.)"
      },
      "male": {
        "text": "16 deaths/1,000 live births"
      },
      "female": {
        "text": "10.7 deaths/1,000 live births"
      }
    },
    "Life expectancy at birth": {
      "total population": {
        "text": "80.1 years (2024 est.)"
      },
      "male": {
        "text": "78.6 years"
      },
      "female": {
        "text": "81.7 years"
      }
    },
    "Total fertility rate": {
      "text": "1.38 children born/woman (2024 est.)"
    },
    "Gross reproduction rate": {
      "text": "0.67 (2024 est.)"
    },
    "Contraceptive prevalence rate": {
      "text": "NA"
    },
    "Drinking water source": {
      "improved: total": {
        "text": "total: 99.9% of population"
      },
      "unimproved: total": {
        "text": "total: 0.1% of population (2020 est.)"
      }
    },
    "Sanitation facility access": {
      "improved: urban": {
        "text": "urban: 97.5% of population"
      },
      "improved: rural": {
        "text": "rural: 97.5% of population"
      },
      "improved: total": {
        "text": "total: 97.5% of population"
      },
      "unimproved: urban": {
        "text": "urban: 2.5% of population"
      },
      "unimproved: rural": {
        "text": "rural: 2.5% of population"
      },
      "unimproved: total": {
        "text": "total: 2.5% of population (2015 est.)"
      }
    },
    "Currently married women (ages 15-49)": {
      "text": "46.6% (2023 est.)"
    },
    "Education expenditure": {
      "Education expenditure (% GDP)": {
        "text": "2.5% of GDP (2022 est.)"
      },
      "Education expenditure (% national budget)": {
        "text": "13.6% national budget (2025 est.)"
      }
    },
    "Literacy": {
      "total population": {
        "text": "NA"
      },
      "male": {
        "text": "NA"
      },
      "female": {
        "text": "NA"
      }
    },
    "School life expectancy (primary to tertiary education)": {
      "total": {
        "text": "12 years"
      },
      "male": {
        "text": "12 years"
      },
      "female": {
        "text": "12 years (2018)"
      }
    }
  },
  "Environment": {
    "Environment - current issues": {
      "text": "limited natural freshwater resources; water pollution from sewage and mining/industry waste; coral reef preservation"
    },
    "Climate": {
      "text": "subtropical; humid; temperatures moderated by trade winds"
    },
    "Land use": {
      "agricultural land": {
        "text": "46.7% (2022 est.)"
      },
      "agricultural land: arable land": {
        "text": "arable land: 6.7% (2022 est.)"
      },
      "agricultural land: permanent crops": {
        "text": "permanent crops: 6.7% (2022 est.)"
      },
      "agricultural land: permanent pasture": {
        "text": "permanent pasture: 33.3% (2022 est.)"
      },
      "forest": {
        "text": "24.1% (2022 est.)"
      },
      "other": {
        "text": "29.2% (2022 est.)"
      }
    },
    "Urbanization": {
      "urban population": {
        "text": "49.7% of total population (2023)"
      },
      "rate of urbanization": {
        "text": "1.73% annual rate of change (2020-25 est.)"
      }
    },
    "Air pollutants": {
      "carbon dioxide emissions": {
        "text": "0.21 megatons (2016 est.)"
      }
    },
    "Waste and recycling": {
      "municipal solid waste generated annually": {
        "text": "21,099 tons (2000 est.)"
      }
    }
  },
  "Government": {
    "Country name": {
      "conventional long form": {
        "text": "none"
      },
      "conventional short form": {
        "text": "British Virgin Islands"
      },
      "abbreviation": {
        "text": "BVI"
      },
      "etymology": {
        "text": "the islets, cays, and rocks surrounding the major islands reminded explorer Christopher COLUMBUS in 1493 of Saint Ursula and her 11,000 virgin followers (Santa Ursula y las Once Mil Virgenes), which over time was shortened to the Virgins (las Virgenes)"
      }
    },
    "Government type": {
      "text": "Overseas Territory of the UK with limited self-government; parliamentary democracy"
    },
    "Dependency status": {
      "text": "overseas territory of the UK; internal self-governing"
    },
    "Capital": {
      "name": {
        "text": "Road Town"
      },
      "geographic coordinates": {
        "text": "18 25 N, 64 37 W"
      },
      "time difference": {
        "text": "UTC-4 (1 hour ahead of Washington, DC, during Standard Time)"
      },
      "etymology": {
        "text": "name refers to the nautical term \"roadstead\" or \"roads,\" a body of water less sheltered than a harbor but where ships can still lie at anchor"
      }
    },
    "Administrative divisions": {
      "text": "none (overseas territory of the UK)"
    },
    "Legal system": {
      "text": "English common law"
    },
    "Constitution": {
      "history": {
        "text": "several previous; latest effective 15 June 2007 (The Virgin Islands Constitution Order 2007)"
      },
      "amendment process": {
        "text": "initiated by any elected member of the House of Assembly; passage requires simple majority vote by the elected members of the Assembly and assent by the governor on behalf of the monarch"
      }
    },
    "Citizenship": {
      "text": "see United Kingdom"
    },
    "Suffrage": {
      "text": "18 years of age; universal"
    },
    "Executive branch": {
      "chief of state": {
        "text": "King CHARLES III (since 8 September 2022); represented by Governor Daniel PRUCE (since 29 January 2024)"
      },
      "head of government": {
        "text": "Premier Dr. Natalio WHEATLEY (since 5 May 2022)"
      },
      "cabinet": {
        "text": "Executive Council appointed by the governor from members of the House of Assembly"
      },
      "elections/appointments": {
        "text": "the monarchy is hereditary; governor appointed by the monarch; following legislative elections, the governor usually appoints the leader of the majority party or majority coalition as premier&nbsp;"
      },
      "note": "<strong>note:</strong> on 5 May 2022, Premier Andrew FAHIE was removed from office by a no-confidence vote in the House of Assembly after his arrest on drug-trafficking and money-laundering charges; Premier Dr. Natalio WHEATLEY was sworn in as premier on 5 May 2022"
    },
    "Legislative branch": {
      "legislature name": {
        "text": "House of Assembly"
      },
      "legislative structure": {
        "text": "unicameral"
      },
      "number of seats": {
        "text": "15 (directly elected and appointed)"
      },
      "scope of elections": {
        "text": "full renewal"
      },
      "term in office": {
        "text": "4 years"
      },
      "most recent election date": {
        "text": "4/24/2023"
      },
      "parties elected and seats per party": {
        "text": "VIP (6); NDP (3); PVIM (3); PU (1)"
      },
      "expected date of next election": {
        "text": "2027"
      }
    },
    "Judicial branch": {
      "highest court(s)": {
        "text": "the Eastern Caribbean Supreme Court (ECSC) is the superior court of the Organization of Eastern Caribbean States; the ECSC is headquartered on St. Lucia and consists of the Court of Appeal -- headed by the chief justice and 4 judges -- and the High Court with 18 judges; the Court of Appeal travels to member states on a schedule to hear appeals from the High Court and subordinate courts"
      },
      "judge selection and term of office": {
        "text": "Eastern Caribbean Supreme Court chief justice appointed by the British monarch; other justices and judges appointed by the Judicial and Legal Services Commission; Court of Appeal justices appointed for life with mandatory retirement at age 65; High Court judges appointed for life with mandatory retirement at age 62"
      },
      "subordinate courts": {
        "text": "Magistrates' Courts"
      }
    },
    "Political parties": {
      "text": "National Democratic Party or NDP<br>Progressive Virgin Islands Movement or PVIM<br>Progressives United or PU<br>Virgin Islands Party or VIP"
    },
    "Diplomatic representation in the US": {
      "text": "none (overseas territory of the UK)"
    },
    "Diplomatic representation from the US": {
      "embassy": {
        "text": "none (overseas territory of the UK)"
      }
    },
    "International organization participation": {
      "text": "ACS (associate), Caricom (associate), CDB, Interpol (subbureau), IOC, OECS, UNESCO (associate), UPU"
    },
    "Independence": {
      "text": "none (overseas territory of the UK)"
    },
    "National holiday": {
      "text": "Territory Day, 1 July (1956)"
    },
    "Flag description": {
      "text": "blue with the UK flag in the upper hoist-side quadrant and the Virgin Islander coat of arms centered in the outer half of the flag; the coat of arms depicts a woman flanked by vertical columns of six oil lamps above a scroll bearing the Latin word VIGILATE (Be Watchful); Christopher COLUMBUS named the islands in 1493 in honor of Saint Ursula and her virgin followers, and the figure holding a lamp represents the saint, with the other lamps symbolizing her followers"
    },
    "National symbol(s)": {
      "text": "zenaida dove, white cedar flower"
    },
    "National color(s)": {
      "text": "yellow, green, red, white, blue"
    },
    "National anthem": {
      "text": "<p><strong>note:</strong> as an overseas territory of the United Kingdom, \"God Save the King\" is official (see United Kingdom)</p>"
    }
  },
  "Economy": {
    "Economic overview": {
      "text": "British Caribbean island territorial economy; strong tourism and services industries; vulnerable to hurricanes; navigating public debt insolvency since 2008 Crisis; considered a tax haven; high electrification costs; major rum exporter"
    },
    "Real GDP (purchasing power parity)": {
      "Real GDP (purchasing power parity) 2017": {
        "text": "$500 million (2017 est.)"
      },
      "Real GDP (purchasing power parity) 2016": {
        "text": "$490.2 million (2016 est.)"
      },
      "Real GDP (purchasing power parity) 2015": {
        "text": "$481.1 million (2015 est.)"
      }
    },
    "Real GDP growth rate": {
      "Real GDP growth rate 2017": {
        "text": "2% (2017 est.)"
      },
      "Real GDP growth rate 2016": {
        "text": "1.9% (2016 est.)"
      },
      "Real GDP growth rate 2015": {
        "text": "1.8% (2015 est.)"
      }
    },
    "Real GDP per capita": {
      "Real GDP per capita 2017": {
        "text": "$34,200 (2017 est.)"
      }
    },
    "GDP (official exchange rate)": {
      "text": "$1.38 billion (2018 est.)"
    },
    "Inflation rate (consumer prices)": {
      "Inflation rate (consumer prices) 2022": {
        "text": "4.2% (2022 est.)"
      },
      "Inflation rate (consumer prices) 2021": {
        "text": "2.8% (2021 est.)"
      },
      "Inflation rate (consumer prices) 2020": {
        "text": "0.4% (2020 est.)"
      }
    },
    "GDP - composition, by sector of origin": {
      "agriculture": {
        "text": "0.2% (2017 est.)"
      },
      "industry": {
        "text": "6.8% (2017 est.)"
      },
      "services": {
        "text": "93.1% (2017 est.)"
      }
    },
    "GDP - composition, by end use": {
      "household consumption": {
        "text": "25.1% (2017 est.)"
      },
      "government consumption": {
        "text": "7.5% (2017 est.)"
      },
      "investment in fixed capital": {
        "text": "21.7% (2017 est.)"
      },
      "investment in inventories": {
        "text": "20.4% (2017 est.)"
      },
      "exports of goods and services": {
        "text": "94.7% (2017 est.)"
      },
      "imports of goods and services": {
        "text": "-69.4% (2017 est.)"
      }
    },
    "Agricultural products": {
      "text": "fruits, vegetables; livestock, poultry; fish"
    },
    "Industries": {
      "text": "tourism, light industry, construction, rum, concrete block, offshore banking center"
    },
    "Industrial production growth rate": {
      "text": "1.1% (2017 est.)"
    },
    "Budget": {
      "revenues": {
        "text": "$400 million (2017 est.)"
      },
      "expenditures": {
        "text": "$400 million (2017 est.)"
      }
    },
    "Taxes and other revenues": {
      "text": "38.9% (of GDP) (2017 est.)"
    },
    "Exports": {
      "Exports 2017": {
        "text": "$23 million (2017 est.)"
      },
      "Exports 2015": {
        "text": "$23 million (2015 est.)"
      },
      "note": "<strong>note:</strong> Data are in current year dollars and do not include illicit exports or re-exports."
    },
    "Exports - partners": {
      "text": "Malta 33%, Guyana 22%, Greece 11%, Germany 7%, Indonesia 4% (2023)"
    },
    "Exports - commodities": {
      "text": "ships, refined petroleum, aircraft, molasses, precious stones (2023)"
    },
    "Imports": {
      "Imports 2017": {
        "text": "$300 million (2017 est.)"
      },
      "Imports 2016": {
        "text": "$210 million (2016 est.)"
      }
    },
    "Imports - partners": {
      "text": "USA 34%, Italy 10%, France 9%, China 8%, Luxembourg 5% (2023)"
    },
    "Imports - commodities": {
      "text": "ships, refined petroleum, aircraft, railway cargo containers, jewelry (2023)"
    },
    "Exchange rates": {
      "text": "<p>the US dollar is used</p>"
    }
  },
  "Energy": {
    "Electricity access": {
      "electrification - total population": {
        "text": "100% (2022 est.)"
      }
    },
    "Electricity": {
      "installed generating capacity": {
        "text": "63,000 kW (2023 est.)"
      },
      "consumption": {
        "text": "163.82 million kWh (2023 est.)"
      },
      "transmission/distribution losses": {
        "text": "10.18 million kWh (2023 est.)"
      }
    },
    "Electricity generation sources": {
      "fossil fuels": {
        "text": "97.7% of total installed capacity (2023 est.)"
      },
      "solar": {
        "text": "1.1% of total installed capacity (2023 est.)"
      },
      "wind": {
        "text": "1.1% of total installed capacity (2023 est.)"
      }
    },
    "Coal": {
      "imports": {
        "text": "20 metric tons (2023 est.)"
      }
    },
    "Petroleum": {
      "refined petroleum consumption": {
        "text": "1,000 bbl/day (2023 est.)"
      }
    },
    "Carbon dioxide emissions": {
      "total emissions": {
        "text": "188,000 metric tonnes of CO2 (2023 est.)"
      },
      "from petroleum and other liquids": {
        "text": "188,000 metric tonnes of CO2 (2023 est.)"
      }
    },
    "Energy consumption per capita": {
      "Total energy consumption per capita 2023": {
        "text": "66.998 million Btu/person (2023 est.)"
      }
    }
  },
  "Communications": {
    "Telephones - fixed lines": {
      "total subscriptions": {
        "text": "23,000 (2021 est.)"
      },
      "subscriptions per 100 inhabitants": {
        "text": "17 (2022 est.)"
      }
    },
    "Telephones - mobile cellular": {
      "total subscriptions": {
        "text": "38,000 (2021 est.)"
      },
      "subscriptions per 100 inhabitants": {
        "text": "121 (2021 est.)"
      }
    },
    "Broadcast media": {
      "text": "1 private TV station; multi-channel TV is available from cable and satellite subscription services; about a half-dozen private radio stations"
    },
    "Internet country code": {
      "text": ".vg"
    },
    "Internet users": {
      "percent of population": {
        "text": "78% (2017 est.)"
      }
    },
    "Broadband - fixed subscriptions": {
      "total": {
        "text": "7,000 (2022 est.)"
      },
      "subscriptions per 100 inhabitants": {
        "text": "18 (2022 est.)"
      }
    }
  },
  "Transportation": {
    "Civil aircraft registration country code prefix": {
      "text": "VP-L"
    },
    "Airports": {
      "text": "3 (2025)"
    },
    "Heliports": {
      "text": "2 (2025)"
    },
    "Merchant marine": {
      "total": {
        "text": "29 (2023)"
      },
      "by type": {
        "text": "general cargo 3, other 26"
      }
    },
    "Ports": {
      "total ports": {
        "text": "1 (2024)"
      },
      "large": {
        "text": "0"
      },
      "medium": {
        "text": "1"
      },
      "small": {
        "text": "0"
      },
      "very small": {
        "text": "0"
      },
      "ports with oil terminals": {
        "text": "1"
      },
      "key ports": {
        "text": "Road Harbor"
      }
    }
  },
  "Military and Security": {
    "Military - note": {
      "text": "defense is the responsibility of the UK"
    }
  },
  "Transnational Issues": {
    "Illicit drugs": {
      "text": "transshipment point for South American narcotics destined for the US and Europe; large offshore financial center makes it vulnerable to money laundering"
    }
  }
}