{
  "Introduction": {
    "Background": {
      "text": "<p>The first recorded kingdom (Choson) on the Korean Peninsula dates from approximately 2300 B.C. Over the subsequent centuries, three main kingdoms -- Kogoryo, Paekche, and Silla -- were established on the Peninsula. By the 5th century A.D., Kogoryo emerged as the most powerful, with control over much of the Peninsula and part of Manchuria (modern-day northeast China). However, Silla allied with the Chinese to create the first unified Korean state in 688. Following the collapse of Silla in the 9th century, Korea was unified under the Koryo (Goryeo; 918-1392) and the Chosen (Joseon; 1392-1910) dynasties. Korea became the object of intense imperialistic rivalry among the Chinese (its traditional benefactor), Japanese, and Russian empires in the latter half of the 19th and early 20th centuries. After the Sino-Japanese War (1894-95) and the Russo-Japanese War (1904-05), Korea was occupied by Imperial Japan. In 1910, Japan formally annexed the entire peninsula. After World War II, the northern half came under Soviet-sponsored communist control. <br><br>In 1948, North Korea (formally known as the Democratic People's Republic of Korea or DPRK) was founded under President KIM Il Sung, who consolidated power and cemented autocratic one-party rule under the Korean Worker's Party (KWP). North Korea failed to conquer UN-backed South Korea (formally the Republic of Korea or ROK) during the Korean War (1950-53), after which a demilitarized zone separated the two Koreas. KIM's authoritarian rule included tight control over North Korean citizens and the demonization of the US as the central threat to North Korea's political and social system. In addition, he molded the country's economic, military, and political policies around the core objective of unifying Korea under Pyongyang's control. North Korea also declared a central ideology of <em>juche (\"</em>self-reliance\") as a check against outside influence, while continuing to rely heavily on China and the Soviet Union for economic support. KIM Il Sung's son, KIM Jong Il, was officially designated as his father's successor in 1980, and he assumed a growing political and managerial role until the elder KIM's death in 1994. Under KIM Jong Il's reign, North Korea continued developing nuclear weapons and ballistic missiles. KIM Jong Un was publicly unveiled as his father's successor in 2010. Following KIM Jong Il's death in 2011, KIM Jong Un quickly assumed power and has since occupied the regime's highest political and military posts. </p> <p>After the end of Soviet aid in 1991, North Korea faced serious economic setbacks that exacerbated decades of economic mismanagement and resource misallocation. Since the mid-1990s, North Korea has faced chronic food shortages and economic stagnation. In recent years, the North's domestic agricultural production has improved but still falls far short of producing sufficient food for its population. Starting in 2002, North Korea began to tolerate semi-private markets but has made few other efforts to meet its goal of improving the overall standard of living. New economic development plans in the 2010s failed to meet government-mandated goals for key industrial sectors, food production, or overall economic performance. At the onset of the COVID-19 pandemic in 2020, North Korea instituted a nationwide lockdown that severely restricted its economy and international engagement. Since then, KIM has repeatedly expressed concerns with the regime's economic failures and food problems, but in 2021, he vowed to continue \"self-reliant\" policies and has reinvigorated his pursuit of greater regime control of the economy. <br><br>As of 2024, despite slowly renewing cross-border trade with China, North Korea remained one of the world's most isolated countries and one of Asia's poorest. In 2024, Pyongyang announced it was ending all economic cooperation with South Korea. The move followed earlier proclamations that it was scrapping a 2018 military pact with South Korea to de-escalate tensions along their militarized border, abandoning the country’s decades-long pursuit of peaceful unification with South Korea, and designating the South as North Korea’s “principal enemy.” </p>"
    }
  },
  "Geography": {
    "Location": {
      "text": "Eastern Asia, northern half of the Korean Peninsula bordering the Korea Bay and the Sea of Japan, between China and South Korea"
    },
    "Geographic coordinates": {
      "text": "40 00 N, 127 00 E"
    },
    "Map references": {
      "text": "Asia"
    },
    "Area": {
      "total ": {
        "text": "120,538 sq km"
      },
      "land": {
        "text": "120,408 sq km"
      },
      "water": {
        "text": "130 sq km"
      }
    },
    "Area - comparative": {
      "text": "slightly larger than Virginia; slightly smaller than Mississippi"
    },
    "Land boundaries": {
      "total": {
        "text": "1,607 km"
      },
      "border countries": {
        "text": "China 1,352 km; South Korea 237 km; Russia 18 km"
      }
    },
    "Coastline": {
      "text": "2,495 km"
    },
    "Maritime claims": {
      "territorial sea": {
        "text": "12 nm"
      },
      "exclusive economic zone": {
        "text": "200 nm"
      },
      "note": "<strong>note:</strong> military boundary line 50 nm in the Sea of Japan and the exclusive economic zone limit in the Yellow Sea where all foreign vessels and aircraft without permission are banned"
    },
    "Climate": {
      "text": "temperate, with rainfall concentrated in summer; long, bitter winters"
    },
    "Terrain": {
      "text": "mostly hills and mountains separated by deep, narrow valleys; wide coastal plains in west, discontinuous in east"
    },
    "Elevation": {
      "highest point": {
        "text": "Paektu-san 2,744 m"
      },
      "lowest point": {
        "text": "Sea of Japan 0 m"
      },
      "mean elevation": {
        "text": "600 m"
      }
    },
    "Natural resources": {
      "text": "coal, iron ore, limestone, magnesite, graphite, copper, zinc, lead, precious metals, hydropower"
    },
    "Land use": {
      "agricultural land": {
        "text": "21.5% (2022 est.)"
      },
      "agricultural land: arable land": {
        "text": "arable land: 19.1% (2022 est.)"
      },
      "agricultural land: permanent crops": {
        "text": "permanent crops: 2.1% (2022 est.)"
      },
      "agricultural land: permanent pasture": {
        "text": "permanent pasture: 0.4% (2022 est.)"
      },
      "forest": {
        "text": "49.7% (2022 est.)"
      },
      "other": {
        "text": "28.7% (2022 est.)"
      }
    },
    "Irrigated land": {
      "text": "14,600 sq km (2012)"
    },
    "Population distribution": {
      "text": "population concentrated in the plains and lowlands; least-populated regions are the mountainous provinces adjacent to the Chinese border; largest concentrations are in the western provinces, particularly the municipal district of Pyongyang, and around Hungnam and Wonsan in the east"
    },
    "Natural hazards": {
      "text": "<p>late spring droughts often followed by severe flooding; occasional typhoons during the early fall</p> <p><strong>volcanism:</strong> P'aektu-san (2,744 m) (also known as Baitoushan, Baegdu, or Changbaishan), on the Chinese border, is considered historically active</p>"
    },
    "Geography - note": {
      "text": "strategic location bordering China, South Korea, and Russia; mountainous interior is isolated and sparsely populated"
    }
  },
  "People and Society": {
    "Population": {
      "total": {
        "text": "26,298,666 (2024 est.)"
      },
      "male": {
        "text": "12,828,269"
      },
      "female": {
        "text": "13,470,397"
      }
    },
    "Nationality": {
      "noun": {
        "text": "Korean(s)"
      },
      "adjective": {
        "text": "Korean"
      }
    },
    "Ethnic groups": {
      "text": "racially homogeneous; there is a small Chinese community and a few ethnic Japanese"
    },
    "Languages": {
      "Languages": {
        "text": "Korean"
      },
      "major-language sample(s)": {
        "text": "<br>월드 팩트북, 필수적인 기본 정보 제공처 (Korean)<br><br>The World Factbook, the indispensable source for basic information."
      }
    },
    "Religions": {
      "text": "traditionally Buddhist and Confucian, some Christian and syncretic Chondogyo (Religion of the Heavenly Way)",
      "note": "<strong>note:</strong> autonomous religious activities now almost nonexistent; government-sponsored religious groups exist to provide illusion of religious freedom"
    },
    "Age structure": {
      "0-14 years": {
        "text": "19.9% (male 2,673,822/female 2,548,775)"
      },
      "15-64 years": {
        "text": "68.9% (male 9,054,771/female 9,066,447)"
      },
      "65 years and over": {
        "text": "11.2% (2024 est.) (male 1,099,676/female 1,855,175)"
      }
    },
    "Dependency ratios": {
      "total dependency ratio": {
        "text": "45.1 (2024 est.)"
      },
      "youth dependency ratio": {
        "text": "28.8 (2024 est.)"
      },
      "elderly dependency ratio": {
        "text": "16.3 (2024 est.)"
      },
      "potential support ratio": {
        "text": "6.1 (2024 est.)"
      }
    },
    "Median age": {
      "total": {
        "text": "35.9 years (2024 est.)"
      },
      "male": {
        "text": "34.5 years"
      },
      "female": {
        "text": "37.4 years"
      }
    },
    "Population growth rate": {
      "text": "0.4% (2024 est.)"
    },
    "Birth rate": {
      "text": "13.2 births/1,000 population (2024 est.)"
    },
    "Death rate": {
      "text": "9.2 deaths/1,000 population (2024 est.)"
    },
    "Net migration rate": {
      "text": "0 migrant(s)/1,000 population (2024 est.)"
    },
    "Population distribution": {
      "text": "population concentrated in the plains and lowlands; least-populated regions are the mountainous provinces adjacent to the Chinese border; largest concentrations are in the western provinces, particularly the municipal district of Pyongyang, and around Hungnam and Wonsan in the east"
    },
    "Urbanization": {
      "urban population": {
        "text": "63.2% of total population (2023)"
      },
      "rate of urbanization": {
        "text": "0.85% annual rate of change (2020-25 est.)"
      }
    },
    "Major urban areas - population": {
      "text": "3.158 million PYONGYANG (capital) (2023)"
    },
    "Sex ratio": {
      "at birth": {
        "text": "1.06 male(s)/female"
      },
      "0-14 years": {
        "text": "1.05 male(s)/female"
      },
      "15-64 years": {
        "text": "1 male(s)/female"
      },
      "65 years and over": {
        "text": "0.59 male(s)/female"
      },
      "total population": {
        "text": "0.95 male(s)/female (2024 est.)"
      }
    },
    "Maternal mortality ratio": {
      "text": "107 deaths/100,000 live births (2020 est.)"
    },
    "Infant mortality rate": {
      "total": {
        "text": "15.4 deaths/1,000 live births (2024 est.)"
      },
      "male": {
        "text": "16.9 deaths/1,000 live births"
      },
      "female": {
        "text": "13.8 deaths/1,000 live births"
      }
    },
    "Life expectancy at birth": {
      "total population": {
        "text": "73.5 years (2024 est.)"
      },
      "male": {
        "text": "70.2 years"
      },
      "female": {
        "text": "77 years"
      }
    },
    "Total fertility rate": {
      "text": "1.81 children born/woman (2024 est.)"
    },
    "Gross reproduction rate": {
      "text": "0.88 (2024 est.)"
    },
    "Contraceptive prevalence rate": {
      "text": "70.2% (2017)"
    },
    "Drinking water source": {
      "improved: urban": {
        "text": "urban: 97.8% of population"
      },
      "improved: rural": {
        "text": "rural: 89.1% of population"
      },
      "improved: total": {
        "text": "total: 94.5% of population"
      },
      "unimproved: urban": {
        "text": "urban: 2.2% of population"
      },
      "unimproved: rural": {
        "text": "rural: 10.9% of population"
      },
      "unimproved: total": {
        "text": "total: 5.5% of population (2020 est.)"
      }
    },
    "Physician density": {
      "text": "3.63 physicians/1,000 population (2017)"
    },
    "Sanitation facility access": {
      "improved: urban": {
        "text": "urban: 92.7% of population"
      },
      "improved: rural": {
        "text": "rural: 73.1% of population"
      },
      "improved: total": {
        "text": "total: 85.3% of population"
      },
      "unimproved: urban": {
        "text": "urban: 7.3% of population"
      },
      "unimproved: rural": {
        "text": "rural: 26.9% of population"
      },
      "unimproved: total": {
        "text": "total: 14.7% of population (2020 est.)"
      }
    },
    "Obesity - adult prevalence rate": {
      "text": "6.8% (2016)"
    },
    "Alcohol consumption per capita": {
      "total": {
        "text": "3.61 liters of pure alcohol (2019 est.)"
      },
      "beer": {
        "text": "0.12 liters of pure alcohol (2019 est.)"
      },
      "wine": {
        "text": "0 liters of pure alcohol (2019 est.)"
      },
      "spirits": {
        "text": "3.48 liters of pure alcohol (2019 est.)"
      },
      "other alcohols": {
        "text": "0 liters of pure alcohol (2019 est.)"
      }
    },
    "Tobacco use": {
      "total": {
        "text": "16% (2025 est.)"
      },
      "male": {
        "text": "32.6% (2025 est.)"
      },
      "female": {
        "text": "0% (2025 est.)"
      }
    },
    "Children under the age of 5 years underweight": {
      "text": "9.3% (2017)"
    },
    "Currently married women (ages 15-49)": {
      "text": "69.7% (2023 est.)"
    },
    "Child marriage": {
      "women married by age 15": {
        "text": "0% (2017)"
      },
      "women married by age 18": {
        "text": "0.1% (2017)"
      },
      "men married by age 18": {
        "text": "0% (2017)"
      }
    },
    "Education expenditure": {
      "text": "14.6% national budget (2025 est.)"
    },
    "Literacy": {
      "total population": {
        "text": "100%"
      },
      "male": {
        "text": "100%"
      },
      "female": {
        "text": "100% (2015)"
      }
    },
    "School life expectancy (primary to tertiary education)": {
      "total": {
        "text": "11 years"
      },
      "male": {
        "text": "11 years"
      },
      "female": {
        "text": "11 years (2015)"
      }
    }
  },
  "Environment": {
    "Environment - current issues": {
      "text": "water pollution; inadequate potable water; deforestation; soil erosion and degradation"
    },
    "Environment - international agreements": {
      "party to": {
        "text": "Antarctic Treaty, Biodiversity, Climate Change, Climate Change-Kyoto Protocol, Climate Change-Paris Agreement, Desertification, Environmental Modification, Hazardous Wastes, Ozone Layer Protection, Ship Pollution, Wetlands"
      },
      "signed, but not ratified": {
        "text": "Antarctic-Environmental Protection, Law of the Sea"
      }
    },
    "Climate": {
      "text": "temperate, with rainfall concentrated in summer; long, bitter winters"
    },
    "Land use": {
      "agricultural land": {
        "text": "21.5% (2022 est.)"
      },
      "agricultural land: arable land": {
        "text": "arable land: 19.1% (2022 est.)"
      },
      "agricultural land: permanent crops": {
        "text": "permanent crops: 2.1% (2022 est.)"
      },
      "agricultural land: permanent pasture": {
        "text": "permanent pasture: 0.4% (2022 est.)"
      },
      "forest": {
        "text": "49.7% (2022 est.)"
      },
      "other": {
        "text": "28.7% (2022 est.)"
      }
    },
    "Urbanization": {
      "urban population": {
        "text": "63.2% of total population (2023)"
      },
      "rate of urbanization": {
        "text": "0.85% annual rate of change (2020-25 est.)"
      }
    },
    "Air pollutants": {
      "particulate matter emissions": {
        "text": "41.46 micrograms per cubic meter (2019 est.)"
      },
      "carbon dioxide emissions": {
        "text": "28.28 megatons (2016 est.)"
      },
      "methane emissions": {
        "text": "18.68 megatons (2020 est.)"
      }
    },
    "Total water withdrawal": {
      "municipal": {
        "text": "900 million cubic meters (2020 est.)"
      },
      "industrial": {
        "text": "1.15 billion cubic meters (2020 est.)"
      },
      "agricultural": {
        "text": "6.61 billion cubic meters (2020 est.)"
      }
    },
    "Total renewable water resources": {
      "text": "77.15 billion cubic meters (2020 est.)"
    }
  },
  "Government": {
    "Country name": {
      "conventional long form": {
        "text": "Democratic People's Republic of Korea"
      },
      "conventional short form": {
        "text": "North Korea"
      },
      "local long form": {
        "text": "Choson-minjujuui-inmin-konghwaguk"
      },
      "local short form": {
        "text": "Choson"
      },
      "abbreviation": {
        "text": "DPRK"
      },
      "etymology": {
        "text": "derived from the Chinese name for Goryeo, which was the Korean dynasty that united the peninsula in the 10th century A.D.; the North Korean name \"Choson\" means \"[Land of the] Morning Calm\""
      }
    },
    "Government type": {
      "text": "dictatorship, single-party communist state"
    },
    "Capital": {
      "name": {
        "text": "Pyongyang"
      },
      "geographic coordinates": {
        "text": "39 01 N, 125 45 E"
      },
      "time difference": {
        "text": "UTC+9 (14 hours ahead of Washington, DC, during Standard Time)"
      },
      "time zone note": {
        "text": "on 5 May 2018, North Korea reverted to UTC+9, the same time zone as South Korea"
      },
      "etymology": {
        "text": "the name translates as \"flat land\" in Korean"
      }
    },
    "Administrative divisions": {
      "text": "<p>9 provinces (<em>do</em>, singular and plural) and 4 special administration cities (<em>si</em>, singular and plural)</p> <p><strong>provinces:</strong> Chagang, Hambuk (North Hamgyong), Hamnam (South Hamgyong), Hwangbuk (North Hwanghae), Hwangnam (South Hwanghae), Kangwon, P'yongbuk (North Pyongan), P'yongnam (South Pyongan), Ryanggang</p> <p><strong>special administration cities:</strong> Kaesong, Nampo, P'yongyang, Rason</p>",
      "note": "<strong>note:</strong> P'yongyang is considered a directly controlled city; Kaesong, Nampo, and Rason are designated as special cities"
    },
    "Legal system": {
      "text": "civil law system based on the Prussian model; influenced by Japanese traditions and Communist legal theory"
    },
    "Constitution": {
      "history": {
        "text": "previous 1948, 1972; latest adopted 1998&nbsp;"
      },
      "amendment process": {
        "text": "proposed by the Supreme People&rsquo;s Assembly (SPA); passage requires more than two-thirds majority vote of the total SPA membership"
      }
    },
    "International law organization participation": {
      "text": "has not submitted an ICJ jurisdiction declaration; non-party state to the ICCt"
    },
    "Citizenship": {
      "citizenship by birth": {
        "text": "no"
      },
      "citizenship by descent only": {
        "text": "at least one parent must be a citizen of North Korea"
      },
      "dual citizenship recognized": {
        "text": "no"
      },
      "residency requirement for naturalization": {
        "text": "unknown"
      }
    },
    "Suffrage": {
      "text": "17 years of age; universal and compulsory"
    },
    "Executive branch": {
      "chief of state": {
        "text": "State Affairs Commission President KIM Jong Un (since 17 December 2011)"
      },
      "head of government": {
        "text": "Supreme People's Assembly President CHOE Ryong Hae (since 11 April 2019)"
      },
      "cabinet": {
        "text": "Cabinet or Naegak members appointed by the Supreme People's Assembly, except the Minister of People's Armed Forces"
      },
      "elections/appointments": {
        "text": "chief of state and premier indirectly elected by the Supreme People's Assembly"
      },
      "most recent election date": {
        "text": "11 April 2019"
      },
      "election results": {
        "text": "<em><br>2019:</em> KIM Jong Un reelected unopposed"
      },
      "expected date of next election": {
        "text": "March 2024"
      },
      "note": "<strong>note 1:</strong> KIM Jong Un's titles include general secretary of the Workers' Party of Korea (KWP), chairman of the KWP Central Military Commission, president of the State Affairs Commission, and supreme commander of the Korean People's Army<br><br><strong>note 2:</strong> in the North Korean system, KIM Jong Un's role as chief of state is secondary to his role as general secretary of the Korean Workers' Party; chief of state is used to engage with non-communist countries such as the US; North Korea revised its constitution in 2019 to define \"the Chairman of the State Affairs Commission\" as \"the supreme leader who represents the state\"; functions as the commander-in-chief and chief executive; the specific titles associated with this office have changed multiple times under KIM's tenure, but KIM Jong Un has been supreme leader since his father's death in 2011<br><br><strong>note 3:</strong> the head of government functions as the technical head of state and performs related duties, such as receiving ambassadors' credentials"
    },
    "Legislative branch": {
      "legislature name": {
        "text": "Supreme People's Assembly (Choe Go In Min Hoe Ui)"
      },
      "legislative structure": {
        "text": "unicameral"
      },
      "number of seats": {
        "text": "687 (all directly elected)"
      },
      "electoral system": {
        "text": "plurality/majority"
      },
      "scope of elections": {
        "text": "full renewal"
      },
      "term in office": {
        "text": "5 years"
      },
      "most recent election date": {
        "text": "3/10/2019"
      },
      "percentage of women in chamber": {
        "text": "17.6%"
      },
      "expected date of next election": {
        "text": "December 2025"
      },
      "note": "<strong>note:</strong> the SPA functions as a rubberstamp legislature; the Korean Workers' Party selects all candidates"
    },
    "Judicial branch": {
      "highest court(s)": {
        "text": "Supreme Court or Central Court (consists of one judge and 2 \"People's Assessors\" or, for some cases, 3 judges)"
      },
      "judge selection and term of office": {
        "text": "judges elected by the Supreme People's Assembly for 5-year terms"
      },
      "subordinate courts": {
        "text": "lower provincial courts as determined by the Supreme People's Assembly"
      }
    },
    "Political parties": {
      "text": "<strong>major parties:</strong><br>Korean Workers' Party or KWP (formally known as Workers' Party of Korea) <br>General Association of Korean Residents in Japan (Chongryon; under KWP control) <br><strong>minor parties:</strong> <br>Chondoist Chongu Party (under KWP control)<br>Social Democratic Party or KSDP (under KWP control)"
    },
    "Diplomatic representation in the US": {
      "text": "none<br><br><strong>Note</strong>:  North Korea has a Permanent Mission to the UN in New York"
    },
    "Diplomatic representation from the US": {
      "embassy": {
        "text": "none; the Swedish Embassy in Pyongyang represents the US as consular protecting power"
      }
    },
    "International organization participation": {
      "text": "ARF, FAO, G-77, ICAO, ICRM, IFAD, IFRCS, IHO, IMO, IMSO, IOC, IPU, ISO, ITSO, ITU, NAM, UN, UNCTAD, UNESCO, UNIDO, UNWTO, UPU, WFTU (NGOs), WHO, WIPO, WMO"
    },
    "Independence": {
      "text": "15 August 1945 (from Japan)"
    },
    "National holiday": {
      "text": "Founding of the Democratic People's Republic of Korea (DPRK), 9 September (1948)"
    },
    "Flag description": {
      "text": "three horizontal bands of blue (top), red (triple-width), and blue; the red band is edged in white; on the hoist side of the red band is a white disk with a red five-pointed star; the red band stands for revolutionary traditions, the white for purity, strength, and dignity; blue for sovereignty, peace, and friendship; the red star represents socialism"
    },
    "National symbol(s)": {
      "text": "red star, chollima (winged horse)"
    },
    "National color(s)": {
      "text": "red, white, blue"
    },
    "National anthem": {
      "name": {
        "text": "\"Aegukka\" (Patriotic Song)"
      },
      "lyrics/music": {
        "text": "PAK Se Yong/KIM Won Gyun"
      },
      "note": "<strong>note:</strong> adopted 1947; both North Korea's and South Korea's anthems share the same name and have a vaguely similar melody but have different lyrics; the North Korean anthem is also known as \"Ach'imun pinnara\" (Let Morning Shine)"
    },
    "National heritage": {
      "total World Heritage Sites": {
        "text": "2 (both cultural)"
      },
      "selected World Heritage Site locales": {
        "text": "Koguryo Tombs Complex; Historic Monuments and Sites in Kaesong"
      }
    }
  },
  "Economy": {
    "Economic overview": {
      "text": "one of the last centrally planned economies; hard hit by COVID-19, crop failures, international sanctions, and isolationist policies; declining growth and trade, and heavily reliant on China; poor exchange rate stability; economic data integrity issues"
    },
    "Real GDP (purchasing power parity)": {
      "Real GDP (purchasing power parity) 2015": {
        "text": "$40 billion (2015 est.)"
      },
      "note": "<strong>note: </strong>data are in 2015 dollars<br><br>North Korea does not publish reliable National Income Accounts data; the data shown are derived from purchasing power parity (PPP) GDP estimates that were made by Angus MADDISON in a study conducted for the OECD; his figure for 1999 was extrapolated to 2015 using estimated real growth rates for North Korea's GDP and an inflation factor based on the US GDP deflator; the results were rounded to the nearest $10 billion."
    },
    "Real GDP growth rate": {
      "Real GDP growth rate 2015": {
        "text": "-1.1% (2015 est.)"
      },
      "Real GDP growth rate 2014": {
        "text": "1% (2014 est.)"
      }
    },
    "Real GDP per capita": {
      "Real GDP per capita 2015": {
        "text": "$1,700 (2015 est.)"
      },
      "Real GDP per capita 2014": {
        "text": "$1,800 (2014 est.)"
      },
      "note": "<strong>note:</strong> data are in 2015 US dollars"
    },
    "GDP (official exchange rate)": {
      "text": "$28 billion (2013 est.)"
    },
    "GDP - composition, by sector of origin": {
      "agriculture": {
        "text": "22.5% (2017 est.)"
      },
      "industry": {
        "text": "47.6% (2017 est.)"
      },
      "services": {
        "text": "29.9% (2017 est.)"
      }
    },
    "GDP - composition, by end use": {
      "exports of goods and services": {
        "text": "5.9% (2016 est.)"
      },
      "imports of goods and services": {
        "text": "-11.1% (2016 est.)"
      }
    },
    "Agricultural products": {
      "text": "maize, vegetables, rice, apples, cabbages, fruits, sweet potatoes, potatoes, beans, soybeans (2023)",
      "note": "<b>note:</b> top ten agricultural products based on tonnage"
    },
    "Industries": {
      "text": "military products; machine building, electric power, chemicals; mining (coal, iron ore, limestone, magnesite, graphite, copper, zinc, lead, and precious metals), metallurgy; textiles, food processing; tourism"
    },
    "Industrial production growth rate": {
      "text": "4.3% (2014 est.)",
      "note": "<b>note:</b> annual % change in industrial value added based on constant local currency"
    },
    "Labor force": {
      "text": "17.637 million (2024 est.)",
      "note": "<b>note:</b> number of people ages 15 or older who are employed or seeking work"
    },
    "Unemployment rate": {
      "Unemployment rate 2024": {
        "text": "2.9% (2024 est.)"
      },
      "Unemployment rate 2023": {
        "text": "2.8% (2023 est.)"
      },
      "Unemployment rate 2022": {
        "text": "2.8% (2022 est.)"
      },
      "note": "<b>note:</b> % of labor force seeking employment"
    },
    "Youth unemployment rate (ages 15-24)": {
      "total": {
        "text": "6.8% (2024 est.)"
      },
      "male": {
        "text": "6.1% (2024 est.)"
      },
      "female": {
        "text": "7.4% (2024 est.)"
      },
      "note": "<b>note:</b> % of labor force ages 15-24 seeking employment"
    },
    "Exports": {
      "Exports 2018": {
        "text": "$222 million (2018)"
      },
      "Exports 2017": {
        "text": "$4.582 billion (2017 est.)"
      },
      "Exports 2015": {
        "text": "$2.908 billion (2015 est.)"
      }
    },
    "Exports - partners": {
      "text": "China 74%, Poland 3%, Senegal 3%, Angola 3%, Austria 3% (2023)",
      "note": "<b>note:</b> top five export partners based on percentage share of exports"
    },
    "Exports - commodities": {
      "text": "fake hair, iron alloys, tungsten ore, electricity, cars (2023)",
      "note": "<b>note:</b> top five export commodities based on value in dollars"
    },
    "Imports": {
      "Imports 2018": {
        "text": "$2.32 billion (2018 est.)"
      },
      "Imports 2016": {
        "text": "$3.86 billion (2016 est.)"
      }
    },
    "Imports - partners": {
      "text": "China 97%, Togo 1%, Peru 1%, Gabon 1%, India 0% (2023)",
      "note": "<b>note:</b> top five import partners based on percentage share of imports"
    },
    "Imports - commodities": {
      "text": "processed hair, plastic products, garments, fabric, soybean oil (2023)",
      "note": "<b>note:</b> top five import commodities based on value in dollars"
    },
    "Exchange rates": {
      "Currency": {
        "text": "North Korean won (KPW) per US dollar (average market rate)"
      },
      "Exchange rates 2017": {
        "text": "135 (2017 est.)"
      },
      "Exchange rates 2016": {
        "text": "130 (2016 est.)"
      },
      "Exchange rates 2015": {
        "text": "130 (2015 est.)"
      }
    }
  },
  "Energy": {
    "Electricity access": {
      "electrification - total population": {
        "text": "54.7% (2022 est.)"
      }
    },
    "Electricity": {
      "installed generating capacity": {
        "text": "8.357 million kW (2023 est.)"
      },
      "consumption": {
        "text": "22.448 billion kWh (2023 est.)"
      },
      "transmission/distribution losses": {
        "text": "4.101 billion kWh (2023 est.)"
      }
    },
    "Electricity generation sources": {
      "fossil fuels": {
        "text": "36.9% of total installed capacity (2023 est.)"
      },
      "solar": {
        "text": "0.6% of total installed capacity (2023 est.)"
      },
      "hydroelectricity": {
        "text": "62.5% of total installed capacity (2023 est.)"
      }
    },
    "Coal": {
      "production": {
        "text": "21.928 million metric tons (2023 est.)"
      },
      "consumption": {
        "text": "22.105 million metric tons (2023 est.)"
      },
      "proven reserves": {
        "text": "10.6 billion metric tons (2023 est.)"
      }
    },
    "Petroleum": {
      "refined petroleum consumption": {
        "text": "18,000 bbl/day (2023 est.)"
      }
    },
    "Carbon dioxide emissions": {
      "total emissions": {
        "text": "55.744 million metric tonnes of CO2 (2023 est.)"
      },
      "from coal and metallurgical coke": {
        "text": "52.985 million metric tonnes of CO2 (2023 est.)"
      },
      "from petroleum and other liquids": {
        "text": "2.759 million metric tonnes of CO2 (2023 est.)"
      }
    },
    "Energy consumption per capita": {
      "Total energy consumption per capita 2023": {
        "text": "23.83 million Btu/person (2023 est.)"
      }
    }
  },
  "Communications": {
    "Telephones - fixed lines": {
      "total subscriptions": {
        "text": "1.18 million (2021 est.)"
      },
      "subscriptions per 100 inhabitants": {
        "text": "4 (2022 est.)"
      }
    },
    "Telephones - mobile cellular": {
      "total subscriptions": {
        "text": "6 million (2021 est.)"
      },
      "subscriptions per 100 inhabitants": {
        "text": "23 (2021 est.)"
      }
    },
    "Broadcast media": {
      "text": "no independent media; radios and TVs are pre-tuned to government stations; 4 state-owned TV stations; the Korean Workers' Party owns and operates the Korean Central Broadcasting Station, and the state-run Voice of Korea operates an external broadcast service; the government prohibits listening to and jams foreign broadcasts (2019)"
    },
    "Internet country code": {
      "text": ".kp"
    }
  },
  "Transportation": {
    "Civil aircraft registration country code prefix": {
      "text": "P"
    },
    "Airports": {
      "text": "81 (2025)"
    },
    "Heliports": {
      "text": "8 (2025)"
    },
    "Railways": {
      "total": {
        "text": "7,435 km (2014)"
      },
      "standard gauge": {
        "text": "7,435 km (2014) 1.435-m gauge (5,400 km electrified)"
      },
      "note": "<strong>note:</strong> figures are approximate; some narrow-gauge railway also exists"
    },
    "Merchant marine": {
      "total": {
        "text": "264 (2023)"
      },
      "by type": {
        "text": "bulk carrier 10, container ship 5, general cargo 191, oil tanker 29, other 29"
      }
    },
    "Ports": {
      "total ports": {
        "text": "10 (2024)"
      },
      "large": {
        "text": "0"
      },
      "medium": {
        "text": "0"
      },
      "small": {
        "text": "7"
      },
      "very small": {
        "text": "3"
      },
      "ports with oil terminals": {
        "text": "0"
      },
      "key ports": {
        "text": "Ch'ongjin, Haeju Hang, Hungnam, Najin, Nampo, Senbong, Wonsan"
      }
    }
  },
  "Military and Security": {
    "Military and security forces": {
      "text": "Korean People's Army (KPA): KPA Ground Forces, KPA Navy, KPA Air Force and Air Defense Forces, KPA Strategic Forces (missile forces), KPA Special Forces (special operations forces); Security Guard Command (aka Bodyguard Command); Military Security Command<br><br>Ministry of Social Security (formerly Ministry of Public Security): Border Guard General Bureau, civil security forces; Ministry of State Security: internal security, investigations (2024)",
      "note": "<strong>note 1</strong>: North Korea employs a systematic and intentional overlap of powers and responsibilities among its multiple internal security organizations to prevent any potential subordinate consolidation of power and assure that each unit provided a check and balance on the other<br><br><strong>note 2: </strong>Kim Jong Un is the KPA supreme commander, while operational control of the armed forces resides in the General Staff Department (GSD), which reports directly to Kim; the GSD maintains overall control of all military forces and is charged with turning Kim’s directives into operational military orders; the Ministry of National Defense (MND) is responsible for administrative control of the military and external relations with foreign militaries<strong><br><br>note 3:</strong> the Security Guard Command protects the Kim family, other senior leadership figures, and government facilities<br><strong><br>note 4: </strong>the North also has a large paramilitary/militia force organized into the Worker Peasant Red Guard and Red Youth Guard; these organizations are present at all levels of government (province, county, ward) and are under the control of the Korean Workers' Party in peacetime, but revert to KPA control in crisis or war; they are often mobilized for domestic projects, such as road building and agricultural support"
    },
    "Military expenditures": {
      "text": "defense spending is a regime priority; between 2010 and 2020, military expenditures accounted for an estimated 20-30% of North Korea's GDP annually; spending estimates ranged from $7 billion to $11 billion annually; in 2024, North Korea announced that it would spend nearly 16% of state expenditures on defense; North Korea in the 2010s and 2020s has increasingly relied on illicit activities &mdash; including cybercrime &mdash; to generate revenue for its weapons of mass destruction and ballistic missile programs to evade US and UN sanctions"
    },
    "Military and security service personnel strengths": {
      "text": "estimates vary; approximately 1-1.3 million active-duty Korean People's Army (2024)"
    },
    "Military equipment inventories and acquisitions": {
      "text": "the KPA is equipped with older weapon systems originally acquired from the former Soviet Union, Russia, and China, and some domestically produced equipment; North Korea produces a diverse array of military hardware, including small arms, munitions, light armored vehicles, tanks, naval vessels and submarines, and some advanced weapons systems, such as cruise and ballistic missiles; most are copies or upgrades of older foreign supplied equipment (2024)",
      "note": "<strong>note:</strong> since 2006, the UN Security Council has passed nearly a dozen resolutions sanctioning North Korea for developing nuclear weapons and related activities, starting with Resolution 1718, which condemned the North's first nuclear test and placed sanctions on the supply of heavy weaponry (including tanks, armored combat vehicles, large caliber artillery, combat aircraft, attack helicopters, warships, and missiles and missile launchers), missile technology and material, and select luxury goods; additional resolutions have expanded to include all arms, including small arms and light weapons; the US and other countries have also imposed unilateral sanctions"
    },
    "Military service age and obligation": {
      "text": "17 years of age for compulsory military service for men and women; service obligation varies from 5-13 years; reportedly up to 10 years (7 for women) for those serving in combat units and 13 years (7 for women) for specialized combat units, such as missile forces (2024)",
      "note": "<strong>note:</strong> the bulk of the KPA is made up of conscripts; as many as 20% of North Korean males between the ages of 16 and 54 are in the military at a given time and possibly up to 30 percent of males between the ages of 18 and 27, not counting the reserves or paramilitary units; women comprise about 20% of the military by some estimates"
    },
    "Military deployments": {
      "text": "approximately 10-12,000 Russia (2025)"
    },
    "Military - note": {
      "text": "North Korea is one of the most militarized countries in the World, and the Korean People's Army (KPA) is one of the World’s largest military forces; founded in 1948, the KPA’s primary responsibilities are national defense and protection of the Kim regime; it also provides considerable support to domestic economic projects such as agriculture production and infrastructure construction; North Korea views the US as its primary external security threat <br><br>in addition to the invasion of South Korea and the subsequent Korean War (1950-53), North Korea from the 1960s to the 1980s launched a considerable number of limited military and subversive actions against South Korea using special forces and terrorist tactics; including aggressive skirmishes along the DMZ, overt attempts to assassinate South Korean leaders, kidnappings, the bombing of an airliner, and a failed effort in 1968 to foment an insurrection and conduct a guerrilla war in the South with more than 100 seaborne commandos; from the 1990s until 2010, the North lost two submarines and a semi-submersible boat attempting to insert infiltrators into the South (1996, 1998) and provoked several engagements in the Northwest Islands area along the disputed Northern Limit Line (NLL), including naval skirmishes between patrol boats in 1999 and 2002, the torpedoing and sinking of a South Korean Navy corvette in 2010, and the bombardment of a South Korean military installation on Yeonpyeong Island, also in 2010; since 2010, further minor incidents continue to occur periodically along the DMZ, where both the KPA and the South Korean military maintain large numbers of troops; in late 2023 and early 2024, the Kim regime abandoned decades of official policy and declared that South Korea was not inhabited by “fellow countrymen” but a separate and “hostile” state that the North would “subjugate” if war broke out <br><br>North Korea also has a history of provocative regional military actions and posturing that are of major concern to the international community, including: proliferation of military-related items; ballistic and cruise missile development and testing; weapons of mass destruction (WMD) programs including tests of nuclear devices in 2006, 2009, 2013, 2016, and 2017; and large conventional armed forces; despite high-level efforts to ease tensions during the 2018-19 timeframe, including summits with the leaders of China, South Korea, and the US, North Korea has continued developing its WMD programs and, in recent years, issued statements condemning the US and vowing to further strengthen its military capabilities, including long range missiles and nuclear weapons (2024)"
    }
  },
  "Space": {
    "Space agency/agencies": {
      "text": "National Aerospace Development Administration (NADA; established 2013); predecessor organization, Korean Committee of Space Technology (KCST; established 1980s); State Space Development Bureau; Academy of Defense Science; Ministry of People&rsquo;s Armed Forces (2024)"
    },
    "Space launch site(s)": {
      "text": "Sohae Satellite Launching Station (aka Tongch'ang-dong Space Launch Center; North Pyongan province); Tonghae Satellite Launching Ground (North Hamgyong province) (2024)"
    },
    "Space program overview": {
      "text": "North Korea’s leader has emphasized the development of space capabilities, particularly space launch vehicles (SLVs) and remote sensing (RS) satellites; manufactures small satellites; manufactures and launches rockets/SLVs; note – the SLV program is closely related to North Korea’s development of intercontinental ballistic missiles (2024)",
      "note": "<strong>note:</strong> further details about the key activities, programs, and milestones of the country’s space program, as well as government spending estimates on the space sector, appear in the Space Programs reference guide"
    }
  },
  "Transnational Issues": {
    "Refugees and internally displaced persons": {
      "IDPs": {
        "text": "undetermined (2021)"
      }
    },
    "Trafficking in persons": {
      "tier rating": {
        "text": "Tier 3 — the government of North Korea does not fully meet the minimum standards for the elimination of trafficking and is not making significant efforts to do so, therefore, North Korea remained on Tier 3; for more details, go to:  https://www.state.gov/reports/2024-trafficking-in-persons-report/north-korea/"
      }
    },
    "Illicit drugs": {
      "text": "at present there is insufficient information to determine the current level of involvement of government officials in the production or trafficking of illicit drugs, but for years, from the 1970s into the 2000s, citizens of North Korea , many of them diplomatic employees of the government, were apprehended abroad while trafficking in narcotics; police investigations in Taiwan, Japan and Australia during that period have linked North Korea to large illicit shipments of heroin and methamphetamine"
    }
  }
}