{
  "Introduction": {
    "Background": {
      "text": "Portuguese ships began arriving in 1513. In the 1550s, Portuguese paying tribute to China settled in Macau, which became the official entrepôt for all international trade with China and Japan and the first European settlement in the Far East.  The first governor was appointed in the 17th century, but the Portuguese remained largely under the control of the Chinese. In the 1930s and ’40s Macau was declared a neutral territory during the Sino-Japanese War and World War II and became a refuge for both Chinese and Europeans. Portugal officially made Macau an overseas province in 1951.  <br><br>In April 1987, Portugal and China reached an agreement to return Macau to Chinese rule in 1999, using the Hong Kong Joint Declaration between China and the UK as a model. In this agreement, China promised that, under its \"one country, two systems\" formula, China's political and economic system would not be imposed on Macau, and that Macau would enjoy a \"high degree of autonomy\" in all matters except foreign affairs and defense for the next 50 years. However, after China's multi-year crackdown against the pro-democracy movement in nearby Hong Kong, the governments of China and the Macau Special Administrative Region worked to limit Macau's political autonomy by suppressing opposition activity in the 2021 legislative elections."
    }
  },
  "Geography": {
    "Location": {
      "text": "Eastern Asia, bordering the South China Sea and China"
    },
    "Geographic coordinates": {
      "text": "22 10 N, 113 33 E"
    },
    "Map references": {
      "text": "Southeast Asia"
    },
    "Area": {
      "total ": {
        "text": "28 sq km"
      },
      "land": {
        "text": "28.2 sq km"
      },
      "water": {
        "text": "0 sq km"
      }
    },
    "Area - comparative": {
      "text": "less than one-sixth the size of Washington, D.C."
    },
    "Land boundaries": {
      "total": {
        "text": "3 km"
      },
      "regional borders": {
        "text": "China 3 km"
      }
    },
    "Coastline": {
      "text": "41 km"
    },
    "Maritime claims": {
      "text": "not specified"
    },
    "Climate": {
      "text": "subtropical; marine with cool winters, warm summers"
    },
    "Terrain": {
      "text": "generally flat"
    },
    "Elevation": {
      "highest point": {
        "text": "Alto Coloane 172 m"
      },
      "lowest point": {
        "text": "South China Sea 0 m"
      }
    },
    "Natural resources": {
      "text": "NEGL"
    },
    "Land use": {
      "agricultural land": {
        "text": "0% (2022 est.)"
      },
      "forest": {
        "text": "0% (2022 est.)"
      },
      "other": {
        "text": "100% (2022 est.)"
      }
    },
    "Irrigated land": {
      "text": "0 sq km (2012)"
    },
    "Population distribution": {
      "text": "population fairly equally distributed"
    },
    "Natural hazards": {
      "text": "typhoons"
    },
    "Geography - note": {
      "text": "primarily urban; an area of land reclaimed from the sea measuring 5.2 sq km (2 sq mi) and known as Cotai now connects the islands of Coloane and Taipa; the island area is connected to the mainland peninsula by three bridges"
    }
  },
  "People and Society": {
    "Population": {
      "total": {
        "text": "644,426 (2024 est.)"
      },
      "male": {
        "text": "304,988"
      },
      "female": {
        "text": "339,438"
      }
    },
    "Nationality": {
      "noun": {
        "text": "Chinese"
      },
      "adjective": {
        "text": "Chinese"
      }
    },
    "Ethnic groups": {
      "text": "Chinese 89.4%, Chinese and Portuguese 1%, Portuguese 0.8%, Chinese and non-Portuguese 0.2%, Portuguese and others 0.2%, other 8.5% (2021 est.)"
    },
    "Languages": {
      "Languages": {
        "text": "Cantonese 81%, Mandarin 4.7%, other Chinese dialects 5.4%, English 3.6%, Tagalog 2.9%, Portuguese 0.6%, other 1.8% (2021 est.)"
      },
      "major-language sample(s)": {
        "text": "<br> <p>世界概况, 必須擁有的基本資料参考书 (Cantonese)</p> <br>The World Factbook, the indispensable source for basic information."
      },
      "note": "<strong>note:</strong> Chinese and Portuguese are official languages; Macanese or Patua, a Portuguese-based Creole, is also spoken"
    },
    "Religions": {
      "text": "folk religion 58.9%, Buddhist 17.3%, Christian 7.2%, other 1.2%, none 15.4% (2020 est.)"
    },
    "Age structure": {
      "0-14 years": {
        "text": "14.4% (male 47,346/female 45,216)"
      },
      "15-64 years": {
        "text": "69.9% (male 210,059/female 240,577)"
      },
      "65 years and over": {
        "text": "15.7% (2024 est.) (male 47,583/female 53,645)"
      }
    },
    "Dependency ratios": {
      "total dependency ratio": {
        "text": "43 (2024 est.)"
      },
      "youth dependency ratio": {
        "text": "20.5 (2024 est.)"
      },
      "elderly dependency ratio": {
        "text": "22.5 (2024 est.)"
      },
      "potential support ratio": {
        "text": "4.5 (2024 est.)"
      }
    },
    "Median age": {
      "total": {
        "text": "42.5 years (2024 est.)"
      },
      "male": {
        "text": "41.5 years"
      },
      "female": {
        "text": "43.1 years"
      }
    },
    "Population growth rate": {
      "text": "0.67% (2024 est.)"
    },
    "Birth rate": {
      "text": "8.6 births/1,000 population (2024 est.)"
    },
    "Death rate": {
      "text": "4.9 deaths/1,000 population (2024 est.)"
    },
    "Net migration rate": {
      "text": "3.1 migrant(s)/1,000 population (2024 est.)"
    },
    "Population distribution": {
      "text": "population fairly equally distributed"
    },
    "Urbanization": {
      "urban population": {
        "text": "100% of total population (2023)"
      },
      "rate of urbanization": {
        "text": "1.46% annual rate of change (2020-25 est.)"
      }
    },
    "Major urban areas - population": {
      "text": "682,000 Macau (2023)"
    },
    "Sex ratio": {
      "at birth": {
        "text": "1.05 male(s)/female"
      },
      "0-14 years": {
        "text": "1.05 male(s)/female"
      },
      "15-64 years": {
        "text": "0.87 male(s)/female"
      },
      "65 years and over": {
        "text": "0.89 male(s)/female"
      },
      "total population": {
        "text": "0.9 male(s)/female (2024 est.)"
      }
    },
    "Infant mortality rate": {
      "total": {
        "text": "4.4 deaths/1,000 live births (2024 est.)"
      },
      "male": {
        "text": "4.5 deaths/1,000 live births"
      },
      "female": {
        "text": "4.3 deaths/1,000 live births"
      }
    },
    "Life expectancy at birth": {
      "total population": {
        "text": "85.3 years (2024 est.)"
      },
      "male": {
        "text": "82.5 years"
      },
      "female": {
        "text": "88.3 years"
      }
    },
    "Total fertility rate": {
      "text": "1.24 children born/woman (2024 est.)"
    },
    "Gross reproduction rate": {
      "text": "0.6 (2024 est.)"
    },
    "Contraceptive prevalence rate": {
      "text": "NA"
    },
    "Drinking water source": {
      "improved: urban": {
        "text": "urban: 100% of population"
      },
      "improved: rural": {
        "text": "rural: NA"
      },
      "improved: total": {
        "text": "total: 100% of population"
      },
      "unimproved: urban": {
        "text": "urban: 0% of population"
      },
      "unimproved: rural": {
        "text": "rural: NA"
      },
      "unimproved: total": {
        "text": "total: 0% of population (2020)"
      }
    },
    "Currently married women (ages 15-49)": {
      "text": "53.5% (2023 est.)"
    },
    "Education expenditure": {
      "text": "6.3% of GDP (2020 est.)"
    },
    "Literacy": {
      "total population": {
        "text": "97.1%"
      },
      "male": {
        "text": "98.5%"
      },
      "female": {
        "text": "95.9% (2021)"
      }
    },
    "School life expectancy (primary to tertiary education)": {
      "total": {
        "text": "18 years"
      },
      "male": {
        "text": "17 years"
      },
      "female": {
        "text": "19 years (2021)"
      }
    }
  },
  "Environment": {
    "Environment - current issues": {
      "text": "air pollution; coastal water pollution; solid-waste disposal; noise pollution"
    },
    "Climate": {
      "text": "subtropical; marine with cool winters, warm summers"
    },
    "Land use": {
      "agricultural land": {
        "text": "0% (2022 est.)"
      },
      "forest": {
        "text": "0% (2022 est.)"
      },
      "other": {
        "text": "100% (2022 est.)"
      }
    },
    "Urbanization": {
      "urban population": {
        "text": "100% of total population (2023)"
      },
      "rate of urbanization": {
        "text": "1.46% annual rate of change (2020-25 est.)"
      }
    },
    "Air pollutants": {
      "carbon dioxide emissions": {
        "text": "2.07 megatons (2016 est.)"
      }
    },
    "Waste and recycling": {
      "municipal solid waste generated annually": {
        "text": "377,942 tons (2016 est.)"
      },
      "municipal solid waste recycled annually": {
        "text": "75,588 tons (2014 est.)"
      },
      "percent of municipal solid waste recycled": {
        "text": "20% (2014 est.)"
      }
    }
  },
  "Government": {
    "Country name": {
      "conventional long form": {
        "text": "Macau Special Administrative Region"
      },
      "conventional short form": {
        "text": "Macau"
      },
      "official long form": {
        "text": "Aomen Tebie Xingzhengqu (Chinese)/ Regiao Administrativa Especial de Macau (Portuguese)"
      },
      "official short form": {
        "text": "Aomen (Chinese)/ Macau (Portuguese)"
      },
      "etymology": {
        "text": "name derived from the Chinese <em>ama-gao</em>, or “Bay of Ama,” for Ama, the patron goddess of sailors"
      }
    },
    "Government type": {
      "text": "executive-led limited democracy; a special administrative region of the People's Republic of China"
    },
    "Dependency status": {
      "text": "special administrative region of the People's Republic of China"
    },
    "Administrative divisions": {
      "text": "none (special administrative region of the People's Republic of China)"
    },
    "Legal system": {
      "text": "civil law system based on the Portuguese model"
    },
    "Constitution": {
      "history": {
        "text": "previous 1976 (Organic Statute of Macau, under Portuguese authority); latest adopted 31 March 1993, effective 20 December 1999 (Basic Law of the Macau Special Administrative Region of the People's Republic of China serves as Macau's constitution)"
      },
      "amendment process": {
        "text": "proposed by the Standing Committee of the National People&rsquo;s Congress (NPC), the People&rsquo;s Republic of China State Council, and the Macau Special Administrative Region; submittal of proposals to the NPC requires two-thirds majority vote by the Legislative Assembly of Macau, approval by two thirds of Macau's deputies to the NPC, and consent of the Macau chief executive; final passage requires approval by the NPC"
      }
    },
    "Citizenship": {
      "text": "see China"
    },
    "Suffrage": {
      "text": "18 years of age in direct elections for some legislative positions, universal for permanent residents living in Macau for the past 7 years; note - indirect elections are limited to organizations registered as \"corporate voters\" and an election committee for the chief executive drawn from broad regional groupings, municipal organizations, central government bodies, and elected Macau officials"
    },
    "Executive branch": {
      "chief of state": {
        "text": "President of China XI Jinping (since 14 March 2013)"
      },
      "head of government": {
        "text": "Chief Executive Sam Hou FAI (since 20 December 2024)"
      },
      "cabinet": {
        "text": "Executive Council appointed by the chief executive"
      },
      "elections/appointments": {
        "text": "president indirectly elected by National People's Congress for a 5-year term (eligible for a second term); chief executive chosen by a 400-member Election Committee for a 5-year term (eligible for a second term)"
      },
      "most recent election date": {
        "text": "<em>president:</em> 10 March 2023<br><br><em>chief executive:</em> 13 October 2024"
      },
      "election results": {
        "text": "<em><br>2024:</em> Sam Hou FAI (unopposed; received 394 out of 400 votes)<br><br><em>2019:</em> HO lat Seng (unopposed; received 392 out of 400 votes)"
      },
      "expected date of next election": {
        "text": "<em>president: </em>March 2028<br><br><em>chief executive:</em> 2029"
      }
    },
    "Legislative branch": {
      "legislature name": {
        "text": "Legislative Assembly (Regiao Administrativa Especial de Macau)"
      },
      "legislative structure": {
        "text": "unicameral"
      },
      "number of seats": {
        "text": "33 (14 directly elected, 12 indirectly elected, 7 appointed)"
      },
      "electoral system": {
        "text": "mixed"
      },
      "scope of elections": {
        "text": "full renewal"
      },
      "term in office": {
        "text": "4 years"
      },
      "most recent election date": {
        "text": "9/12/2021"
      },
      "parties elected and seats per party": {
        "text": "United Citizens Association of Macau (ACUM) (3); Union for Development (UPD) (2); Macau-Guangdong Union (UGM) (2); Union for Promoting Progress (UPP) (2); Alliance for a Happy Home (ABL) (2); New Hope (NE) (2); Association of Synergy of Macau (PS) (1)"
      },
      "expected date of next election": {
        "text": "September 2025"
      }
    },
    "Judicial branch": {
      "highest court(s)": {
        "text": "Court of Final Appeal of Macau Special Administrative Region (consists of the court president and 2 associate justices)"
      },
      "judge selection and term of office": {
        "text": "justices appointed by the Macau chief executive upon the recommendation of an independent commission of judges, lawyers, and \"eminent\" persons; judge tenure NA"
      },
      "subordinate courts": {
        "text": "Court of Second Instance; Court of First instance; Lower Court; Administrative Court"
      }
    },
    "Political parties": {
      "text": "Alliance for a Happy Home or ABL<br>Association of Synergy of Macau (\"Synergy Power\" or Poder da Singeria) or PS <br>Macau-Guangdong Union or UGM <br>New Hope or NE <br>Union for Development or UPD <br>Union for Promoting Progress or UPP or UNIPRO <br>United Citizens Association of Macau or ACUM",
      "note": "<strong>note:</strong> there is no political party ordinance, so there are no registered political parties; politically active groups register as societies or companies"
    },
    "Diplomatic representation in the US": {
      "text": "none (Special Administrative Region of China)"
    },
    "Diplomatic representation from the US": {
      "embassy": {
        "text": "the US has no offices in Macau; US Consulate General in Hong Kong is accredited to Macau"
      }
    },
    "International organization participation": {
      "text": "ICC (national committees), IHO, IMF, IMO (associate), Interpol (subbureau), ISO (correspondent), UNESCO (associate), UNWTO (associate), UPU, WCO, WMO, WTO"
    },
    "Independence": {
      "text": "none (special administrative region of China)"
    },
    "National holiday": {
      "text": "National Day (anniversary of the Founding of the People's Republic of China), 1 October (1949); note - 20 December (1999) is celebrated as Macau Special Administrative Region Establishment Day"
    },
    "Flag description": {
      "text": "green with a lotus flower above a stylized bridge and water in white, under an arc of five five-pointed gold stars; the lotus is the national floral emblem, and the three petals represent the country's peninsula and two islands; the five stars echo those on the Chinese flag"
    },
    "National symbol(s)": {
      "text": "lotus blossom"
    },
    "National color(s)": {
      "text": "green, white, yellow"
    },
    "National anthem": {
      "text": "<p><strong>note:</strong> as a Special Administrative Region of China, \"Yiyongjun Jinxingqu\" is the official anthem (see China)</p>"
    }
  },
  "Economy": {
    "Economic overview": {
      "text": "high-income, Chinese special administrative region economy; known for apparel exports and gambling tourism; currency pegged to Hong Kong dollar; significant recession due to 2015 Chinese anticorruption campaign; COVID-19 further halved economic activity"
    },
    "Real GDP (purchasing power parity)": {
      "Real GDP (purchasing power parity) 2023": {
        "text": "$71.248 billion (2023 est.)"
      },
      "Real GDP (purchasing power parity) 2022": {
        "text": "$40.699 billion (2022 est.)"
      },
      "Real GDP (purchasing power parity) 2021": {
        "text": "$50.626 billion (2021 est.)"
      },
      "note": "<b>note:</b> data in 2021 dollars"
    },
    "Real GDP growth rate": {
      "Real GDP growth rate 2023": {
        "text": "75.06% (2023 est.)"
      },
      "Real GDP growth rate 2022": {
        "text": "-19.61% (2022 est.)"
      },
      "Real GDP growth rate 2021": {
        "text": "23.54% (2021 est.)"
      },
      "note": "<b>note:</b> annual GDP % growth based on constant local currency"
    },
    "Real GDP per capita": {
      "Real GDP per capita 2023": {
        "text": "$105,000 (2023 est.)"
      },
      "Real GDP per capita 2022": {
        "text": "$60,100 (2022 est.)"
      },
      "Real GDP per capita 2021": {
        "text": "$74,200 (2021 est.)"
      },
      "note": "<b>note:</b> data in 2021 dollars"
    },
    "GDP (official exchange rate)": {
      "text": "$45.803 billion (2023 est.)",
      "note": "<b>note:</b> data in current dollars at official exchange rate"
    },
    "Inflation rate (consumer prices)": {
      "Inflation rate (consumer prices) 2023": {
        "text": "0.5% (2023 est.)"
      },
      "Inflation rate (consumer prices) 2022": {
        "text": "1% (2022 est.)"
      },
      "Inflation rate (consumer prices) 2021": {
        "text": "0% (2021 est.)"
      },
      "note": "<b>note:</b> annual % change based on consumer prices"
    },
    "GDP - composition, by sector of origin": {
      "industry": {
        "text": "5.4% (2023 est.)"
      },
      "services": {
        "text": "91.4% (2023 est.)"
      },
      "note": "<strong>note:</strong> figures may not total 100% due to non-allocated consumption not captured in sector-reported data"
    },
    "GDP - composition, by end use": {
      "household consumption": {
        "text": "30.1% (2023 est.)"
      },
      "government consumption": {
        "text": "13.8% (2023 est.)"
      },
      "investment in fixed capital": {
        "text": "14.6% (2023 est.)"
      },
      "investment in inventories": {
        "text": "0.9% (2023 est.)"
      },
      "exports of goods and services": {
        "text": "91.4% (2023 est.)"
      },
      "imports of goods and services": {
        "text": "-50.7% (2023 est.)"
      },
      "note": "<b>note:</b> figures may not total 100% due to rounding or gaps in data collection"
    },
    "Agricultural products": {
      "text": "pork, chicken, beef, eggs, pork offal, pork fat, pepper, beef offal, cattle hides, goose meat (2023)",
      "note": "<b>note:</b> top ten agricultural products based on tonnage"
    },
    "Industries": {
      "text": "tourism, gambling, clothing, textiles, electronics, footwear, toys"
    },
    "Industrial production growth rate": {
      "text": "6.78% (2023 est.)",
      "note": "<b>note:</b> annual % change in industrial value added based on constant local currency"
    },
    "Labor force": {
      "text": "373,800 (2024 est.)",
      "note": "<b>note:</b> number of people ages 15 or older who are employed or seeking work"
    },
    "Unemployment rate": {
      "Unemployment rate 2024": {
        "text": "2.4% (2024 est.)"
      },
      "Unemployment rate 2023": {
        "text": "2.2% (2023 est.)"
      },
      "Unemployment rate 2022": {
        "text": "2.5% (2022 est.)"
      },
      "note": "<b>note:</b> % of labor force seeking employment"
    },
    "Youth unemployment rate (ages 15-24)": {
      "total": {
        "text": "7.2% (2024 est.)"
      },
      "male": {
        "text": "9.4% (2024 est.)"
      },
      "female": {
        "text": "5.6% (2024 est.)"
      },
      "note": "<b>note:</b> % of labor force ages 15-24 seeking employment"
    },
    "Remittances": {
      "Remittances 2023": {
        "text": "0.23% of GDP (2023 est.)"
      },
      "Remittances 2022": {
        "text": "0.33% of GDP (2022 est.)"
      },
      "Remittances 2021": {
        "text": "0.24% of GDP (2021 est.)"
      },
      "note": "<b>note:</b> personal transfers and compensation between resident and non-resident individuals/households/entities"
    },
    "Budget": {
      "revenues": {
        "text": "$5.135 billion (2022 est.)"
      },
      "expenditures": {
        "text": "$12.259 billion (2022 est.)"
      },
      "note": "<b>note:</b> central government revenues (excluding grants) and expenses converted to US dollars at average official exchange rate for year indicated"
    },
    "Public debt": {
      "Public debt 2017": {
        "text": "0% of GDP (2017 est.)"
      }
    },
    "Taxes and other revenues": {
      "text": "22.8% (of GDP) (2023 est.)",
      "note": "<b>note:</b> central government tax revenue as a % of GDP"
    },
    "Current account balance": {
      "Current account balance 2023": {
        "text": "$14.38 billion (2023 est.)"
      },
      "Current account balance 2022": {
        "text": "$3.476 billion (2022 est.)"
      },
      "Current account balance 2021": {
        "text": "$2.705 billion (2021 est.)"
      },
      "note": "<b>note:</b> balance of payments - net trade and primary/secondary income in current dollars"
    },
    "Exports": {
      "Exports 2023": {
        "text": "$41.839 billion (2023 est.)"
      },
      "Exports 2022": {
        "text": "$21.097 billion (2022 est.)"
      },
      "Exports 2021": {
        "text": "$28.163 billion (2021 est.)"
      },
      "note": "<b>note:</b> balance of payments - exports of goods and services in current dollars"
    },
    "Exports - partners": {
      "text": "Hong Kong 73%, China 6%, USA 6%, Philippines 3%, Singapore 1% (2023)",
      "note": "<b>note:</b> top five export partners based on percentage share of exports"
    },
    "Exports - commodities": {
      "text": "jewelry, garments, broadcasting equipment, precious metal watches, video and card games (2023)",
      "note": "<b>note:</b> top five export commodities based on value in dollars"
    },
    "Imports": {
      "Imports 2023": {
        "text": "$23.205 billion (2023 est.)"
      },
      "Imports 2022": {
        "text": "$20.923 billion (2022 est.)"
      },
      "Imports 2021": {
        "text": "$23.77 billion (2021 est.)"
      },
      "note": "<b>note:</b> balance of payments - imports of goods and services in current dollars"
    },
    "Imports - partners": {
      "text": "China 36%, Hong Kong 17%, USA 6%, France 6%, Japan 5% (2023)",
      "note": "<b>note:</b> top five import partners based on percentage share of imports"
    },
    "Imports - commodities": {
      "text": "jewelry, garments, trunks and cases, broadcasting equipment, electricity (2023)",
      "note": "<b>note:</b> top five import commodities based on value in dollars"
    },
    "Reserves of foreign exchange and gold": {
      "Reserves of foreign exchange and gold 2024": {
        "text": "$29.392 billion (2024 est.)"
      },
      "Reserves of foreign exchange and gold 2023": {
        "text": "$27.771 billion (2023 est.)"
      },
      "Reserves of foreign exchange and gold 2022": {
        "text": "$25.971 billion (2022 est.)"
      },
      "note": "<b>note:</b> holdings of gold (year-end prices)/foreign exchange/special drawing rights in current dollars"
    },
    "Exchange rates": {
      "Currency": {
        "text": "patacas (MOP) per US dollar -"
      },
      "Exchange rates 2024": {
        "text": "8.037 (2024 est.)"
      },
      "Exchange rates 2023": {
        "text": "8.063 (2023 est.)"
      },
      "Exchange rates 2022": {
        "text": "8.065 (2022 est.)"
      },
      "Exchange rates 2021": {
        "text": "8.006 (2021 est.)"
      },
      "Exchange rates 2020": {
        "text": "7.989 (2020 est.)"
      }
    }
  },
  "Energy": {
    "Electricity access": {
      "electrification - total population": {
        "text": "100% (2022 est.)"
      }
    },
    "Electricity": {
      "installed generating capacity": {
        "text": "427,000 kW (2023 est.)"
      },
      "consumption": {
        "text": "5.659 billion kWh (2023 est.)"
      },
      "imports": {
        "text": "5.327 billion kWh (2023 est.)"
      },
      "transmission/distribution losses": {
        "text": "161.125 million kWh (2023 est.)"
      }
    },
    "Electricity generation sources": {
      "fossil fuels": {
        "text": "58.5% of total installed capacity (2023 est.)"
      },
      "biomass and waste": {
        "text": "41.5% of total installed capacity (2023 est.)"
      }
    },
    "Coal": {
      "exports": {
        "text": "600 metric tons (2023 est.)"
      },
      "imports": {
        "text": "7 metric tons (2023 est.)"
      }
    },
    "Petroleum": {
      "refined petroleum consumption": {
        "text": "11,000 bbl/day (2023 est.)"
      }
    },
    "Natural gas": {
      "consumption": {
        "text": "121.747 million cubic meters (2023 est.)"
      },
      "imports": {
        "text": "121.716 million cubic meters (2023 est.)"
      }
    },
    "Carbon dioxide emissions": {
      "total emissions": {
        "text": "1.595 million metric tonnes of CO2 (2023 est.)"
      },
      "from coal and metallurgical coke": {
        "text": "-1,239 metric tonnes of CO2 (2023 est.)"
      },
      "from petroleum and other liquids": {
        "text": "1.358 million metric tonnes of CO2 (2023 est.)"
      },
      "from consumed natural gas": {
        "text": "238,000 metric tonnes of CO2 (2023 est.)"
      }
    },
    "Energy consumption per capita": {
      "Total energy consumption per capita 2023": {
        "text": "64.641 million Btu/person (2023 est.)"
      }
    }
  },
  "Communications": {
    "Telephones - fixed lines": {
      "total subscriptions": {
        "text": "87,000 (2023 est.)"
      },
      "subscriptions per 100 inhabitants": {
        "text": "12 (2023 est.)"
      }
    },
    "Telephones - mobile cellular": {
      "total subscriptions": {
        "text": "1.37 million (2023 est.)"
      },
      "subscriptions per 100 inhabitants": {
        "text": "175 (2022 est.)"
      }
    },
    "Broadcast media": {
      "text": "local government dominates broadcast media; 2 TV stations operated by the government, with one broadcasting in Portuguese and the other in Cantonese and Mandarin; 1 cable TV and 4 satellite TV services available; 3 radio stations broadcasting, of which 2 are government-operated (2019)"
    },
    "Internet country code": {
      "text": ".mo"
    },
    "Internet users": {
      "percent of population": {
        "text": "89% (2023 est.)"
      }
    },
    "Broadband - fixed subscriptions": {
      "total": {
        "text": "212,000 (2023 est.)"
      },
      "subscriptions per 100 inhabitants": {
        "text": "30 (2023 est.)"
      }
    }
  },
  "Transportation": {
    "Civil aircraft registration country code prefix": {
      "text": "B-M"
    },
    "Airports": {
      "text": "1 (2025)"
    },
    "Heliports": {
      "text": "4 (2025)"
    },
    "Merchant marine": {
      "total": {
        "text": "5 (2023)"
      },
      "by type": {
        "text": "other 5"
      }
    },
    "Ports": {
      "total ports": {
        "text": "1 (2024)"
      },
      "large": {
        "text": "0"
      },
      "medium": {
        "text": "1"
      },
      "small": {
        "text": "0"
      },
      "very small": {
        "text": "0"
      },
      "ports with oil terminals": {
        "text": "1"
      },
      "key ports": {
        "text": "Macau"
      }
    }
  },
  "Military and Security": {
    "Military and security forces": {
      "text": "no regular indigenous military forces; Macau Public Security Police Force"
    },
    "Military - note": {
      "text": "defense is the responsibility of China; the Chinese People's Liberation Army (PLA) maintains a garrison in Macau"
    }
  },
  "Transnational Issues": {
    "Trafficking in persons": {
      "tier rating": {
        "text": "Tier 3 — Macau does not fully meet the minimum standards for the elimination of trafficking and is not making significant efforts to do so, therefore, Macau remained on Tier 3; for more details, go to:  https://www.state.gov/reports/2024-trafficking-in-persons-report/macau/"
      }
    },
    "Illicit drugs": {
      "text": "<p>Asian organized crime groups involved in drug trafficking and money laundering</p> <p> </p>"
    }
  }
}