{
  "Introduction": {
    "Background": {
      "text": "<p>Papua New Guinea (PNG) occupies the eastern half of the island of New Guinea; the western half is part of Indonesia. PNG was first settled between 50,000 and 60,000 years ago. Its harsh geography of mountains, jungles, and numerous river valleys kept many of the arriving groups isolated, giving rise to PNG’s ethnic and linguistic diversity. Around 500 B.C., Austronesian voyagers settled along the coast. Spanish and Portuguese explorers periodically visited the island starting in the 1500s, but none made it into the country’s interior. American and British whaling ships frequented the islands off the coast of New Guinea in the mid-1800s. In 1884, Germany declared a protectorate -- and eventually a colony -- over the northern part of what would become PNG and named it German New Guinea; days later the UK followed suit on the southern part and nearby islands and called it Papua. Most of their focus was on the coastal regions, leaving the highlands largely unexplored.<br><br>The UK put its colony under Australian administration in 1902 and formalized the act in 1906. At the outbreak of World War I, Australia occupied German New Guinea and continued to rule it after the war as a League of Nations Mandate. The discovery of gold along the Bulolo River in the 1920s led prospectors to venture into the highlands, where they found about 1 million people living in isolated communities. The New Guinea campaign of World War II lasted from January 1942 to the Japanese surrender in August 1945. After the war, Australia combined the two territories and administered PNG as a UN trusteeship. In 1975, PNG gained independence and became a member of the Commonwealth. <br><br>Between 1988-1997, a secessionist movement on the island province of Bougainville, located off the eastern PNG coast, fought the PNG Government, resulting in 15,000-20,000 deaths. In 1997, the PNG Government and Bougainville leaders reached a cease-fire and subsequently signed a peace agreement in 2001. The Autonomous Bougainville Government was formally established in 2005. Bougainvilleans voted in favor of independence in a 2019 non-binding referendum. The Bougainville and PNG governments are in the process of negotiating a roadmap for independence, which requires approval by the PNG parliament. </p>"
    }
  },
  "Geography": {
    "Location": {
      "text": "Oceania, group of islands including the eastern half of the island of New Guinea between the Coral Sea and the South Pacific Ocean, east of Indonesia"
    },
    "Geographic coordinates": {
      "text": "6 00 S, 147 00 E"
    },
    "Map references": {
      "text": "Oceania"
    },
    "Area": {
      "total ": {
        "text": "462,840 sq km"
      },
      "land": {
        "text": "452,860 sq km"
      },
      "water": {
        "text": "9,980 sq km"
      }
    },
    "Area - comparative": {
      "text": "slightly larger than California"
    },
    "Land boundaries": {
      "total": {
        "text": "824 km"
      },
      "border countries": {
        "text": "Indonesia 824 km"
      }
    },
    "Coastline": {
      "text": "5,152 km"
    },
    "Maritime claims": {
      "territorial sea": {
        "text": "12 nm"
      },
      "continental shelf": {
        "text": "200-m depth or to the depth of exploitation"
      },
      "exclusive fishing zone": {
        "text": "200 nm"
      },
      "note": "measured from claimed archipelagic baselines"
    },
    "Climate": {
      "text": "tropical; northwest monsoon (December to March), southeast monsoon (May to October); slight seasonal temperature variation"
    },
    "Terrain": {
      "text": "mostly mountains with coastal lowlands and rolling foothills"
    },
    "Elevation": {
      "highest point": {
        "text": "Mount Wilhelm 4,509 m"
      },
      "lowest point": {
        "text": "Pacific Ocean 0 m"
      },
      "mean elevation": {
        "text": "667 m"
      }
    },
    "Natural resources": {
      "text": "gold, copper, silver, natural gas, timber, oil, fisheries"
    },
    "Land use": {
      "agricultural land": {
        "text": "3.1% (2022 est.)"
      },
      "agricultural land: arable land": {
        "text": "arable land: 0.7% (2022 est.)"
      },
      "agricultural land: permanent crops": {
        "text": "permanent crops: 2% (2022 est.)"
      },
      "agricultural land: permanent pasture": {
        "text": "permanent pasture: 0.4% (2022 est.)"
      },
      "forest": {
        "text": "79% (2022 est.)"
      },
      "other": {
        "text": "17.9% (2022 est.)"
      }
    },
    "Irrigated land": {
      "text": "0 sq km (2022)"
    },
    "Major rivers (by length in km)": {
      "text": "Sepik river source and mouth (shared with Indonesia) - 1,126 km; Fly river source and mouth (shared with Indonesia) - 1,050 km"
    },
    "Population distribution": {
      "text": "population concentrated in the highlands and eastern coastal areas on the island of New Guinea; predominantly a rural distribution with only about one fifth of the population residing in urban areas"
    },
    "Natural hazards": {
      "text": "<p>active volcanism; the country is subject to frequent and sometimes severe earthquakes; mud slides; tsunamis</p><p><strong>volcanism:</strong> severe volcanic activity; Ulawun (2,334 m), one of Papua New Guinea's potentially most dangerous volcanoes, has been deemed a Decade Volcano by the International Association of Volcanology and Chemistry of the Earth's Interior, worthy of study due to its explosive history and close proximity to human populations; Rabaul (688 m) destroyed the city of Rabaul in 1937 and 1994; Lamington erupted in 1951 killing 3,000 people; Manam's 2004 eruption forced the island's abandonment; other historically active volcanoes include Bam, Bagana, Garbuna, Karkar, Langila, Lolobau, Long Island, Pago, St. Andrew Strait, Victory, and Waiowa; see note 2 under \"Geography - note\"</p>"
    },
    "Geography - note": {
      "text": "<p><strong>note 1:</strong> shares island of New Guinea with Indonesia; highlands that trend from east to west break up New Guinea into diverse ecoregions; one of world's largest swamps lies along the southwest coast</p> <p><strong>note 2:</strong> Papua New Guinea is one of the countries along the Ring of Fire, a belt of active volcanoes and earthquake epicenters bordering the Pacific Ocean; up to 90% of the world's earthquakes and some 75% of the world's volcanoes occur within the Ring of Fire</p>"
    }
  },
  "People and Society": {
    "Population": {
      "total": {
        "text": "10,046,233 (2024 est.)"
      },
      "male": {
        "text": "5,092,262"
      },
      "female": {
        "text": "4,953,971"
      }
    },
    "Nationality": {
      "noun": {
        "text": "Papua New Guinean(s)"
      },
      "adjective": {
        "text": "Papua New Guinean"
      }
    },
    "Ethnic groups": {
      "text": "Melanesian, Papuan, Negrito, Micronesian, Polynesian"
    },
    "Languages": {
      "text": "Tok Pisin (official), English (official), Hiri Motu (official), some 839 living indigenous languages are spoken (about 12% of the world's total)",
      "note": "<strong>note:</strong> Tok Pisin, a creole language, is widely used and understood; English is spoken by 1%-2%; Hiri Motu is spoken by less than 2%"
    },
    "Religions": {
      "text": "Protestant 64.3% (Evangelical Lutheran 18.4%, Seventh Day Adventist 12.9%, Pentecostal 10.4%, United Church 10.3%, Evangelical Alliance 5.9%, Anglican 3.2%, Baptist 2.8%, Salvation Army 0.4%), Roman Catholic 26%, other Christian 5.3%, non-Christian 1.4%, unspecified 3.1% (2011 est.)",
      "note": "<strong>note:</strong> data represent only the citizen population; roughly 0.3% of the population are non-citizens, consisting of Christian 52% (predominantly Roman Catholic), other 10.7% , none 37.3%"
    },
    "Age structure": {
      "0-14 years": {
        "text": "37.1% (male 1,902,272/female 1,825,471)"
      },
      "15-64 years": {
        "text": "58.9% (male 2,991,479/female 2,923,410)"
      },
      "65 years and over": {
        "text": "4% (2024 est.) (male 198,511/female 205,090)"
      }
    },
    "Dependency ratios": {
      "total dependency ratio": {
        "text": "69.8 (2024 est.)"
      },
      "youth dependency ratio": {
        "text": "63 (2024 est.)"
      },
      "elderly dependency ratio": {
        "text": "6.8 (2024 est.)"
      },
      "potential support ratio": {
        "text": "14.7 (2024 est.)"
      }
    },
    "Median age": {
      "total": {
        "text": "21.7 years (2024 est.)"
      },
      "male": {
        "text": "21.6 years"
      },
      "female": {
        "text": "21.9 years"
      }
    },
    "Population growth rate": {
      "text": "2.26% (2024 est.)"
    },
    "Birth rate": {
      "text": "28.1 births/1,000 population (2024 est.)"
    },
    "Death rate": {
      "text": "5.4 deaths/1,000 population (2024 est.)"
    },
    "Net migration rate": {
      "text": "0 migrant(s)/1,000 population (2024 est.)"
    },
    "Population distribution": {
      "text": "population concentrated in the highlands and eastern coastal areas on the island of New Guinea; predominantly a rural distribution with only about one fifth of the population residing in urban areas"
    },
    "Urbanization": {
      "urban population": {
        "text": "13.7% of total population (2023)"
      },
      "rate of urbanization": {
        "text": "2.91% annual rate of change (2020-25 est.)"
      }
    },
    "Major urban areas - population": {
      "text": "410,000 PORT MORESBY (capital) (2023)"
    },
    "Sex ratio": {
      "at birth": {
        "text": "1.05 male(s)/female"
      },
      "0-14 years": {
        "text": "1.04 male(s)/female"
      },
      "15-64 years": {
        "text": "1.02 male(s)/female"
      },
      "65 years and over": {
        "text": "0.97 male(s)/female"
      },
      "total population": {
        "text": "1.03 male(s)/female (2024 est.)"
      }
    },
    "Mother's mean age at first birth": {
      "text": "21.9 years (2016/18)",
      "note": "<strong>note:</strong> data represents median age a first birth among women 25-49"
    },
    "Maternal mortality ratio": {
      "text": "192 deaths/100,000 live births (2020 est.)"
    },
    "Infant mortality rate": {
      "total": {
        "text": "32 deaths/1,000 live births (2024 est.)"
      },
      "male": {
        "text": "35.3 deaths/1,000 live births"
      },
      "female": {
        "text": "28.6 deaths/1,000 live births"
      }
    },
    "Life expectancy at birth": {
      "total population": {
        "text": "70.1 years (2024 est.)"
      },
      "male": {
        "text": "68.3 years"
      },
      "female": {
        "text": "71.9 years"
      }
    },
    "Total fertility rate": {
      "text": "3.79 children born/woman (2024 est.)"
    },
    "Gross reproduction rate": {
      "text": "1.85 (2024 est.)"
    },
    "Contraceptive prevalence rate": {
      "text": "36.7% (2016/18)"
    },
    "Drinking water source": {
      "improved: urban": {
        "text": "urban: 86.2% of population"
      },
      "improved: rural": {
        "text": "rural: 41.5% of population"
      },
      "improved: total": {
        "text": "total: 47.5% of population"
      },
      "unimproved: urban": {
        "text": "urban: 13.8% of population"
      },
      "unimproved: rural": {
        "text": "rural: 58.5% of population"
      },
      "unimproved: total": {
        "text": "total: 52.5% of population (2020 est.)"
      }
    },
    "Health expenditure": {
      "Health expenditure (as % of GDP)": {
        "text": "2.3% of GDP (2021)"
      },
      "Health expenditure (as % of national budget)": {
        "text": "7% of national budget (2022 est.)"
      }
    },
    "Physician density": {
      "text": "0.06 physicians/1,000 population (2023)"
    },
    "Hospital bed density": {
      "text": "0.2 beds/1,000 population (2019 est.)"
    },
    "Sanitation facility access": {
      "improved: urban": {
        "text": "urban: 57.8% of population"
      },
      "improved: rural": {
        "text": "rural: 18.2% of population"
      },
      "improved: total": {
        "text": "total: 23.5% of population"
      },
      "unimproved: urban": {
        "text": "urban: 42.2% of population"
      },
      "unimproved: rural": {
        "text": "rural: 81.8% of population"
      },
      "unimproved: total": {
        "text": "total: 76.5% of population (2020 est.)"
      }
    },
    "Obesity - adult prevalence rate": {
      "text": "21.3% (2016)"
    },
    "Alcohol consumption per capita": {
      "total": {
        "text": "1.26 liters of pure alcohol (2019 est.)"
      },
      "beer": {
        "text": "0.6 liters of pure alcohol (2019 est.)"
      },
      "wine": {
        "text": "0.06 liters of pure alcohol (2019 est.)"
      },
      "spirits": {
        "text": "0.6 liters of pure alcohol (2019 est.)"
      },
      "other alcohols": {
        "text": "0 liters of pure alcohol (2019 est.)"
      }
    },
    "Tobacco use": {
      "total": {
        "text": "38.9% (2025 est.)"
      },
      "male": {
        "text": "53.4% (2025 est.)"
      },
      "female": {
        "text": "23.8% (2025 est.)"
      }
    },
    "Currently married women (ages 15-49)": {
      "text": "65.5% (2023 est.)"
    },
    "Child marriage": {
      "women married by age 15": {
        "text": "8% (2018)"
      },
      "women married by age 18": {
        "text": "27.3% (2018)"
      },
      "men married by age 18": {
        "text": "3.7% (2018)"
      }
    },
    "Education expenditure": {
      "Education expenditure (% GDP)": {
        "text": "1.4% of GDP (2021 est.)"
      },
      "Education expenditure (% national budget)": {
        "text": "3.9% national budget (2021 est.)"
      }
    },
    "Literacy": {
      "total population": {
        "text": "70.1% (2017 est.)"
      },
      "male": {
        "text": "78.4% (2017 est.)"
      },
      "female": {
        "text": "61.6% (2017 est.)"
      }
    },
    "People - note": {
      "text": "the indigenous population of Papua New Guinea (PNG) is one of the most heterogeneous in the world; PNG has several thousand separate communities, most with only a few hundred people; divided by language, customs, and tradition, some of these communities have engaged in low-scale tribal conflict with their neighbors for millennia; the advent of modern weapons and modern migrants into urban areas has greatly magnified the impact of this lawlessness"
    }
  },
  "Environment": {
    "Environment - current issues": {
      "text": "rainforest loss as a result of commercial demand for tropical timber; soil erosion, water-quality degradation, and loss of habitat from logging; effects of large-scale mining projects (discharge of heavy metals, cyanide, and acids into rivers); severe drought; land degradation from poor farming practices; poor fishing practices; coastal pollution due to runoff and oil spills"
    },
    "Environment - international agreements": {
      "party to": {
        "text": "Antarctic Treaty, Biodiversity, Climate Change, Climate Change-Kyoto Protocol, Climate Change-Paris Agreement, Desertification, Endangered Species, Environmental Modification, Hazardous Wastes, Law of the Sea, Marine Dumping-London Convention, Nuclear Test Ban, Ozone Layer Protection, Ship Pollution, Tropical Timber 2006, Wetlands"
      },
      "signed, but not ratified": {
        "text": "Comprehensive Nuclear Test Ban"
      }
    },
    "Climate": {
      "text": "tropical; northwest monsoon (December to March), southeast monsoon (May to October); slight seasonal temperature variation"
    },
    "Land use": {
      "agricultural land": {
        "text": "3.1% (2022 est.)"
      },
      "agricultural land: arable land": {
        "text": "arable land: 0.7% (2022 est.)"
      },
      "agricultural land: permanent crops": {
        "text": "permanent crops: 2% (2022 est.)"
      },
      "agricultural land: permanent pasture": {
        "text": "permanent pasture: 0.4% (2022 est.)"
      },
      "forest": {
        "text": "79% (2022 est.)"
      },
      "other": {
        "text": "17.9% (2022 est.)"
      }
    },
    "Urbanization": {
      "urban population": {
        "text": "13.7% of total population (2023)"
      },
      "rate of urbanization": {
        "text": "2.91% annual rate of change (2020-25 est.)"
      }
    },
    "Air pollutants": {
      "particulate matter emissions": {
        "text": "8.89 micrograms per cubic meter (2019 est.)"
      },
      "carbon dioxide emissions": {
        "text": "7.54 megatons (2016 est.)"
      },
      "methane emissions": {
        "text": "11.05 megatons (2020 est.)"
      }
    },
    "Waste and recycling": {
      "municipal solid waste generated annually": {
        "text": "1 million tons (2014 est.)"
      },
      "municipal solid waste recycled annually": {
        "text": "20,000 tons (2016 est.)"
      },
      "percent of municipal solid waste recycled": {
        "text": "2% (2016 est.)"
      }
    },
    "Major rivers (by length in km)": {
      "text": "Sepik river source and mouth (shared with Indonesia) - 1,126 km; Fly river source and mouth (shared with Indonesia) - 1,050 km"
    },
    "Total water withdrawal": {
      "municipal": {
        "text": "220 million cubic meters (2020 est.)"
      },
      "industrial": {
        "text": "170 million cubic meters (2020 est.)"
      },
      "agricultural": {
        "text": "1 million cubic meters (2020 est.)"
      }
    },
    "Total renewable water resources": {
      "text": "801 billion cubic meters (2020 est.)"
    }
  },
  "Government": {
    "Country name": {
      "conventional long form": {
        "text": "Independent State of Papua New Guinea"
      },
      "conventional short form": {
        "text": "Papua New Guinea"
      },
      "local short form": {
        "text": "Papuaniugini"
      },
      "former": {
        "text": "German New Guinea, British New Guinea, Territory of Papua and New Guinea"
      },
      "abbreviation": {
        "text": "PNG"
      },
      "etymology": {
        "text": "the name derives from the Malay word <em>pua-pua</em>, describing the tightly curled hair of the Papuan people; Spanish explorer Ynigo ORTIZ de RETEZ applied the term \"Nueva Guinea\" to the island in 1545 because he thought the locals resembled the peoples of the Guinea coast of Africa"
      }
    },
    "Government type": {
      "text": "parliamentary democracy under a constitutional monarchy; a Commonwealth realm"
    },
    "Capital": {
      "name": {
        "text": "Port Moresby"
      },
      "geographic coordinates": {
        "text": "9 27 S, 147 11 E"
      },
      "time difference": {
        "text": "UTC+10 (15 hours ahead of Washington, DC, during Standard Time)"
      },
      "time zone note": {
        "text": "Papua New Guinea has two time zones, including Bougainville (UTC+11)"
      },
      "etymology": {
        "text": "named in 1873 by Captain John MORESBY in honor of his father, British Admiral Sir Fairfax MORESBY (1786-1877)"
      }
    },
    "Administrative divisions": {
      "text": "20 provinces, 1 autonomous region*, and 1 district**; Bougainville*, Central, Chimbu, Eastern Highlands, East New Britain, East Sepik, Enga, Gulf, Hela, Jiwaka, Madang, Manus, Milne Bay, Morobe, National Capital**, New Ireland, Northern, Southern Highlands, Western, Western Highlands, West New Britain, West Sepik"
    },
    "Legal system": {
      "text": "mixed system of English common law and customary law"
    },
    "Constitution": {
      "history": {
        "text": "adopted 15 August 1975, effective at independence 16 September 1975"
      },
      "amendment process": {
        "text": "proposed by the National Parliament; passage has prescribed majority vote requirements depending on the constitutional sections being amended &ndash; absolute majority, two-thirds majority, or three-fourths majority"
      }
    },
    "International law organization participation": {
      "text": "has not submitted an ICJ jurisdiction declaration; non-party state to the ICCt"
    },
    "Citizenship": {
      "citizenship by birth": {
        "text": "no"
      },
      "citizenship by descent only": {
        "text": "at least one parent must be a citizen of Papua New Guinea"
      },
      "dual citizenship recognized": {
        "text": "no"
      },
      "residency requirement for naturalization": {
        "text": "8 years"
      }
    },
    "Suffrage": {
      "text": "18 years of age; universal"
    },
    "Executive branch": {
      "chief of state": {
        "text": "King CHARLES III (since 8 September 2022); represented by Governor General Grand Chief Sir Bob DADAE (since 28 February 2017)"
      },
      "head of government": {
        "text": "Prime Minister James MARAPE (since 30 May 2019)"
      },
      "cabinet": {
        "text": "National Executive Council appointed by the governor general on the recommendation of the prime minister"
      },
      "elections/appointments": {
        "text": "the monarchy is hereditary; governor general nominated by the National Parliament and appointed by the chief of state; following legislative elections, the governor general usually appoints the leader of the majority party or majority coalition as prime minister, pending a National Parliament vote"
      },
      "election results": {
        "text": "James MARAPE reelected prime minister; National Parliament vote - 105 out of 118"
      }
    },
    "Legislative branch": {
      "legislature name": {
        "text": "National Parliament"
      },
      "legislative structure": {
        "text": "unicameral"
      },
      "number of seats": {
        "text": "118 (all directly elected)"
      },
      "electoral system": {
        "text": "plurality/majority"
      },
      "scope of elections": {
        "text": "full renewal"
      },
      "term in office": {
        "text": "5 years"
      },
      "most recent election date": {
        "text": "7/4/2022 to 7/22/2022"
      },
      "parties elected and seats per party": {
        "text": "Papua & Niugini Union Pati (PANGU) (39); People's National Congress Party (PNC) (15); United Resource Party (URP) (11); Others (40); Independents (10)"
      },
      "percentage of women in chamber": {
        "text": "2.7%"
      },
      "expected date of next election": {
        "text": "July 2027"
      }
    },
    "Judicial branch": {
      "highest court(s)": {
        "text": "Supreme Court (consists of the chief justice, deputy chief justice, 35 justices, and 5 acting justices); National Courts (consists of 13 courts located in the provincial capitals, with a total of 19 resident judges)"
      },
      "judge selection and term of office": {
        "text": "Supreme Court chief justice appointed by the governor general on advice of the National Executive Council (cabinet) after consultation with the National Justice Administration minister; deputy chief justice and other justices appointed by the Judicial and Legal Services Commission, a 5-member body that includes the Supreme Court chief and deputy chief justices, the chief ombudsman, and a member of the National Parliament; full-time citizen judges appointed for 10-year renewable terms; non-citizen judges initially appointed for 3-year renewable terms and after first renewal can serve until age 70; appointment and tenure of National Court resident judges NA"
      },
      "subordinate courts": {
        "text": "district, village, and juvenile courts, military courts, taxation courts, coronial courts, mining warden courts, land courts, traffic courts, committal courts, grade five courts"
      }
    },
    "Political parties": {
      "text": "Destiny Party <br>Liberal Party <br>Melanesian Alliance Party or MAP <br>Melanesian Liberal Party or MLP <br>National Alliance Party or NAP <br>Our Development Party or ODP <br>Papua and Niugini Union Party or PANGU PATI <br>Papua New Guinea Greens Party <br>Papua New Guinea National Party <br>Papua New Guinea Party or PNGP <br>People's First Party or PFP <br>People's Movement for Change or PMC <br>People's National Congress Party or PNC <br>People’s National Party <br>People's Party or PP <br>People's Progress Party or PPP <br>People's Reform Party or PRP <br>PNG Party <br>Social Democratic Party or SDP <br>Triumph Heritage Empowerment Party or THE <br>United Labor Party or ULP <br>United Resources Party or URP "
    },
    "Diplomatic representation in the US": {
      "chief of mission": {
        "text": "Ambassador (vacant); Charg&eacute; d&rsquo;Affaires Cephas KAYO (since 31 January 2018)"
      },
      "chancery": {
        "text": "1825 K Street NW, Suite 1010, Washington, DC 20006"
      },
      "telephone": {
        "text": "[1] (202) 745-3680"
      },
      "FAX": {
        "text": "[1] (202) 745-3679"
      },
      "email address and website": {
        "text": "<br>info@pngembassy.org<br><br>http://www.pngembassy.org/"
      }
    },
    "Diplomatic representation from the US": {
      "chief of mission": {
        "text": "Ambassador Ann Marie YASTISHOCK (since 22 February 2024); note - also accredited to the Solomon Islands and Vanuatu"
      },
      "embassy": {
        "text": "Harbour City Road, Konedobu, Port Moresby, NCD, Papua New Guinea"
      },
      "mailing address": {
        "text": "4240 Port Moresby Pl, Washington DC 20521-4240"
      },
      "telephone": {
        "text": "[675] 308-9100"
      },
      "email address and website": {
        "text": "<br>ConsularPortMoresby@state.gov<br><br>https://pg.usembassy.gov/"
      }
    },
    "International organization participation": {
      "text": "ACP, ADB, AOSIS, APEC, ARF, ASEAN (observer), C, CD, CP, EITI (candidate country), FAO, G-77, IAEA, IBRD, ICAO, ICRM, IDA, IFAD, IFC, IFRCS, IHO, ILO, IMF, IMO, Interpol, IOC, IOM, IPU, ISO (correspondent), ITSO, ITU, MIGA, NAM, OPCW, PIF, Sparteca, SPC, UN, UNCTAD, UNESCO, UNIDO, UNMISS, UNWTO, UPU, WCO, WFTU (NGOs), WHO, WIPO, WMO, WTO"
    },
    "Independence": {
      "text": "16 September 1975 (from the Australia-administered UN trusteeship)"
    },
    "National holiday": {
      "text": "Independence Day, 16 September (1975)"
    },
    "Flag description": {
      "text": "divided diagonally from upper hoist-side corner; the upper triangle is red with a soaring yellow bird of paradise centered; the lower triangle is black with five white five-pointed stars of the Southern Cross constellation centered; red, black, and yellow are the country's traditional colors; the bird of paradise is an emblem of regional tribal culture and represents the emergence of Papua New Guinea as a nation; the Southern Cross symbolizes the country's connection with Australia and several other countries in the South Pacific"
    },
    "National symbol(s)": {
      "text": "bird of paradise"
    },
    "National color(s)": {
      "text": "red, black"
    },
    "National anthem": {
      "name": {
        "text": "\"O Arise All You Sons\""
      },
      "lyrics/music": {
        "text": "Thomas SHACKLADY"
      },
      "note": "<strong>note:</strong> adopted 1975"
    },
    "National heritage": {
      "total World Heritage Sites": {
        "text": "1 (cultural)"
      },
      "selected World Heritage Site locales": {
        "text": "Kuk Early Agricultural Site"
      }
    }
  },
  "Economy": {
    "Economic overview": {
      "text": "lower middle-income Pacific island economy; primarily informal agrarian sector; natural resource-rich; key liquified natural gas exporter; growing young workforce; slow post-pandemic recovery; increasingly impoverished citizenry; sustainable inflation"
    },
    "Real GDP (purchasing power parity)": {
      "Real GDP (purchasing power parity) 2023": {
        "text": "$43.371 billion (2023 est.)"
      },
      "Real GDP (purchasing power parity) 2022": {
        "text": "$42.093 billion (2022 est.)"
      },
      "Real GDP (purchasing power parity) 2021": {
        "text": "$39.82 billion (2021 est.)"
      },
      "note": "<b>note:</b> data in 2021 dollars"
    },
    "Real GDP growth rate": {
      "Real GDP growth rate 2023": {
        "text": "3.04% (2023 est.)"
      },
      "Real GDP growth rate 2022": {
        "text": "5.71% (2022 est.)"
      },
      "Real GDP growth rate 2021": {
        "text": "-0.78% (2021 est.)"
      },
      "note": "<b>note:</b> annual GDP % growth based on constant local currency"
    },
    "Real GDP per capita": {
      "Real GDP per capita 2023": {
        "text": "$4,200 (2023 est.)"
      },
      "Real GDP per capita 2022": {
        "text": "$4,100 (2022 est.)"
      },
      "Real GDP per capita 2021": {
        "text": "$4,000 (2021 est.)"
      },
      "note": "<b>note:</b> data in 2021 dollars"
    },
    "GDP (official exchange rate)": {
      "text": "$30.729 billion (2023 est.)",
      "note": "<b>note:</b> data in current dollars at official exchange rate"
    },
    "Inflation rate (consumer prices)": {
      "Inflation rate (consumer prices) 2024": {
        "text": "0.6% (2024 est.)"
      },
      "Inflation rate (consumer prices) 2023": {
        "text": "2.3% (2023 est.)"
      },
      "Inflation rate (consumer prices) 2022": {
        "text": "5.3% (2022 est.)"
      },
      "note": "<b>note:</b> annual % change based on consumer prices"
    },
    "GDP - composition, by sector of origin": {
      "agriculture": {
        "text": "17% (2023 est.)"
      },
      "industry": {
        "text": "36.3% (2023 est.)"
      },
      "services": {
        "text": "42% (2023 est.)"
      },
      "note": "<b>note:</b> figures may not total 100% due to non-allocated consumption not captured in sector-reported data"
    },
    "GDP - composition, by end use": {
      "household consumption": {
        "text": "43.7% (2017 est.)"
      },
      "government consumption": {
        "text": "19.7% (2017 est.)"
      },
      "investment in fixed capital": {
        "text": "10% (2017 est.)"
      },
      "investment in inventories": {
        "text": "0.4% (2017 est.)"
      },
      "exports of goods and services": {
        "text": "49.3% (2017 est.)"
      },
      "imports of goods and services": {
        "text": "-22.3% (2017 est.)"
      }
    },
    "Agricultural products": {
      "text": "oil palm fruit, coconuts, bananas, fruits, sweet potatoes, game meat, yams, root vegetables, vegetables, sugarcane (2023)",
      "note": "<b>note:</b> top ten agricultural products based on tonnage"
    },
    "Industries": {
      "text": "oil and gas; mining (gold, copper, and nickel); palm oil processing; plywood and wood chip production;&nbsp;copra crushing; construction; tourism; fishing; livestock (pork, poultry, cattle) and dairy farming; spice products (turmeric, vanilla, ginger, cardamom, chili, pepper, citronella, and nutmeg)"
    },
    "Industrial production growth rate": {
      "text": "-0.59% (2023 est.)",
      "note": "<b>note:</b> annual % change in industrial value added based on constant local currency"
    },
    "Labor force": {
      "text": "3.66 million (2024 est.)",
      "note": "<b>note:</b> number of people ages 15 or older who are employed or seeking work"
    },
    "Unemployment rate": {
      "Unemployment rate 2024": {
        "text": "2.7% (2024 est.)"
      },
      "Unemployment rate 2023": {
        "text": "2.7% (2023 est.)"
      },
      "Unemployment rate 2022": {
        "text": "2.7% (2022 est.)"
      },
      "note": "<b>note:</b> % of labor force seeking employment"
    },
    "Youth unemployment rate (ages 15-24)": {
      "total": {
        "text": "3.8% (2024 est.)"
      },
      "male": {
        "text": "4.6% (2024 est.)"
      },
      "female": {
        "text": "3% (2024 est.)"
      },
      "note": "<b>note:</b> % of labor force ages 15-24 seeking employment"
    },
    "Remittances": {
      "Remittances 2023": {
        "text": "0.03% of GDP (2023 est.)"
      },
      "Remittances 2022": {
        "text": "0.05% of GDP (2022 est.)"
      },
      "Remittances 2021": {
        "text": "0.01% of GDP (2021 est.)"
      },
      "note": "<b>note:</b> personal transfers and compensation between resident and non-resident individuals/households/entities"
    },
    "Budget": {
      "revenues": {
        "text": "$5.268 billion (2022 est.)"
      },
      "expenditures": {
        "text": "$6.156 billion (2022 est.)"
      },
      "note": "<b>note:</b> central government revenues and expenses (excluding grants/extrabudgetary units/social security funds) converted to US dollars at average official exchange rate for year indicated"
    },
    "Public debt": {
      "Public debt 2023": {
        "text": "52.4% of GDP (2023 est.)"
      },
      "note": "<b>note:</b> central government debt as a % of GDP"
    },
    "Taxes and other revenues": {
      "text": "15.9% (of GDP) (2023 est.)",
      "note": "<b>note:</b> central government tax revenue as a % of GDP"
    },
    "Current account balance": {
      "Current account balance 2023": {
        "text": "$4.183 billion (2023 est.)"
      },
      "Current account balance 2022": {
        "text": "$4.567 billion (2022 est.)"
      },
      "Current account balance 2021": {
        "text": "$3.284 billion (2021 est.)"
      },
      "note": "<b>note:</b> balance of payments - net trade and primary/secondary income in current dollars"
    },
    "Exports": {
      "Exports 2023": {
        "text": "$12.93 billion (2023 est.)"
      },
      "Exports 2022": {
        "text": "$14.862 billion (2022 est.)"
      },
      "Exports 2021": {
        "text": "$11.032 billion (2021 est.)"
      },
      "note": "<b>note:</b> balance of payments - exports of goods and services in current dollars"
    },
    "Exports - partners": {
      "text": "China 28%, Japan 25%, Australia 17%, Taiwan 8%, India 4% (2023)",
      "note": "<b>note:</b> top five export partners based on percentage share of exports"
    },
    "Exports - commodities": {
      "text": "natural gas, gold, copper ore, palm oil, nickel (2023)",
      "note": "<b>note:</b> top five export commodities based on value in dollars"
    },
    "Imports": {
      "Imports 2023": {
        "text": "$7.192 billion (2023 est.)"
      },
      "Imports 2022": {
        "text": "$8.568 billion (2022 est.)"
      },
      "Imports 2021": {
        "text": "$6.43 billion (2021 est.)"
      },
      "note": "<b>note:</b> balance of payments - imports of goods and services in current dollars"
    },
    "Imports - partners": {
      "text": "Australia 27%, China 24%, Singapore 15%, Malaysia 9%, Japan 4% (2023)",
      "note": "<b>note:</b> top five import partners based on percentage share of imports"
    },
    "Imports - commodities": {
      "text": "refined petroleum, trucks, rice, plastic products, excavation machinery (2023)",
      "note": "<b>note:</b> top five import commodities based on value in dollars"
    },
    "Reserves of foreign exchange and gold": {
      "Reserves of foreign exchange and gold 2023": {
        "text": "$3.901 billion (2023 est.)"
      },
      "Reserves of foreign exchange and gold 2022": {
        "text": "$3.983 billion (2022 est.)"
      },
      "Reserves of foreign exchange and gold 2021": {
        "text": "$3.24 billion (2021 est.)"
      },
      "note": "<b>note:</b> holdings of gold (year-end prices)/foreign exchange/special drawing rights in current dollars"
    },
    "Debt - external": {
      "Debt - external 2023": {
        "text": "$7.011 billion (2023 est.)"
      },
      "note": "<b>note:</b> present value of external debt in current US dollars"
    },
    "Exchange rates": {
      "Currency": {
        "text": "kina (PGK) per US dollar -"
      },
      "Exchange rates 2023": {
        "text": "3.59 (2023 est.)"
      },
      "Exchange rates 2022": {
        "text": "3.519 (2022 est.)"
      },
      "Exchange rates 2021": {
        "text": "3.509 (2021 est.)"
      },
      "Exchange rates 2020": {
        "text": "3.46 (2020 est.)"
      },
      "Exchange rates 2019": {
        "text": "3.388 (2019 est.)"
      }
    }
  },
  "Energy": {
    "Electricity access": {
      "electrification - total population": {
        "text": "19% (2022 est.)"
      },
      "electrification - urban areas": {
        "text": "65.1%"
      },
      "electrification - rural areas": {
        "text": "14.2%"
      }
    },
    "Electricity": {
      "installed generating capacity": {
        "text": "1.148 million kW (2023 est.)"
      },
      "consumption": {
        "text": "4.399 billion kWh (2023 est.)"
      },
      "transmission/distribution losses": {
        "text": "328.234 million kWh (2023 est.)"
      }
    },
    "Electricity generation sources": {
      "fossil fuels": {
        "text": "76.4% of total installed capacity (2023 est.)"
      },
      "solar": {
        "text": "0.1% of total installed capacity (2023 est.)"
      },
      "hydroelectricity": {
        "text": "21.2% of total installed capacity (2023 est.)"
      },
      "geothermal": {
        "text": "2% of total installed capacity (2023 est.)"
      },
      "biomass and waste": {
        "text": "0.3% of total installed capacity (2023 est.)"
      }
    },
    "Coal": {
      "imports": {
        "text": "2,000 metric tons (2023 est.)"
      }
    },
    "Petroleum": {
      "total petroleum production": {
        "text": "32,000 bbl/day (2023 est.)"
      },
      "refined petroleum consumption": {
        "text": "30,000 bbl/day (2023 est.)"
      },
      "crude oil estimated reserves": {
        "text": "159.656 million barrels (2021 est.)"
      }
    },
    "Natural gas": {
      "production": {
        "text": "11.57 billion cubic meters (2023 est.)"
      },
      "consumption": {
        "text": "677.736 million cubic meters (2023 est.)"
      },
      "exports": {
        "text": "10.892 billion cubic meters (2023 est.)"
      },
      "proven reserves": {
        "text": "183.125 billion cubic meters (2021 est.)"
      }
    },
    "Carbon dioxide emissions": {
      "total emissions": {
        "text": "5.798 million metric tonnes of CO2 (2023 est.)"
      },
      "from coal and metallurgical coke": {
        "text": "1,000 metric tonnes of CO2 (2023 est.)"
      },
      "from petroleum and other liquids": {
        "text": "4.467 million metric tonnes of CO2 (2023 est.)"
      },
      "from consumed natural gas": {
        "text": "1.33 million metric tonnes of CO2 (2023 est.)"
      }
    },
    "Energy consumption per capita": {
      "Total energy consumption per capita 2023": {
        "text": "8.781 million Btu/person (2023 est.)"
      }
    }
  },
  "Communications": {
    "Telephones - fixed lines": {
      "total subscriptions": {
        "text": "166,000 (2021 est.)"
      },
      "subscriptions per 100 inhabitants": {
        "text": "2 (2022 est.)"
      }
    },
    "Telephones - mobile cellular": {
      "total subscriptions": {
        "text": "4.82 million (2021 est.)"
      },
      "subscriptions per 100 inhabitants": {
        "text": "48 (2021 est.)"
      }
    },
    "Broadcast media": {
      "text": "5 TV stations: 1 commercial (TV Wan), 2 state-run (National Broadcasting Corporation and EMTV); 1 digital free-to-view network, and 1 satellite network (Click TV or PNGTV); the state-run NBC operates 3 radio networks with multiple repeaters and about 20 provincial stations; several commercial radio stations with multiple transmission points as well as several community stations; transmissions of several international broadcasters are accessible (2023)"
    },
    "Internet country code": {
      "text": ".pg"
    },
    "Internet users": {
      "percent of population": {
        "text": "24% (2023 est.)"
      }
    },
    "Broadband - fixed subscriptions": {
      "total": {
        "text": "22,000 (2022 est.)"
      },
      "subscriptions per 100 inhabitants": {
        "text": "(2022 est.) less than 1"
      }
    }
  },
  "Transportation": {
    "Civil aircraft registration country code prefix": {
      "text": "P2"
    },
    "Airports": {
      "text": "569 (2025)"
    },
    "Heliports": {
      "text": "3 (2025)"
    },
    "Merchant marine": {
      "total": {
        "text": "205 (2023)"
      },
      "by type": {
        "text": "container ship 6, general cargo 89, oil tanker 4, other 106"
      }
    },
    "Ports": {
      "total ports": {
        "text": "22 (2024)"
      },
      "large": {
        "text": "0"
      },
      "medium": {
        "text": "0"
      },
      "small": {
        "text": "6"
      },
      "very small": {
        "text": "16"
      },
      "ports with oil terminals": {
        "text": "8"
      },
      "key ports": {
        "text": "Kavieng Harbor, Kieta, Port Moresby, Rabaul, Vanimo, Wewak Harbor"
      }
    }
  },
  "Military and Security": {
    "Military and security forces": {
      "text": "Papua New Guinea Defense Force (PNGDF): land, maritime, and air elements<br><br>Ministry of Internal Security: Royal Papua New Guinea Constabulary (RPNGC) (2025)"
    },
    "Military expenditures": {
      "Military Expenditures 2024": {
        "text": "0.3% of GDP (2024 est.)"
      },
      "Military Expenditures 2023": {
        "text": "0.3% of GDP (2023 est.)"
      },
      "Military Expenditures 2022": {
        "text": "0.3% of GDP (2022 est.)"
      },
      "Military Expenditures 2021": {
        "text": "0.4% of GDP (2021 est.)"
      },
      "Military Expenditures 2020": {
        "text": "0.4% of GDP (2020 est.)"
      }
    },
    "Military and security service personnel strengths": {
      "text": "estimated 4,000 active PNGDF&nbsp; (2025)"
    },
    "Military equipment inventories and acquisitions": {
      "text": "the PNGDF is lightly armed; the Land Force has no heavy weapons while the Air and the Maritime forces have a handful of light aircraft and small patrol boats provided by Australia (2024)"
    },
    "Military service age and obligation": {
      "text": "18-27 for voluntary military service for men and women; no conscription (2025)"
    },
    "Military - note": {
      "text": "the Papua New Guinea Defense Force (PNGDF) is a small and lightly armed force tasked with defense of the country and its territories against external attack, as well as internal security and socio-economic development duties; following some inter-tribal violence in Wapenamanda in early 2024, the PNGDF was given arrest powers<br><br>the PNGDF was established in 1973, and its primary combat unit, the Royal Pacific Islands Regiment (RPIR), is descended from Australian Army infantry battalions comprised of native soldiers and led by Australian officers and non-commissioned officers formed during World War II to help fight the Japanese; the RPIR was disbanded after the war, but reestablished in 1951 as part of the Australian Army where it continued to serve until Papua New Guinea (PNG) gained its independence in 1975, when it became part of the PNGDF<br><br>PNG's security partners include Australia, France, Indonesia, New Zealand, the UK, and the US; the US and PNG signed a defense cooperation agreement in 2023, which included a shiprider agreement that provides the opportunity for PNG personnel to work on US Coast Guard and US Navy vessels, and vice versa, to tackle maritime crime such as illegal fishing; the agreement also allowed the US military to develop and operate out of bases in PNG with the PNG Government’s approval (2024)"
    }
  },
  "Transnational Issues": {
    "Refugees and internally displaced persons": {
      "refugees (country of origin)": {
        "text": "11,432 (Indonesia) (mid-year 2022)"
      },
      "IDPs": {
        "text": "91,000 (tribal conflict, inter-communal violence) (2022)"
      },
      "stateless persons": {
        "text": "15 (2022)"
      }
    },
    "Trafficking in persons": {
      "tier rating": {
        "text": "Tier 3 — Papua New Guinea does not fully meet the minimum standards for the elimination of trafficking and is not making significant efforts to do so; therefore, Papua New Guinea remained on Tier 3; for more details, go to:  https://www.state.gov/reports/2024-trafficking-in-persons-report/papua-new-guinea/"
      }
    },
    "Illicit drugs": {
      "text": "<p>transit point for smuggling drugs such as methamphetamine and cocaine; major consumer of cannabis</p>"
    }
  }
}