{
  "Introduction": {
    "Background": {
      "text": "<p>Two unified Thai kingdoms emerged in the mid-13th century. The Sukhothai Kingdom, located in the south-central plains, gained its independence from the Khmer Empire to the east. By the late 13th century, Sukhothai’s territory extended into present-day Burma and Laos. Sukhothai lasted until the mid-15th century. The Thai Lan Na Kingdom was established in the north with its capital at Chang Mai; the Burmese conquered Lan Na in the 16th century. The Ayutthaya Kingdom (14th-18th centuries) succeeded the Sukhothai and would become known as the Siamese Kingdom. During the Ayutthaya period, the Thai/Siamese peoples consolidated their hold on what is present-day central and north-central Thailand. Following a military defeat at the hands of the Burmese in 1767, the Siamese Kingdom rose to new heights under the military ruler TAKSIN, who defeated the Burmese occupiers and expanded the kingdom’s territory into modern-day northern Thailand (formerly the Lan Na Kingdom), Cambodia, Laos, and the Malay Peninsula. In the mid-1800s, Western pressure led to Siam signing trade treaties that reduced the country’s sovereignty and independence. In the 1890s and 1900s, the British and French forced the kingdom to cede Cambodian, Laotian, and Malay territories that had been under Siamese control.</p> <p>Following a bloodless revolution in 1932 that led to the establishment of a constitutional monarchy, Thailand's political history was marked by a series of mostly bloodless coups with power concentrated among military and bureaucratic elites. Periods of civilian rule were unstable. The Cold War era saw a communist insurgency and the rise of strongman leaders. Thailand became a US treaty ally in 1954 after sending troops to Korea and later fighting alongside the US in Vietnam. In the 21st century, Thailand has experienced additional turmoil, including a military coup in 2006 that ousted then Prime Minister THAKSIN Chinnawat and large-scale street protests led by competing political factions in 2008-2010. In 2011, THAKSIN's youngest sister, YINGLAK Chinnawat, led the Puea Thai Party to an electoral win and assumed control of the government.</p> <p>In 2014, after months of major anti-government protests in Bangkok, the Constitutional Court removed YINGLAK from office, and the Army, led by Gen. PRAYUT Chan-ocha, then staged a coup against the caretaker government. The military-affiliated National Council for Peace and Order (NCPO) ruled the country under PRAYUT for more than four years, drafting a new constitution that allowed the military to appoint the entire 250-member Senate and required a joint meeting of the House and Senate to select the prime minister -- which effectively gave the military a veto on the selection. King PHUMIPHON Adunyadet passed away in 2016 after 70 years on the throne; his only son, WACHIRALONGKON (aka King RAMA X), formally ascended the throne in 2019. The same year, a long-delayed election allowed PRAYUT to continue his premiership, although the results were disputed and widely viewed as skewed in favor of the party aligned with the military. The country again experienced major anti-government protests in 2020. The reformist Move Forward Party won the most seats in the 2023 election but was unable to form a government, and Srettha THRAVISIN from the Pheu Thai Party replaced PRAYUT as prime minister after forming a coalition of moderate and conservative parties.</p>"
    }
  },
  "Geography": {
    "Location": {
      "text": "Southeastern Asia, bordering the Andaman Sea and the Gulf of Thailand, southeast of Burma"
    },
    "Geographic coordinates": {
      "text": "15 00 N, 100 00 E"
    },
    "Map references": {
      "text": "Southeast Asia"
    },
    "Area": {
      "total ": {
        "text": "513,120 sq km"
      },
      "land": {
        "text": "510,890 sq km"
      },
      "water": {
        "text": "2,230 sq km"
      }
    },
    "Area - comparative": {
      "text": "about three times the size of Florida; slightly more than twice the size of Wyoming"
    },
    "Land boundaries": {
      "total": {
        "text": "5,673 km"
      },
      "border countries": {
        "text": "Burma 2,416 km; Cambodia 817 km; Laos 1,845 km; Malaysia 595 km"
      }
    },
    "Coastline": {
      "text": "3,219 km"
    },
    "Maritime claims": {
      "territorial sea": {
        "text": "12 nm"
      },
      "exclusive economic zone": {
        "text": "200 nm"
      },
      "continental shelf": {
        "text": "200-m depth or to the depth of exploitation"
      }
    },
    "Climate": {
      "text": "tropical; rainy, warm, cloudy southwest monsoon (mid-May to September); dry, cool northeast monsoon (November to mid-March); southern isthmus always hot and humid"
    },
    "Terrain": {
      "text": "central plain; Khorat Plateau in the east; mountains elsewhere"
    },
    "Elevation": {
      "highest point": {
        "text": "Doi Inthanon 2,565 m"
      },
      "lowest point": {
        "text": "Gulf of Thailand 0 m"
      },
      "mean elevation": {
        "text": "287 m"
      }
    },
    "Natural resources": {
      "text": "tin, rubber, natural gas, tungsten, tantalum, timber, lead, fish, gypsum, lignite, fluorite, arable land"
    },
    "Land use": {
      "agricultural land": {
        "text": "46% (2022 est.)"
      },
      "agricultural land: arable land": {
        "text": "arable land: 33.6% (2022 est.)"
      },
      "agricultural land: permanent crops": {
        "text": "permanent crops: 10.9% (2022 est.)"
      },
      "agricultural land: permanent pasture": {
        "text": "permanent pasture: 1.6% (2022 est.)"
      },
      "forest": {
        "text": "38.8% (2022 est.)"
      },
      "other": {
        "text": "15.2% (2022 est.)"
      }
    },
    "Irrigated land": {
      "text": "64,150 sq km (2012)"
    },
    "Major lakes (area sq km)": {
      "salt water lake(s)": {
        "text": "Thalesap Songkhla - 1,290 sq km"
      }
    },
    "Major rivers (by length in km)": {
      "text": "Mae Nam Khong (Mekong) (shared with China [s], Burma, Laos, Cambodia, and Vietnam [m]) - 4,350 km; Salween (shared with China [s] and Burma [m]) - 3,060 km; Mun - 1,162 km<br><br><strong>note:</strong> [s] after country name indicates river source; [m] after country name indicates river mouth"
    },
    "Major watersheds (area sq km)": {
      "text": "Indian Ocean drainage: Salween (271,914 sq km)<br>Pacific Ocean drainage: Mekong (805,604 sq km)"
    },
    "Population distribution": {
      "text": "highest population density is found in and around Bangkok; significant population clusters throughout large parts of the country, particularly north and northeast of Bangkok and in the extreme southern region of the country"
    },
    "Natural hazards": {
      "text": "land subsidence in Bangkok area resulting from the depletion of the water table; droughts"
    },
    "Geography - note": {
      "text": "controls only land route from Asia to Malaysia and Singapore"
    }
  },
  "People and Society": {
    "Population": {
      "total": {
        "text": "69,920,998 (2024 est.)"
      },
      "male": {
        "text": "34,065,311"
      },
      "female": {
        "text": "35,855,687"
      }
    },
    "Nationality": {
      "noun": {
        "text": "Thai (singular and plural)"
      },
      "adjective": {
        "text": "Thai"
      }
    },
    "Ethnic groups": {
      "text": "Thai 97.5%, Burmese 1.3%, other 1.1%, unspecified &lt;0.1% (2015 est.)",
      "note": "<strong>note:</strong> data represent population by nationality"
    },
    "Languages": {
      "Languages": {
        "text": "Thai (official) only 90.7%, Thai and other languages 6.4%, only other languages 2.9% (includes Malay, Burmese); English is a secondary language among the elite (2010 est.)"
      },
      "major-language sample(s)": {
        "text": "<br>สารานุกรมโลก - แหล่งข้อมูลพื้นฐานที่สำคัญ (Thai)<br><br>The World Factbook, the indispensable source for basic information."
      },
      "note": "<strong>note:</strong> data represent population by language(s) spoken at home"
    },
    "Religions": {
      "text": "Buddhist 92.5%, Muslim 5.4%, Christian 1.2%, other 0.9% (includes animist, Confucian, Hindu, Jewish, Sikh, and Taoist) (2021 est.)"
    },
    "Age structure": {
      "0-14 years": {
        "text": "15.8% (male 5,669,592/female 5,394,398)"
      },
      "15-64 years": {
        "text": "69% (male 23,681,528/female 24,597,535)"
      },
      "65 years and over": {
        "text": "15.1% (2024 est.) (male 4,714,191/female 5,863,754)"
      }
    },
    "Dependency ratios": {
      "total dependency ratio": {
        "text": "44.8 (2024 est.)"
      },
      "youth dependency ratio": {
        "text": "22.9 (2024 est.)"
      },
      "elderly dependency ratio": {
        "text": "21.9 (2024 est.)"
      },
      "potential support ratio": {
        "text": "4.6 (2024 est.)"
      }
    },
    "Median age": {
      "total": {
        "text": "41.5 years (2024 est.)"
      },
      "male": {
        "text": "40.2 years"
      },
      "female": {
        "text": "42.7 years"
      }
    },
    "Population growth rate": {
      "text": "0.17% (2024 est.)"
    },
    "Birth rate": {
      "text": "9.9 births/1,000 population (2024 est.)"
    },
    "Death rate": {
      "text": "8 deaths/1,000 population (2024 est.)"
    },
    "Net migration rate": {
      "text": "-0.3 migrant(s)/1,000 population (2024 est.)"
    },
    "Population distribution": {
      "text": "highest population density is found in and around Bangkok; significant population clusters throughout large parts of the country, particularly north and northeast of Bangkok and in the extreme southern region of the country"
    },
    "Urbanization": {
      "urban population": {
        "text": "53.6% of total population (2023)"
      },
      "rate of urbanization": {
        "text": "1.43% annual rate of change (2020-25 est.)"
      }
    },
    "Major urban areas - population": {
      "text": "11.070 million BANGKOK (capital), 1.454 Chon Buri, 1.359 million Samut Prakan, 1.213 million Chiang Mai, 1.005 million Songkla, 1.001 million Nothaburi (2023)"
    },
    "Sex ratio": {
      "at birth": {
        "text": "1.05 male(s)/female"
      },
      "0-14 years": {
        "text": "1.05 male(s)/female"
      },
      "15-64 years": {
        "text": "0.96 male(s)/female"
      },
      "65 years and over": {
        "text": "0.8 male(s)/female"
      },
      "total population": {
        "text": "0.95 male(s)/female (2024 est.)"
      }
    },
    "Mother's mean age at first birth": {
      "text": "23.3 years (2009 est.)"
    },
    "Maternal mortality ratio": {
      "text": "29 deaths/100,000 live births (2020 est.)"
    },
    "Infant mortality rate": {
      "total": {
        "text": "6.3 deaths/1,000 live births (2024 est.)"
      },
      "male": {
        "text": "6.9 deaths/1,000 live births"
      },
      "female": {
        "text": "5.6 deaths/1,000 live births"
      }
    },
    "Life expectancy at birth": {
      "total population": {
        "text": "78.2 years (2024 est.)"
      },
      "male": {
        "text": "75.2 years"
      },
      "female": {
        "text": "81.3 years"
      }
    },
    "Total fertility rate": {
      "text": "1.54 children born/woman (2024 est.)"
    },
    "Gross reproduction rate": {
      "text": "0.75 (2024 est.)"
    },
    "Contraceptive prevalence rate": {
      "text": "73% (2019)"
    },
    "Drinking water source": {
      "improved: urban": {
        "text": "urban: 100% of population"
      },
      "improved: rural": {
        "text": "rural: 100% of population"
      },
      "improved: total": {
        "text": "total: 100% of population"
      },
      "unimproved: urban": {
        "text": "urban: 0% of population"
      },
      "unimproved: rural": {
        "text": "rural: 0% of population"
      },
      "unimproved: total": {
        "text": "total: 0% of population (2020 est.)"
      }
    },
    "Health expenditure": {
      "Health expenditure (as % of GDP)": {
        "text": "5.2% of GDP (2021)"
      },
      "Health expenditure (as % of national budget)": {
        "text": "16.1% of national budget (2022 est.)"
      }
    },
    "Physician density": {
      "text": "0.54 physicians/1,000 population (2021)"
    },
    "Hospital bed density": {
      "text": "2.3 beds/1,000 population (2021 est.)"
    },
    "Sanitation facility access": {
      "improved: urban": {
        "text": "urban: 99.9% of population"
      },
      "improved: rural": {
        "text": "rural: 100% of population"
      },
      "improved: total": {
        "text": "total: 100% of population"
      },
      "unimproved: urban": {
        "text": "urban: 0.1% of population"
      },
      "unimproved: rural": {
        "text": "rural: 0% of population"
      },
      "unimproved: total": {
        "text": "total: 0% of population (2020 est.)"
      }
    },
    "Obesity - adult prevalence rate": {
      "text": "10% (2016)"
    },
    "Alcohol consumption per capita": {
      "total": {
        "text": "6.86 liters of pure alcohol (2019 est.)"
      },
      "beer": {
        "text": "1.85 liters of pure alcohol (2019 est.)"
      },
      "wine": {
        "text": "0.23 liters of pure alcohol (2019 est.)"
      },
      "spirits": {
        "text": "4.78 liters of pure alcohol (2019 est.)"
      },
      "other alcohols": {
        "text": "0 liters of pure alcohol (2019 est.)"
      }
    },
    "Tobacco use": {
      "total": {
        "text": "18.1% (2025 est.)"
      },
      "male": {
        "text": "36.1% (2025 est.)"
      },
      "female": {
        "text": "1.6% (2025 est.)"
      }
    },
    "Children under the age of 5 years underweight": {
      "text": "7.7% (2019)"
    },
    "Currently married women (ages 15-49)": {
      "text": "60.8% (2023 est.)"
    },
    "Child marriage": {
      "women married by age 15": {
        "text": "5.5% (2022)"
      },
      "women married by age 18": {
        "text": "17% (2022)"
      },
      "men married by age 18": {
        "text": "5.8% (2022)"
      }
    },
    "Education expenditure": {
      "Education expenditure (% GDP)": {
        "text": "2.5% of GDP (2023 est.)"
      },
      "Education expenditure (% national budget)": {
        "text": "11.6% national budget (2023 est.)"
      }
    },
    "Literacy": {
      "total population": {
        "text": "91.1% (2022 est.)"
      },
      "male": {
        "text": "90.7% (2022 est.)"
      },
      "female": {
        "text": "91.5% (2022 est.)"
      }
    },
    "School life expectancy (primary to tertiary education)": {
      "total": {
        "text": "15 years"
      },
      "male": {
        "text": "15 years"
      },
      "female": {
        "text": "16 years (2016)"
      }
    }
  },
  "Environment": {
    "Environment - current issues": {
      "text": "air pollution from vehicle emissions; water pollution from organic and factory wastes; water scarcity; deforestation; soil erosion; illegal hunting; hazardous waste disposal"
    },
    "Environment - international agreements": {
      "party to": {
        "text": "Biodiversity, Climate Change, Climate Change-Kyoto Protocol, Climate Change-Paris Agreement, Comprehensive Nuclear Test Ban, Desertification, Endangered Species, Hazardous Wastes, Law of the Sea, Marine Life Conservation, Nuclear Test Ban, Ozone Layer Protection, Ship Pollution, Tropical Timber 2006, Wetlands"
      },
      "signed, but not ratified": {
        "text": "none of the selected agreements"
      }
    },
    "Climate": {
      "text": "tropical; rainy, warm, cloudy southwest monsoon (mid-May to September); dry, cool northeast monsoon (November to mid-March); southern isthmus always hot and humid"
    },
    "Land use": {
      "agricultural land": {
        "text": "46% (2022 est.)"
      },
      "agricultural land: arable land": {
        "text": "arable land: 33.6% (2022 est.)"
      },
      "agricultural land: permanent crops": {
        "text": "permanent crops: 10.9% (2022 est.)"
      },
      "agricultural land: permanent pasture": {
        "text": "permanent pasture: 1.6% (2022 est.)"
      },
      "forest": {
        "text": "38.8% (2022 est.)"
      },
      "other": {
        "text": "15.2% (2022 est.)"
      }
    },
    "Urbanization": {
      "urban population": {
        "text": "53.6% of total population (2023)"
      },
      "rate of urbanization": {
        "text": "1.43% annual rate of change (2020-25 est.)"
      }
    },
    "Air pollutants": {
      "particulate matter emissions": {
        "text": "24.64 micrograms per cubic meter (2019 est.)"
      },
      "carbon dioxide emissions": {
        "text": "283.76 megatons (2016 est.)"
      },
      "methane emissions": {
        "text": "86.98 megatons (2020 est.)"
      }
    },
    "Waste and recycling": {
      "municipal solid waste generated annually": {
        "text": "26,853,366 tons (2015 est.)"
      },
      "municipal solid waste recycled annually": {
        "text": "5,128,993 tons (2012 est.)"
      },
      "percent of municipal solid waste recycled": {
        "text": "19.1% (2012 est.)"
      }
    },
    "Major lakes (area sq km)": {
      "salt water lake(s)": {
        "text": "Thalesap Songkhla - 1,290 sq km"
      }
    },
    "Major rivers (by length in km)": {
      "text": "Mae Nam Khong (Mekong) (shared with China [s], Burma, Laos, Cambodia, and Vietnam [m]) - 4,350 km; Salween (shared with China [s] and Burma [m]) - 3,060 km; Mun - 1,162 km<br><br><strong>note:</strong> [s] after country name indicates river source; [m] after country name indicates river mouth"
    },
    "Major watersheds (area sq km)": {
      "text": "Indian Ocean drainage: Salween (271,914 sq km)<br>Pacific Ocean drainage: Mekong (805,604 sq km)"
    },
    "Total water withdrawal": {
      "municipal": {
        "text": "2.74 billion cubic meters (2020 est.)"
      },
      "industrial": {
        "text": "2.78 billion cubic meters (2020 est.)"
      },
      "agricultural": {
        "text": "51.79 billion cubic meters (2020 est.)"
      }
    },
    "Total renewable water resources": {
      "text": "438.61 billion cubic meters (2020 est.)"
    },
    "Geoparks": {
      "total global geoparks and regional networks": {
        "text": "2"
      },
      "global geoparks and regional networks": {
        "text": "Khorat; Satun (2023)"
      }
    }
  },
  "Government": {
    "Country name": {
      "conventional long form": {
        "text": "Kingdom of Thailand"
      },
      "conventional short form": {
        "text": "Thailand"
      },
      "local long form": {
        "text": "Ratcha Anachak Thai"
      },
      "local short form": {
        "text": "Prathet Thai"
      },
      "former": {
        "text": "Siam"
      },
      "etymology": {
        "text": "the name means \"Land of the Thai,\" referring to the local population; the people's name comes from the Thai word <em>tha</em>, meaning \"to be free;\" the former name of Siam comes from the Sanskrit word <em>syama</em>, meaning \"dark\""
      }
    },
    "Government type": {
      "text": "constitutional monarchy"
    },
    "Capital": {
      "name": {
        "text": "Bangkok"
      },
      "geographic coordinates": {
        "text": "13 45 N, 100 31 E"
      },
      "time difference": {
        "text": "UTC+7 (12 hours ahead of Washington, DC, during Standard Time)"
      },
      "etymology": {
        "text": "the name is from the Thai words <em>bang </em>(region) and <em>kok </em>(olive trees); the city's full ceremonial name holds the world record for longest place name, Krungthepmahanakhon amonrattanakosin mahintharayutthaya mahadilokphop noppharatratchathaniburirom udomratchaniwetmahasathan amonphimanawatansathit sakkathattiyawitsanukamprasit, which means \"City of angels, great city of immortals, magnificent city of the nine gems, seat of the king, city of royal palaces, home of gods incarnate, erected by Vishvakarman at Indra's behest\""
      }
    },
    "Administrative divisions": {
      "text": "76 provinces (<em>changwat</em>, singular and plural) and 1 municipality* (<em>maha nakhon</em>); Amnat Charoen, Ang Thong, Bueng Kan, Buri Ram, Chachoengsao, Chai Nat, Chaiyaphum, Chanthaburi, Chiang Mai, Chiang Rai, Chon Buri, Chumphon, Kalasin, Kamphaeng Phet, Kanchanaburi, Khon Kaen, Krabi, Krung Thep* (Bangkok), Lampang, Lamphun, Loei, Lop Buri, Mae Hong Son, Maha Sarakham, Mukdahan, Nakhon Nayok, Nakhon Pathom, Nakhon Phanom, Nakhon Ratchasima, Nakhon Sawan, Nakhon Si Thammarat, Nan, Narathiwat, Nong Bua Lamphu, Nong Khai, Nonthaburi, Pathum Thani, Pattani, Phangnga, Phatthalung, Phayao, Phetchabun, Phetchaburi, Phichit, Phitsanulok, Phra Nakhon Si Ayutthaya, Phrae, Phuket, Prachin Buri, Prachuap Khiri Khan, Ranong, Ratchaburi, Rayong, Roi Et, Sa Kaeo, Sakon Nakhon, Samut Prakan, Samut Sakhon, Samut Songkhram, Saraburi, Satun, Sing Buri, Si Sa Ket, Songkhla, Sukhothai, Suphan Buri, Surat Thani, Surin, Tak, Trang, Trat, Ubon Ratchathani, Udon Thani, Uthai Thani, Uttaradit, Yala, Yasothon"
    },
    "Legal system": {
      "text": "civil law system with common law influences"
    },
    "Constitution": {
      "history": {
        "text": "many previous; latest drafted and presented 29 March 2016, approved by referendum 7 August 2016, signed into law by the king on 6 April 2017"
      },
      "amendment process": {
        "text": "amendments require a majority vote in a joint session of the House and Senate and further require at least one fifth of opposition House members and one third of the Senate vote in favor; a national referendum is additionally required for certain amendments; all amendments require signature by the king"
      }
    },
    "International law organization participation": {
      "text": "has not submitted an ICJ jurisdiction declaration; non-party state to the ICCt"
    },
    "Citizenship": {
      "citizenship by birth": {
        "text": "no"
      },
      "citizenship by descent only": {
        "text": "at least one parent must be a citizen of Thailand"
      },
      "dual citizenship recognized": {
        "text": "no"
      },
      "residency requirement for naturalization": {
        "text": "5 years"
      }
    },
    "Suffrage": {
      "text": "18 years of age; universal and compulsory"
    },
    "Executive branch": {
      "chief of state": {
        "text": "King WACHIRALONGKON; also spelled Vajiralongkorn (since 1 December 2016)"
      },
      "head of government": {
        "text": "Prime Minister PHAETHONGTHAN Chinnawat; also spelled PAETONGTARN Shinawatra (since 18 August 2024)"
      },
      "cabinet": {
        "text": "Council of Ministers nominated by the prime minister, appointed by the king; a Privy Council advises the king"
      },
      "elections/appointments": {
        "text": "the monarchy is hereditary; prime minister candidate approved by House of Representatives and appointed by the king"
      }
    },
    "Legislative branch": {
      "legislature name": {
        "text": "National Assembly (Rathhasapha)"
      },
      "legislative structure": {
        "text": "bicameral"
      }
    },
    "Legislative branch - lower chamber": {
      "chamber name": {
        "text": "House of Representatives (Saphaphuthan Ratsadon)"
      },
      "number of seats": {
        "text": "500 (all directly elected)"
      },
      "electoral system": {
        "text": "mixed system"
      },
      "scope of elections": {
        "text": "full renewal"
      },
      "term in office": {
        "text": "4 years"
      },
      "most recent election date": {
        "text": "5/14/2023"
      },
      "parties elected and seats per party": {
        "text": "Move Forward (151); Pheu Thai (141); Bhumjaithai (71); Palang Pracharath (40); United Thai Nation (36); Democrat Party (25); Other (36)"
      },
      "percentage of women in chamber": {
        "text": "19.6%"
      },
      "expected date of next election": {
        "text": "May 2028"
      }
    },
    "Legislative branch - upper chamber": {
      "chamber name": {
        "text": "Senate (Wuthisapha)"
      },
      "number of seats": {
        "text": "200 (all indirectly elected)"
      },
      "scope of elections": {
        "text": "full renewal"
      },
      "term in office": {
        "text": "5 years"
      },
      "most recent election date": {
        "text": "6/9/2024 to 6/26/2024"
      },
      "percentage of women in chamber": {
        "text": "22.5%"
      },
      "expected date of next election": {
        "text": "June 2029"
      },
      "note": "<strong>note:</strong> Senate members are indirectly elected from 20 eligible groups of professions, including agriculture, artists or athletes, business owners, education, employees or workers, independent professionals, industrialists, law and justice, mass communication, public health, science and technology, tourism-related professions, women, and elderly, disabled, or ethnic groups"
    },
    "Judicial branch": {
      "highest court(s)": {
        "text": "Supreme Court of Justice (consists of the court president, 6 vice presidents, 60-70 judges, and organized into 10 divisions); Constitutional Court (consists of the court president and 8 judges); Supreme Administrative Court (number of judges determined by Judicial Commission of the Administrative Courts)"
      },
      "judge selection and term of office": {
        "text": "Supreme Court judges selected by the Judicial Commission of the Courts of Justice and approved by the monarch; judge term determined by the monarch; Constitutional Court justices - 3 judges drawn from the Supreme Court, 2 judges drawn from the Administrative Court, and 4 judge candidates selected by the Selective Committee for Judges of the Constitutional Court, and confirmed by the Senate; judges appointed by the monarch serve single 9-year terms; Supreme Administrative Court judges selected by the Judicial Commission of the Administrative Courts and appointed by the monarch; judges serve for life"
      },
      "subordinate courts": {
        "text": "courts of first instance and appeals courts within both the judicial and administrative systems; military courts"
      }
    },
    "Political parties": {
      "text": "Bhumjaithai Party or BJT (aka Phumchai Thai Party or PJT; aka Thai Pride Party) <br>Chat Thai Phatthana Party (Thai Nation Development Party) or CTP<br>Move Forward Party or MFP (dissolved by order of the Constitutional Court, August 2024)<br>Palang Pracharat Party (People's State Power Party) or PPRP <br>Pheu (Puea) Thai Party (For Thais Party) or PTP <br>Prachachat Party or PCC <br>Prachathipat Party (Democrat Party) or DP <br>Thai Sang Thai Party <br>United Thai Nation (Ruam Thai Sang Chat) or UTN"
    },
    "Diplomatic representation in the US": {
      "chief of mission": {
        "text": "Ambassador Dr. SURIYA Chindawongse (since 17 June 2024)"
      },
      "chancery": {
        "text": "1024 Wisconsin Avenue NW, Suite 401, Washington, DC 20007"
      },
      "telephone": {
        "text": "[1] (202) 944-3600"
      },
      "FAX": {
        "text": "[1] (202) 944-3611"
      },
      "email address and website": {
        "text": "<br>thai.wsn@thaiembdc.org<br><br>https://washingtondc.thaiembassy.org/en/index"
      },
      "consulate(s) general": {
        "text": "Chicago, Los Angeles, New York"
      }
    },
    "Diplomatic representation from the US": {
      "chief of mission": {
        "text": "Ambassador Robert F. GODEC (since 7 October 2022)"
      },
      "embassy": {
        "text": "95 Wireless Road, Bangkok 10330"
      },
      "mailing address": {
        "text": "7200 Bangkok Place, Washington DC&nbsp; 20521-7200"
      },
      "telephone": {
        "text": "[66] 2-205-4000"
      },
      "FAX": {
        "text": "[66] 2-205-4103"
      },
      "email address and website": {
        "text": "<br>acsbkk@state.gov<br><br>https://th.usembassy.gov/"
      },
      "consulate(s) general": {
        "text": "Chiang Mai"
      }
    },
    "International organization participation": {
      "text": "ADB, APEC, ARF, ASEAN, BIMSTEC, BIS, CD, CICA, CP, EAS, FAO, G-77, IAEA, IBRD, ICAO, ICC (national committees), ICRM, IDA, IFAD, IFC, IFRCS, IHO, ILO, IMF, IMO, IMSO, Interpol, IOC, IOM, IPU, ISO, ITSO, ITU, ITUC (NGOs), MIGA, NAM, OAS (observer), OIC (observer), OIF (observer), OPCW, OSCE (partner), PCA, PIF (partner), UN, UNAMID, UNCTAD, UNESCO, UNHCR, UNIDO, UNMOGIP, UNOOSA, UNOCI, UNWTO, UPU, WCO, WFTU (NGOs), WHO, WIPO, WMO, WTO"
    },
    "Independence": {
      "text": "1238 (traditional founding date; never colonized)"
    },
    "National holiday": {
      "text": "Birthday of King WACHIRALONGKON, 28 July (1952)"
    },
    "Flag description": {
      "text": "five horizontal bands of red (top), white, blue (double-width), white, and red; the red color stands for the nation and the blood of life, white for religion and the purity of Buddhism, and blue for the monarchy",
      "note": "<strong>note:</strong> similar to the flag of Costa Rica but with the blue and red colors reversed"
    },
    "National symbol(s)": {
      "text": "garuda (mythical half-man, half-bird figure), elephant"
    },
    "National color(s)": {
      "text": "red, white, blue"
    },
    "National coat of arms": {
      "text": "in 1911, King Vajiravudh (Rama VI) of Thailand officially adopted the Garuda as the national coat of arms and emblem; this mythological half-man, half-bird figure from the Hindu and Buddhist traditions is considered the <em>vahana </em>(vehicle) of the god Vishnu (Narayana) and was a symbol of royalty in Thailand for centuries"
    },
    "National anthem": {
      "name": {
        "text": "\"Phleng Chat Thai\" (National Anthem of Thailand)"
      },
      "lyrics/music": {
        "text": "Luang SARANUPRAPAN/Phra JENDURIYANG"
      },
      "note": "<strong>note:</strong> music adopted 1932, lyrics adopted 1939; by law, people are required to stand for the national anthem at 0800 and 1800 every day; the anthem is played in schools, offices, theaters, and on television and radio during this time; \"Phleng Sanlasoen Phra Barami\" (A Salute to the Monarch) serves as the royal anthem and is played in the presence of the royal family and during certain state ceremonies"
    },
    "National heritage": {
      "total World Heritage Sites": {
        "text": "8 (5 cultural, 3 natural)"
      },
      "selected World Heritage Site locales": {
        "text": "<p>Historic City of Ayutthaya (c); Historic Sukhothai and Associated Historic Towns (c); Thungyai-Huai Kha Khaeng Wildlife Sanctuaries (n); Ban Chiang Archaeological Site (c); Dong Phayayen-Khao Yai Forest Complex (n); Kaeng Krachan Forest Complex (n); The Ancient Town of Si Thep and its Associated Dvaravati Monuments (n); Phu Phrabat, a testimony to the Sīma stone tradition of the Dvaravati period (c)</p>"
      }
    }
  },
  "Economy": {
    "Economic overview": {
      "text": "upper middle-income Southeast Asian economy; substantial infrastructure; major electronics, food, and automobile parts exporter; globally used currency; extremely low unemployment; ongoing Thailand 4.0 economic development"
    },
    "Real GDP (purchasing power parity)": {
      "Real GDP (purchasing power parity) 2023": {
        "text": "$1.516 trillion (2023 est.)"
      },
      "Real GDP (purchasing power parity) 2022": {
        "text": "$1.488 trillion (2022 est.)"
      },
      "Real GDP (purchasing power parity) 2021": {
        "text": "$1.452 trillion (2021 est.)"
      },
      "note": "<b>note:</b> data in 2021 dollars"
    },
    "Real GDP growth rate": {
      "Real GDP growth rate 2023": {
        "text": "1.89% (2023 est.)"
      },
      "Real GDP growth rate 2022": {
        "text": "2.46% (2022 est.)"
      },
      "Real GDP growth rate 2021": {
        "text": "1.57% (2021 est.)"
      },
      "note": "<b>note:</b> annual GDP % growth based on constant local currency"
    },
    "Real GDP per capita": {
      "Real GDP per capita 2023": {
        "text": "$21,100 (2023 est.)"
      },
      "Real GDP per capita 2022": {
        "text": "$20,700 (2022 est.)"
      },
      "Real GDP per capita 2021": {
        "text": "$20,200 (2021 est.)"
      },
      "note": "<b>note:</b> data in 2021 dollars"
    },
    "GDP (official exchange rate)": {
      "text": "$514.969 billion (2023 est.)",
      "note": "<b>note:</b> data in current dollars at official exchange rate"
    },
    "Inflation rate (consumer prices)": {
      "Inflation rate (consumer prices) 2023": {
        "text": "1.2% (2023 est.)"
      },
      "Inflation rate (consumer prices) 2022": {
        "text": "6.1% (2022 est.)"
      },
      "Inflation rate (consumer prices) 2021": {
        "text": "1.2% (2021 est.)"
      },
      "note": "<b>note:</b> annual % change based on consumer prices"
    },
    "GDP - composition, by sector of origin": {
      "agriculture": {
        "text": "8.6% (2023 est.)"
      },
      "industry": {
        "text": "32.9% (2023 est.)"
      },
      "services": {
        "text": "58.5% (2023 est.)"
      },
      "note": "<b>note:</b> figures may not total 100% due to non-allocated consumption not captured in sector-reported data"
    },
    "GDP - composition, by end use": {
      "household consumption": {
        "text": "57.7% (2023 est.)"
      },
      "government consumption": {
        "text": "16.6% (2023 est.)"
      },
      "investment in fixed capital": {
        "text": "23% (2023 est.)"
      },
      "investment in inventories": {
        "text": "-0.4% (2023 est.)"
      },
      "exports of goods and services": {
        "text": "65.4% (2023 est.)"
      },
      "imports of goods and services": {
        "text": "-63.7% (2023 est.)"
      },
      "note": "<b>note:</b> figures may not total 100% due to rounding or gaps in data collection"
    },
    "Agricultural products": {
      "text": "sugarcane, rice, cassava, oil palm fruit, maize, rubber, tropical fruits, chicken, mangoes/guavas, fruits (2023)",
      "note": "<b>note:</b> top ten agricultural products based on tonnage"
    },
    "Industries": {
      "text": "tourism, textiles and garments, agricultural processing, beverages, tobacco, cement, light manufacturing such as jewelry and electric appliances, computers and parts, integrated circuits, furniture, plastics, automobiles and automotive parts, agricultural machinery, air conditioning and refrigeration, ceramics, aluminum, chemical, environmental management, glass, granite and marble, leather, machinery and metal work, petrochemical, petroleum refining, pharmaceuticals, printing, pulp and paper, rubber, sugar, rice, fishing, cassava, world's second-largest tungsten producer and third-largest tin producer"
    },
    "Industrial production growth rate": {
      "text": "-2.27% (2023 est.)",
      "note": "<b>note:</b> annual % change in industrial value added based on constant local currency"
    },
    "Labor force": {
      "text": "40.623 million (2024 est.)",
      "note": "<b>note:</b> number of people ages 15 or older who are employed or seeking work"
    },
    "Unemployment rate": {
      "Unemployment rate 2024": {
        "text": "0.7% (2024 est.)"
      },
      "Unemployment rate 2023": {
        "text": "0.7% (2023 est.)"
      },
      "Unemployment rate 2022": {
        "text": "0.9% (2022 est.)"
      },
      "note": "<b>note:</b> % of labor force seeking employment"
    },
    "Youth unemployment rate (ages 15-24)": {
      "total": {
        "text": "4.3% (2024 est.)"
      },
      "male": {
        "text": "3.1% (2024 est.)"
      },
      "female": {
        "text": "6% (2024 est.)"
      },
      "note": "<b>note:</b> % of labor force ages 15-24 seeking employment"
    },
    "Population below poverty line": {
      "text": "6.3% (2021 est.)",
      "note": "<b>note:</b> % of population with income below national poverty line"
    },
    "Gini Index coefficient - distribution of family income": {
      "Gini Index coefficient - distribution of family income 2021": {
        "text": "34.9 (2021 est.)"
      },
      "note": "<b>note:</b> index (0-100) of income distribution; higher values represent greater inequality"
    },
    "Average household expenditures": {
      "on food": {
        "text": "25.9% of household expenditures (2023 est.)"
      },
      "on alcohol and tobacco": {
        "text": "3% of household expenditures (2023 est.)"
      }
    },
    "Household income or consumption by percentage share": {
      "lowest 10%": {
        "text": "3.2% (2021 est.)"
      },
      "highest 10%": {
        "text": "27.1% (2021 est.)"
      },
      "note": "<b>note:</b> % share of income accruing to lowest and highest 10% of population"
    },
    "Remittances": {
      "Remittances 2023": {
        "text": "1.88% of GDP (2023 est.)"
      },
      "Remittances 2022": {
        "text": "1.8% of GDP (2022 est.)"
      },
      "Remittances 2021": {
        "text": "1.79% of GDP (2021 est.)"
      },
      "note": "<b>note:</b> personal transfers and compensation between resident and non-resident individuals/households/entities"
    },
    "Budget": {
      "revenues": {
        "text": "$90.509 billion (2022 est.)"
      },
      "expenditures": {
        "text": "$106.576 billion (2022 est.)"
      },
      "note": "<b>note:</b> central government revenues (excluding grants) and expenses converted to US dollars at average official exchange rate for year indicated"
    },
    "Public debt": {
      "Public debt 2023": {
        "text": "61.2% of GDP (2023 est.)"
      },
      "note": "<b>note:</b> central government debt as a % of GDP"
    },
    "Taxes and other revenues": {
      "text": "15.5% (of GDP) (2023 est.)",
      "note": "<b>note:</b> central government tax revenue as a % of GDP"
    },
    "Current account balance": {
      "Current account balance 2023": {
        "text": "$7.412 billion (2023 est.)"
      },
      "Current account balance 2022": {
        "text": "-$17.162 billion (2022 est.)"
      },
      "Current account balance 2021": {
        "text": "-$10.722 billion (2021 est.)"
      },
      "note": "<b>note:</b> balance of payments - net trade and primary/secondary income in current dollars"
    },
    "Exports": {
      "Exports 2023": {
        "text": "$337.45 billion (2023 est.)"
      },
      "Exports 2022": {
        "text": "$324.111 billion (2022 est.)"
      },
      "Exports 2021": {
        "text": "$295.972 billion (2021 est.)"
      },
      "note": "<b>note:</b> balance of payments - exports of goods and services in current dollars"
    },
    "Exports - partners": {
      "text": "USA 18%, China 13%, Japan 7%, Australia 4%, Singapore 4% (2023)",
      "note": "<b>note:</b> top five export partners based on percentage share of exports"
    },
    "Exports - commodities": {
      "text": "machine parts, integrated circuits, trucks, cars, broadcasting equipment (2023)",
      "note": "<b>note:</b> top five export commodities based on value in dollars"
    },
    "Imports": {
      "Imports 2023": {
        "text": "$327.008 billion (2023 est.)"
      },
      "Imports 2022": {
        "text": "$334.44 billion (2022 est.)"
      },
      "Imports 2021": {
        "text": "$296.569 billion (2021 est.)"
      },
      "note": "<b>note:</b> balance of payments - imports of goods and services in current dollars"
    },
    "Imports - partners": {
      "text": "China 26%, Japan 11%, USA 7%, UAE 6%, Taiwan 5% (2023)",
      "note": "<b>note:</b> top five import partners based on percentage share of imports"
    },
    "Imports - commodities": {
      "text": "crude petroleum, integrated circuits, natural gas, gold, vehicle parts/accessories (2023)",
      "note": "<b>note:</b> top five import commodities based on value in dollars"
    },
    "Reserves of foreign exchange and gold": {
      "Reserves of foreign exchange and gold 2024": {
        "text": "$217.261 billion (2024 est.)"
      },
      "Reserves of foreign exchange and gold 2023": {
        "text": "$224.47 billion (2023 est.)"
      },
      "Reserves of foreign exchange and gold 2022": {
        "text": "$216.501 billion (2022 est.)"
      },
      "note": "<b>note:</b> holdings of gold (year-end prices)/foreign exchange/special drawing rights in current dollars"
    },
    "Debt - external": {
      "Debt - external 2023": {
        "text": "$37.065 billion (2023 est.)"
      },
      "note": "<b>note:</b> present value of external debt in current US dollars"
    },
    "Exchange rates": {
      "Currency": {
        "text": "baht per US dollar -"
      },
      "Exchange rates 2024": {
        "text": "35.294 (2024 est.)"
      },
      "Exchange rates 2023": {
        "text": "34.802 (2023 est.)"
      },
      "Exchange rates 2022": {
        "text": "35.061 (2022 est.)"
      },
      "Exchange rates 2021": {
        "text": "31.977 (2021 est.)"
      },
      "Exchange rates 2020": {
        "text": "31.294 (2020 est.)"
      }
    }
  },
  "Energy": {
    "Electricity access": {
      "electrification - total population": {
        "text": "99.9% (2022 est.)"
      },
      "electrification - urban areas": {
        "text": "100%"
      },
      "electrification - rural areas": {
        "text": "100%"
      }
    },
    "Electricity": {
      "installed generating capacity": {
        "text": "55.971 million kW (2023 est.)"
      },
      "consumption": {
        "text": "215.281 billion kWh (2023 est.)"
      },
      "exports": {
        "text": "2.256 billion kWh (2023 est.)"
      },
      "imports": {
        "text": "35.805 billion kWh (2023 est.)"
      },
      "transmission/distribution losses": {
        "text": "14.44 billion kWh (2023 est.)"
      }
    },
    "Electricity generation sources": {
      "fossil fuels": {
        "text": "81.9% of total installed capacity (2023 est.)"
      },
      "solar": {
        "text": "2.7% of total installed capacity (2023 est.)"
      },
      "wind": {
        "text": "1.8% of total installed capacity (2023 est.)"
      },
      "hydroelectricity": {
        "text": "3.5% of total installed capacity (2023 est.)"
      },
      "biomass and waste": {
        "text": "10.1% of total installed capacity (2023 est.)"
      }
    },
    "Coal": {
      "production": {
        "text": "12.812 million metric tons (2023 est.)"
      },
      "consumption": {
        "text": "42.371 million metric tons (2023 est.)"
      },
      "exports": {
        "text": "65,000 metric tons (2023 est.)"
      },
      "imports": {
        "text": "29.757 million metric tons (2023 est.)"
      },
      "proven reserves": {
        "text": "1.063 billion metric tons (2023 est.)"
      }
    },
    "Petroleum": {
      "total petroleum production": {
        "text": "386,000 bbl/day (2023 est.)"
      },
      "refined petroleum consumption": {
        "text": "1.397 million bbl/day (2023 est.)"
      },
      "crude oil estimated reserves": {
        "text": "252.75 million barrels (2021 est.)"
      }
    },
    "Natural gas": {
      "production": {
        "text": "29.614 billion cubic meters (2023 est.)"
      },
      "consumption": {
        "text": "52.351 billion cubic meters (2023 est.)"
      },
      "imports": {
        "text": "22.738 billion cubic meters (2023 est.)"
      },
      "proven reserves": {
        "text": "138.243 billion cubic meters (2021 est.)"
      }
    },
    "Carbon dioxide emissions": {
      "total emissions": {
        "text": "336.693 million metric tonnes of CO2 (2023 est.)"
      },
      "from coal and metallurgical coke": {
        "text": "79.928 million metric tonnes of CO2 (2023 est.)"
      },
      "from petroleum and other liquids": {
        "text": "160.931 million metric tonnes of CO2 (2023 est.)"
      },
      "from consumed natural gas": {
        "text": "95.834 million metric tonnes of CO2 (2023 est.)"
      }
    },
    "Energy consumption per capita": {
      "Total energy consumption per capita 2023": {
        "text": "80.602 million Btu/person (2023 est.)"
      }
    }
  },
  "Communications": {
    "Telephones - fixed lines": {
      "total subscriptions": {
        "text": "4.087 million (2023 est.)"
      },
      "subscriptions per 100 inhabitants": {
        "text": "6 (2023 est.)"
      }
    },
    "Telephones - mobile cellular": {
      "total subscriptions": {
        "text": "121 million (2023 est.)"
      },
      "subscriptions per 100 inhabitants": {
        "text": "176 (2022 est.)"
      }
    },
    "Broadcast media": {
      "text": "26 digital TV stations and 6 terrestrial TV stations broadcast nationally via relay stations, with 2 of the terrestrial stations military-owned and the other 4 state-owned or state-controlled; some leased to private enterprise; all required to broadcast government-produced news; multi-channel satellite and cable TV subscriptions available; radio frequencies allotted for over 500 government and commercial radio stations; many small community radio stations operate with low-power transmitters (2017)"
    },
    "Internet country code": {
      "text": ".th"
    },
    "Internet users": {
      "percent of population": {
        "text": "90% (2023 est.)"
      }
    },
    "Broadband - fixed subscriptions": {
      "total": {
        "text": "11.5 million (2023 est.)"
      },
      "subscriptions per 100 inhabitants": {
        "text": "16 (2023 est.)"
      }
    }
  },
  "Transportation": {
    "Civil aircraft registration country code prefix": {
      "text": "HS"
    },
    "Airports": {
      "text": "105 (2025)"
    },
    "Heliports": {
      "text": "5 (2025)"
    },
    "Railways": {
      "total": {
        "text": "4,127 km (2017)"
      },
      "standard gauge": {
        "text": "84 km (2017) 1.435-m gauge (84 km electrified)"
      },
      "narrow gauge": {
        "text": "4,043 km (2017) 1.000-m gauge"
      }
    },
    "Merchant marine": {
      "total": {
        "text": "884 (2023)"
      },
      "by type": {
        "text": "bulk carrier 28, container ship 28, general cargo 88, oil tanker 251, other 489"
      }
    },
    "Ports": {
      "total ports": {
        "text": "21 (2024)"
      },
      "large": {
        "text": "1"
      },
      "medium": {
        "text": "2"
      },
      "small": {
        "text": "3"
      },
      "very small": {
        "text": "15"
      },
      "ports with oil terminals": {
        "text": "14"
      },
      "key ports": {
        "text": "Bangkok, Laem Chabang, Pattani, Phuket, Sattahip, Si Racha"
      }
    }
  },
  "Military and Security": {
    "Military and security forces": {
      "text": "Royal Thai Armed Forces (RTARF): Royal Thai Army (RTA), Royal Thai Navy (RTN; includes Royal Thai Marine Corps), Royal Thai Air Force (RTAF)<br><br>Office of the Prime Minister: Royal Thai Police (2025)",
      "note": "<strong>note:</strong> official paramilitary forces in Thailand include the Thai Rangers (Thahan Phran or \"Hunter Soldiers\") under the Army; the Paramilitary Marines under the Navy; the Border Patrol Police (BPP) under the Royal Thai Police; the Volunteer Defense Corps (VDC or <em>O So</em>) and National Defense Volunteers (NDV), both under the Ministry of Interior; there are also several government-backed volunteer militias created to provide village security against insurgents in the Deep South or to assist government security forces"
    },
    "Military expenditures": {
      "Military Expenditures 2024": {
        "text": "1.1% of GDP (2024 est.)"
      },
      "Military Expenditures 2023": {
        "text": "1.3% of GDP (2023 est.)"
      },
      "Military Expenditures 2022": {
        "text": "1.3% of GDP (2022 est.)"
      },
      "Military Expenditures 2021": {
        "text": "1.3% of GDP (2021 est.)"
      },
      "Military Expenditures 2020": {
        "text": "1.4% of GDP (2020 est.)"
      }
    },
    "Military and security service personnel strengths": {
      "text": "estimated 350,000 active-duty Armed Forces (250,000 Army; 70,000 Navy; 30,000 Air Force) (2025)"
    },
    "Military equipment inventories and acquisitions": {
      "text": "the RTARF has a diverse array of foreign-supplied weapons and equipment, as well as some domestically produced items; in recent years, Thailand has received arms from a wide variety of countries, including China and the US; Thailand has a domestic defense industry, which produces such items as armored vehicles, artillery systems, naval vessels, unmanned aerial vehicles, and other military technologies (2024)"
    },
    "Military service age and obligation": {
      "text": "18 years of age for voluntary military service for men and women; 21 years of age for compulsory military service for men; men register at 18 years of age; volunteer service obligation may be as short as 6 or 12 months, depending on educational qualifications; conscript service obligation also varies by educational qualifications, but is typically 24 months (2024)",
      "note": "<strong>note:</strong> serving in the armed forces is a national duty of all Thai citizens; conscription was introduced in 1905; it includes women, however, only men over the age of 21 who have not gone through reserve training are conscripted; conscripts are chosen by lottery (on draft day, eligible draftees can request volunteer service, or they may choose to stay for the conscription lottery); approximately 100,000 men are drafted for military service each year"
    },
    "Military deployments": {
      "text": "280 South Sudan (UNMISS) (2024)"
    },
    "Military - note": {
      "text": "the RTARF’s missions include defending the country’s territory and sovereignty, protecting the monarchy, ensuring internal security, and responding to natural disasters; it also plays a large role in domestic politics and has attempted as many as 20 coups since the fall of absolute monarchy in 1932, the most recent being in 2014<br><br>since 2004, the military and associated paramilitary forces have fought against separatist insurgents in the southern provinces of Pattani, Yala, and Narathiwat, as well as parts of Songkhla; the insurgency is rooted in ethnic Malay nationalist resistance to Thai rule that followed the extension of Siamese sovereignty over the Patani Sultanate in the 18th century; the insurgency consists of several armed groups, the largest of which is the Barisan Revolusi Nasional-Koordinasi (BRN-C): since 2020, Thai officials have been negotiating with BRN, and has parallel talks with an umbrella organization, MARA Pattani, that claims to represent the insurgency groups; since 2004, violence associated with the insurgency has claimed more than 7,000 lives; the Thai Government has had as many as 100,000 military and paramilitary forces deployed in the south to combat the insurgency<br><br>Thailand has Major Non-NATO Ally (MNNA) status with the US, a designation under US law that provides foreign partners with certain benefits in the areas of defense trade and security cooperation; the Thai and US militaries host the annual \"Cobra Gold\" multinational military exercises in Thailand; the exercise is one of the largest multinational exercises in the Pacific region (2024)"
    }
  },
  "Space": {
    "Space agency/agencies": {
      "text": "Geo-Informatics and Space Technology Development Agency (GISTDA; created in 2000 from the Thailand Remote Sensing Center that was established in 1979; GISTDA is under the Ministry of Higher Education, Science, Research and Innovation); National Space Policy Committee (NSPC; advisory body to the prime minister) (2024)"
    },
    "Space launch site(s)": {
      "text": "none; in 2023, announced intentions to build a spaceport with South Korean assistance (2024)"
    },
    "Space program overview": {
      "text": "has an ambitious and growing space program focused on the acquisition and operation of satellites and the development of related technologies; operates communications and remote sensing (RS) satellites; manufactures scientific/research/testing cube satellites and developing the capabilities to produce RS satellites (has historically built satellites with foreign assistance); cooperates with a range of foreign space agencies and industries, including those of other ASEAN countries, China, France, India, the Netherlands, Pakistan, Russia, South Korea, and the US; founding member of the China-led Asia-Pacific Space Cooperation Organization (APSCO); has a growing space industry, including Southeast Asia’s first dedicated satellite manufacturing facility, which opened in 2021 (2024)",
      "note": "<strong>note:</strong> further details about the key activities, programs, and milestones of the country’s space program, as well as government spending estimates on the space sector, appear in the Space Programs reference guide"
    }
  },
  "Transnational Issues": {
    "Refugees and internally displaced persons": {
      "refugees (country of origin)": {
        "text": "91,339 (Burma) (refugees and asylum seekers) (2023)"
      },
      "IDPs": {
        "text": "41,000 (2022)"
      },
      "stateless persons": {
        "text": "566,900 (2022) (estimate represents stateless persons registered with the Thai Government; actual number may be as high as 3.5 million); note - about half of Thailand's northern hill tribe people do not have citizenship and make up the bulk of Thailand's stateless population; most lack documentation showing they or one of their parents were born in Thailand; children born to Burmese refugees are not eligible for Burmese or Thai citizenship and are stateless; most Chao Lay, maritime nomadic peoples, who travel from island to island in the Andaman Sea west of Thailand are also stateless; stateless Rohingya refugees from Burma are considered illegal migrants by Thai authorities and are detained in inhumane conditions or expelled; stateless persons are denied access to voting, property, education, employment, healthcare, and driving"
      },
      "note": "<strong>note:</strong> Thai nationality was granted to more than 23,000 stateless persons between 2012 and 2016 and more than 18,000 between 2018 and 2021; in 2016, the Government of Thailand approved changes to its citizenship laws that could make 80,000 stateless persons eligible for citizenship, as part of its effort to achieve zero statelessness by 2024 (2021)"
    },
    "Illicit drugs": {
      "text": "<p>not a cultivator or producer of significant quantities of opiates, methamphetamine, or other illicit drugs; not a significant source or transit country for drugs entering the United States; drugs smuggled through Thailand heading for Indo-Pacific region markets; large influx of methamphetamine and heroin from neighboring Burma to other markets, but also consumed domestically, most of which transits through Thailand to other markets, but is also consumed domestically; a major source of precursor or essential chemicals used in the production of illicit narcotics</p>"
    }
  }
}