{
  "Introduction": {
    "Background": {
      "text": "<p>After declaring independence from the Ottoman Empire in 1912, Albania experienced a period of political upheaval that led to a short-lived monarchy, which ended in 1939 when Italy conquered the country. Germany then occupied Albania in 1943, and communist partisans took over the country in 1944. Albania allied itself first with the USSR (until 1960) and then with China (until 1978). In the early 1990s, Albania ended communist rule and established a multiparty democracy. </p> <p>Government-endorsed pyramid schemes in 1997 led to economic collapse and civil disorder, which only ended when UN peacekeeping troops intervened. In 1999, some 450,000 ethnic Albanians fled from Kosovo to Albania to escape the war with the Serbs. Albania joined NATO in 2009 and became an official candidate for EU membership in 2014. </p>"
    }
  },
  "Geography": {
    "Location": {
      "text": "Southeastern Europe, bordering the Adriatic Sea and Ionian Sea, between Greece to the south and Montenegro and Kosovo to the north"
    },
    "Geographic coordinates": {
      "text": "41 00 N, 20 00 E"
    },
    "Map references": {
      "text": "Europe"
    },
    "Area": {
      "total ": {
        "text": "28,748 sq km"
      },
      "land": {
        "text": "27,398 sq km"
      },
      "water": {
        "text": "1,350 sq km"
      }
    },
    "Area - comparative": {
      "text": "slightly smaller than Maryland"
    },
    "Land boundaries": {
      "total": {
        "text": "691 km"
      },
      "border countries": {
        "text": "Greece 212 km; Kosovo 112 km; North Macedonia 181 km; Montenegro 186 km"
      }
    },
    "Coastline": {
      "text": "362 km"
    },
    "Maritime claims": {
      "territorial sea": {
        "text": "12 nm"
      },
      "continental shelf": {
        "text": "200-m depth or to the depth of exploitation"
      }
    },
    "Climate": {
      "text": "mild temperate; cool, cloudy, wet winters; hot, clear, dry summers; interior is cooler and wetter"
    },
    "Terrain": {
      "text": "mostly mountains and hills; small plains along coast"
    },
    "Elevation": {
      "highest point": {
        "text": "Maja e Korabit (Golem Korab) 2,764 m"
      },
      "lowest point": {
        "text": "Adriatic Sea 0 m"
      },
      "mean elevation": {
        "text": "708 m"
      }
    },
    "Natural resources": {
      "text": "petroleum, natural gas, coal, bauxite, chromite, copper, iron ore, nickel, salt, timber, hydropower, arable land"
    },
    "Land use": {
      "agricultural land": {
        "text": "41.4% (2022 est.)"
      },
      "agricultural land: arable land": {
        "text": "arable land: 21.8% (2022 est.)"
      },
      "agricultural land: permanent crops": {
        "text": "permanent crops: 3.2% (2022 est.)"
      },
      "agricultural land: permanent pasture": {
        "text": "permanent pasture: 16.4% (2022 est.)"
      },
      "forest": {
        "text": "28.8% (2022 est.)"
      },
      "other": {
        "text": "29.8% (2022 est.)"
      }
    },
    "Irrigated land": {
      "text": "1,907 sq km (2022)"
    },
    "Major lakes (area sq km)": {
      "fresh water lake(s)": {
        "text": "Lake Scutari (shared with Montenegro) - 400 sq km<br>note - largest lake in the Balkans"
      }
    },
    "Major watersheds (area sq km)": {
      "text": "Atlantic Ocean drainage: <em>(Black Sea)</em> Danube (795,656 sq km)"
    },
    "Population distribution": {
      "text": "a fairly even distribution, with somewhat higher concentrations of people in the western and central parts of the country"
    },
    "Natural hazards": {
      "text": "destructive earthquakes; tsunamis occur along southwestern coast; floods; drought"
    },
    "Geography - note": {
      "text": "strategic location along Strait of Otranto (links Adriatic Sea to Ionian Sea and Mediterranean Sea)"
    }
  },
  "People and Society": {
    "Population": {
      "total": {
        "text": "3,107,100 (2024 est.)"
      },
      "male": {
        "text": "1,531,063"
      },
      "female": {
        "text": "1,576,037"
      }
    },
    "Nationality": {
      "noun": {
        "text": "Albanian(s)"
      },
      "adjective": {
        "text": "Albanian"
      }
    },
    "Ethnic groups": {
      "text": "Albanian 82.6%, Greek 0.9%, other 1% (including Vlach, Romani, Macedonian, Montenegrin, and Egyptian), unspecified 15.5% (2011 est.)",
      "note": "<strong>note:</strong> data represent population by ethnic and cultural affiliation"
    },
    "Languages": {
      "Languages": {
        "text": "Albanian 98.8% (official - derived from Tosk dialect), Greek 0.5%, other 0.6% (including Macedonian, Romani, Vlach, Turkish, Italian, and Serbo-Croatian), unspecified 0.1% (2011 est.)"
      },
      "major-language sample(s)": {
        "text": "<br>Libri i fakteve boterore, burimi i pazevendesueshem per informacione elementare (Albanian)<br><br>The World Factbook, the indispensable source for basic information."
      }
    },
    "Religions": {
      "text": "Muslim 56.7%, Roman Catholic 10%, Orthodox 6.8%, atheist 2.5%, Bektashi (a Sufi order) 2.1%, other 5.7%, unspecified 16.2% (2011 est.)",
      "note": "<strong>note:</strong> all mosques and churches were closed in 1967 and religious observances prohibited; in November 1990, Albania began allowing private religious practice"
    },
    "Age structure": {
      "0-14 years": {
        "text": "18% (male 292,296/female 267,052)"
      },
      "15-64 years": {
        "text": "66.9% (male 1,023,515/female 1,055,388)"
      },
      "65 years and over": {
        "text": "15.1% (2024 est.) (male 215,252/female 253,597)"
      }
    },
    "Dependency ratios": {
      "total dependency ratio": {
        "text": "47.8 (2024 est.)"
      },
      "youth dependency ratio": {
        "text": "24.3 (2024 est.)"
      },
      "elderly dependency ratio": {
        "text": "23.5 (2024 est.)"
      },
      "potential support ratio": {
        "text": "4.3 (2024 est.)"
      }
    },
    "Median age": {
      "total": {
        "text": "36.3 years (2024 est.)"
      },
      "male": {
        "text": "34.8 years"
      },
      "female": {
        "text": "37.8 years"
      }
    },
    "Population growth rate": {
      "text": "0.16% (2024 est.)"
    },
    "Birth rate": {
      "text": "12.3 births/1,000 population (2024 est.)"
    },
    "Death rate": {
      "text": "7.4 deaths/1,000 population (2024 est.)"
    },
    "Net migration rate": {
      "text": "-3.2 migrant(s)/1,000 population (2024 est.)"
    },
    "Population distribution": {
      "text": "a fairly even distribution, with somewhat higher concentrations of people in the western and central parts of the country"
    },
    "Urbanization": {
      "urban population": {
        "text": "64.6% of total population (2023)"
      },
      "rate of urbanization": {
        "text": "1.29% annual rate of change (2020-25 est.)"
      }
    },
    "Major urban areas - population": {
      "text": "520,000 TIRANA (capital) (2023)"
    },
    "Sex ratio": {
      "at birth": {
        "text": "1.06 male(s)/female"
      },
      "0-14 years": {
        "text": "1.09 male(s)/female"
      },
      "15-64 years": {
        "text": "0.97 male(s)/female"
      },
      "65 years and over": {
        "text": "0.85 male(s)/female"
      },
      "total population": {
        "text": "0.97 male(s)/female (2024 est.)"
      }
    },
    "Mother's mean age at first birth": {
      "text": "26.6 years (2020 est.)"
    },
    "Maternal mortality ratio": {
      "text": "8 deaths/100,000 live births (2020 est.)"
    },
    "Infant mortality rate": {
      "total": {
        "text": "10.3 deaths/1,000 live births (2024 est.)"
      },
      "male": {
        "text": "11.3 deaths/1,000 live births"
      },
      "female": {
        "text": "9.2 deaths/1,000 live births"
      }
    },
    "Life expectancy at birth": {
      "total population": {
        "text": "79.9 years (2024 est.)"
      },
      "male": {
        "text": "77.3 years"
      },
      "female": {
        "text": "82.8 years"
      }
    },
    "Total fertility rate": {
      "text": "1.55 children born/woman (2024 est.)"
    },
    "Gross reproduction rate": {
      "text": "0.75 (2024 est.)"
    },
    "Contraceptive prevalence rate": {
      "text": "46% (2017/18)"
    },
    "Drinking water source": {
      "improved: urban": {
        "text": "urban: 97.3% of population"
      },
      "improved: rural": {
        "text": "rural: 96.4% of population"
      },
      "improved: total": {
        "text": "total: 97% of population"
      },
      "unimproved: urban": {
        "text": "urban: 2.7% of population"
      },
      "unimproved: rural": {
        "text": "rural: 3.6% of population"
      },
      "unimproved: total": {
        "text": "total: 3% of population (2020 est.)"
      }
    },
    "Health expenditure": {
      "Health expenditure (as % of GDP)": {
        "text": "7.3% of GDP (2021)"
      },
      "Health expenditure (as % of national budget)": {
        "text": "9.2% of national budget (2022 est.)"
      }
    },
    "Physician density": {
      "text": "1.88 physicians/1,000 population (2020)"
    },
    "Hospital bed density": {
      "text": "2.9 beds/1,000 population (2020 est.)"
    },
    "Sanitation facility access": {
      "improved: urban": {
        "text": "urban: 99.8% of population"
      },
      "improved: rural": {
        "text": "rural: 100% of population"
      },
      "improved: total": {
        "text": "total: 99.9% of population"
      },
      "unimproved: urban": {
        "text": "urban: 0.2% of population"
      },
      "unimproved: rural": {
        "text": "rural: 0.5% of population"
      },
      "unimproved: total": {
        "text": "total: 0.1% of population (2020 est.)"
      }
    },
    "Obesity - adult prevalence rate": {
      "text": "21.7% (2016)"
    },
    "Alcohol consumption per capita": {
      "total": {
        "text": "4.4 liters of pure alcohol (2019 est.)"
      },
      "beer": {
        "text": "1.75 liters of pure alcohol (2019 est.)"
      },
      "wine": {
        "text": "1.15 liters of pure alcohol (2019 est.)"
      },
      "spirits": {
        "text": "1.43 liters of pure alcohol (2019 est.)"
      },
      "other alcohols": {
        "text": "0.08 liters of pure alcohol (2019 est.)"
      }
    },
    "Tobacco use": {
      "total": {
        "text": "21.4% (2025 est.)"
      },
      "male": {
        "text": "37% (2025 est.)"
      },
      "female": {
        "text": "6.2% (2025 est.)"
      }
    },
    "Children under the age of 5 years underweight": {
      "text": "1.5% (2017/18)"
    },
    "Currently married women (ages 15-49)": {
      "text": "67.2% (2023 est.)"
    },
    "Child marriage": {
      "women married by age 15": {
        "text": "1.4% (2018)"
      },
      "women married by age 18": {
        "text": "11.8% (2018)"
      },
      "men married by age 18": {
        "text": "1.2% (2018)"
      }
    },
    "Education expenditure": {
      "Education expenditure (% GDP)": {
        "text": "2.9% of GDP (2023 est.)"
      },
      "Education expenditure (% national budget)": {
        "text": "10.1% national budget (2023 est.)"
      }
    },
    "Literacy": {
      "total population": {
        "text": "98.8% (2017 est.)"
      },
      "male": {
        "text": "98.6% (2017 est.)"
      },
      "female": {
        "text": "99% (2017 est.)"
      }
    },
    "School life expectancy (primary to tertiary education)": {
      "total": {
        "text": "14 years"
      },
      "male": {
        "text": "13 years"
      },
      "female": {
        "text": "15 years (2020)"
      }
    }
  },
  "Environment": {
    "Environment - current issues": {
      "text": "deforestation; soil erosion; water pollution from industrial and domestic effluents; air pollution from industrial and power plants; loss of biodiversity"
    },
    "Environment - international agreements": {
      "party to": {
        "text": "Air Pollution, Air Pollution-Nitrogen Oxides, Air Pollution-Sulphur 85, Biodiversity, Climate Change, Climate Change-Kyoto Protocol, Climate Change-Paris Agreement, Comprehensive Nuclear Test Ban, Desertification, Endangered Species, Hazardous Wastes, Law of the Sea, Ozone Layer Protection, Ship Pollution, Tropical Timber 2006, Wetlands"
      },
      "signed, but not ratified": {
        "text": "none of the selected agreements"
      }
    },
    "Climate": {
      "text": "mild temperate; cool, cloudy, wet winters; hot, clear, dry summers; interior is cooler and wetter"
    },
    "Land use": {
      "agricultural land": {
        "text": "41.4% (2022 est.)"
      },
      "agricultural land: arable land": {
        "text": "arable land: 21.8% (2022 est.)"
      },
      "agricultural land: permanent crops": {
        "text": "permanent crops: 3.2% (2022 est.)"
      },
      "agricultural land: permanent pasture": {
        "text": "permanent pasture: 16.4% (2022 est.)"
      },
      "forest": {
        "text": "28.8% (2022 est.)"
      },
      "other": {
        "text": "29.8% (2022 est.)"
      }
    },
    "Urbanization": {
      "urban population": {
        "text": "64.6% of total population (2023)"
      },
      "rate of urbanization": {
        "text": "1.29% annual rate of change (2020-25 est.)"
      }
    },
    "Air pollutants": {
      "particulate matter emissions": {
        "text": "16.28 micrograms per cubic meter (2019 est.)"
      },
      "carbon dioxide emissions": {
        "text": "4.54 megatons (2016 est.)"
      },
      "methane emissions": {
        "text": "2.55 megatons (2020 est.)"
      }
    },
    "Waste and recycling": {
      "municipal solid waste generated annually": {
        "text": "1,142,964 tons (2015 est.)"
      }
    },
    "Major lakes (area sq km)": {
      "fresh water lake(s)": {
        "text": "Lake Scutari (shared with Montenegro) - 400 sq km<br>note - largest lake in the Balkans"
      }
    },
    "Major watersheds (area sq km)": {
      "text": "Atlantic Ocean drainage: <em>(Black Sea)</em> Danube (795,656 sq km)"
    },
    "Total water withdrawal": {
      "municipal": {
        "text": "230 million cubic meters (2020 est.)"
      },
      "industrial": {
        "text": "20 million cubic meters (2020 est.)"
      },
      "agricultural": {
        "text": "550 million cubic meters (2020 est.)"
      }
    },
    "Total renewable water resources": {
      "text": "30.2 billion cubic meters (2020 est.)"
    }
  },
  "Government": {
    "Country name": {
      "conventional long form": {
        "text": "Republic of Albania"
      },
      "conventional short form": {
        "text": "Albania"
      },
      "local long form": {
        "text": "Republika e Shqiperise"
      },
      "local short form": {
        "text": "Shqiperia"
      },
      "former": {
        "text": "People's Socialist Republic of Albania"
      },
      "etymology": {
        "text": "name may be derived from the pre-Celtic word <em>alb</em>, meaning \"hill,\" or from the Indo-European root word <em>albh</em>, meaning \"white;\" the local name \"Shqiperia\" is derived from the Albanian word <em>shqiponje </em>(\"eagle\") and is popularly interpreted to mean \"Land of the Eagles\""
      }
    },
    "Government type": {
      "text": "parliamentary republic"
    },
    "Capital": {
      "name": {
        "text": "Tirana (Tirane)"
      },
      "geographic coordinates": {
        "text": "41 19 N, 19 49 E"
      },
      "time difference": {
        "text": "UTC+1 (6 hours ahead of Washington, DC, during Standard Time)"
      },
      "daylight saving time": {
        "text": "+1hr, begins last Sunday in March; ends last Sunday in October"
      },
      "etymology": {
        "text": "the name \"Tirana\" first appears in a 1418 Venetian document; the origin of the name is unclear"
      }
    },
    "Administrative divisions": {
      "text": "12 counties (<em>qarqe</em>, singular - <em>qark</em>); Berat, Diber, Durres, Elbasan, Fier, Gjirokaster, Korce, Kukes, Lezhe, Shkoder, Tirane (Tirana), Vlore"
    },
    "Legal system": {
      "text": "civil law system except in the northern rural areas where customary law known as the \"Code of Leke\" is still present"
    },
    "Constitution": {
      "history": {
        "text": "several previous; latest approved by the Assembly 21 October 1998, adopted by referendum 22 November 1998, promulgated 28 November 1998"
      },
      "amendment process": {
        "text": "proposed by at least one-fifth of the Assembly membership; passage requires at least a two-thirds majority vote by the Assembly; referendum required only if approved by two-thirds of the Assembly; amendments approved by referendum effective upon declaration by the president of the republic"
      }
    },
    "International law organization participation": {
      "text": "has not submitted an ICJ jurisdiction declaration; accepts ICCt jurisdiction"
    },
    "Citizenship": {
      "citizenship by birth": {
        "text": "no"
      },
      "citizenship by descent only": {
        "text": "at least one parent must be a citizen of Albania"
      },
      "dual citizenship recognized": {
        "text": "yes"
      },
      "residency requirement for naturalization": {
        "text": "5 years"
      }
    },
    "Suffrage": {
      "text": "18 years of age; universal"
    },
    "Executive branch": {
      "chief of state": {
        "text": "President Bajram BEGAJ (since 24 July 2022)"
      },
      "head of government": {
        "text": "Prime Minister Edi RAMA (since 10 September 2013)"
      },
      "cabinet": {
        "text": "Council of Ministers proposed by the prime minister, nominated by the president, and approved by the Assembly"
      },
      "elections/appointments": {
        "text": "president indirectly elected by the Assembly for a 5-year term (eligible for a second term); a candidate needs three-fifths majority vote of the Assembly in 1 of 3 rounds or a simple majority in 2 additional rounds to become president; prime minister appointed by the president on the proposal of the majority party or coalition of parties in the Assembly"
      },
      "most recent election date": {
        "text": "held in 4 rounds on 16, 23, and 30 May and 4 June 2022"
      },
      "election results": {
        "text": "<em><br>2022: </em>Bajram BEGAJ elected president in the fourth round; Assembly vote - 78-4, opposition parties boycotted<br><em><br>2017:</em> Ilir META elected president in the fourth round; Assembly vote - 87-2"
      },
      "expected date of next election": {
        "text": "2027"
      }
    },
    "Legislative branch": {
      "legislature name": {
        "text": "Albanian Parliament"
      },
      "legislative structure": {
        "text": "unicameral"
      },
      "chamber name": {
        "text": "Parliament (Kuvendi)"
      },
      "number of seats": {
        "text": "140 (all directly elected)"
      },
      "electoral system": {
        "text": "proportional representation"
      },
      "scope of elections": {
        "text": "full renewal"
      },
      "term in office": {
        "text": "4 years"
      },
      "most recent election date": {
        "text": "5/11/2025"
      },
      "percentage of women in chamber": {
        "text": "35.7%"
      },
      "expected date of next election": {
        "text": "May 2029"
      }
    },
    "Judicial branch": {
      "highest court(s)": {
        "text": "Supreme Court (consists of 19 judges, including the chief justice); Constitutional Court (consists of 9 judges, including the chairman)"
      },
      "judge selection and term of office": {
        "text": "Supreme Court judges appointed by the High Judicial Council with the consent of the president&nbsp;to serve single 9-year terms; Supreme Court chairman&nbsp;is elected for a single 3-year term by the court members; appointments of Constitutional Court judges are rotated among the president, Parliament, and Supreme Court from a list of pre-qualified candidates (each institution selects 3 judges), to serve single 9-year terms; candidates are pre-qualified by a randomly selected body of experienced judges and prosecutors; Constitutional Court chairman is elected by the court members for a single, renewable 3-year term"
      },
      "subordinate courts": {
        "text": "Courts of Appeal; Courts of First Instance; specialized courts: Court for Corruption and Organized Crime, Appeals Court for Corruption and Organized Crime (responsible for corruption, organized crime, and crimes of high officials)"
      }
    },
    "Political parties": {
      "text": "Alliance for Change (electoral coalition led by PD)<br>Democratic Party or PD <br>Party for Justice, Integration and Unity or PDIU (part of the Alliance for Change)<br>Social Democratic Party or PSD<br>Freedom Party of Albania or PL (formerly the Socialist Movement for Integration or LSI)<br>Socialist Party or PS "
    },
    "Diplomatic representation in the US": {
      "chief of mission": {
        "text": "Ambassador Ervin BUSHATI (since 15 September 2023)"
      },
      "chancery": {
        "text": "2100 S Street NW, Washington, DC 20008"
      },
      "telephone": {
        "text": "[1] (202) 223-4942"
      },
      "FAX": {
        "text": "[1] (202) 628-7342"
      },
      "email address and website": {
        "text": "<br>embassy.washington@mfa.gov.al<br><br>http://www.ambasadat.gov.al/usa/en"
      },
      "consulate(s) general": {
        "text": "New York"
      }
    },
    "Diplomatic representation from the US": {
      "chief of mission": {
        "text": "Ambassador (vacant); Charg&eacute; d&rsquo;Affaires Nancy VANHORN (since August 2024)"
      },
      "embassy": {
        "text": "Rruga Stavro Vinjau, No. 14, Tirana"
      },
      "mailing address": {
        "text": "9510 Tirana Place, Washington DC&nbsp; 20521-9510"
      },
      "telephone": {
        "text": "[355] 4 2247-285"
      },
      "FAX": {
        "text": "[355] 4 2232-222"
      },
      "email address and website": {
        "text": "<br>ACSTirana@state.gov<br><br>https://al.usembassy.gov/"
      }
    },
    "International organization participation": {
      "text": "BSEC, CD, CE, CEI, EAPC, EBRD, EITI (compliant country), FAO, IAEA, IBRD, ICAO, ICC (national committees), ICCt, ICRM, IDA, IDB, IFAD, IFC, IFRCS, ILO, IMF, IMO, Interpol, IOC, IOM, IPU, ISO (correspondent), ITU, ITUC (NGOs), MIGA, NATO, OAS (observer), OIC, OIF, OPCW, OSCE, PCA, SELEC, UN, UNCTAD, UNESCO, UNHRC, UNIDO, UNOOSA, UNWTO, UPU, WCO, WFTU (NGOs), WHO, WIPO, WMO, WTO",
      "note": "<strong>note</strong>: Albania is an EU candidate country whose satisfactory completion of accession criteria is required before being granted full EU membership"
    },
    "Independence": {
      "text": "28 November 1912 (from the Ottoman Empire)"
    },
    "National holiday": {
      "text": "Independence Day, 28 November (1912), also known as Flag Day"
    },
    "Flag description": {
      "text": "red with a black two-headed eagle in the center; the design is claimed to be that of 15th-century hero Georgi Kastrioti SKANDERBEG, who led a successful uprising against the Ottoman Turks that resulted in a short-lived independence for some Albanian regions (1443-78); an unsubstantiated explanation for the eagle symbol is the tradition that Albanians see themselves as descendants of the eagle; they refer to themselves as \"Shqiptare,\" which translates as \"sons of the eagle\""
    },
    "National symbol(s)": {
      "text": "black double-headed eagle"
    },
    "National color(s)": {
      "text": "red, black"
    },
    "National anthem": {
      "name": {
        "text": "\"Hymni i Flamurit\" (Hymn to the Flag)"
      },
      "lyrics/music": {
        "text": "Aleksander Stavre DRENOVA/Ciprian PORUMBESCU"
      },
      "note": "<strong>note:</strong> adopted 1912"
    },
    "National heritage": {
      "total World Heritage Sites": {
        "text": "4 (2 cultural, 1 natural, 1 mixed)"
      },
      "selected World Heritage Site locales": {
        "text": "Butrint (c); Historic Berat and Gjirokast&euml;r (c); Primeval Beech Forests (n); Lake Ohrid Region (m)"
      }
    }
  },
  "Economy": {
    "Economic overview": {
      "text": "<p>upper-middle-income Balkan economy; EU accession candidate; growth bolstered by tourism, agriculture, mining, construction, and private consumption; fiscal consolidation through revenue collection and tax compliance enhancements to address public debt; challenges include weak governance, corruption, and high emigration rates</p>"
    },
    "Real GDP (purchasing power parity)": {
      "Real GDP (purchasing power parity) 2023": {
        "text": "$50.098 billion (2023 est.)"
      },
      "Real GDP (purchasing power parity) 2022": {
        "text": "$48.201 billion (2022 est.)"
      },
      "Real GDP (purchasing power parity) 2021": {
        "text": "$45.981 billion (2021 est.)"
      },
      "note": "<b>note:</b> data in 2021 dollars"
    },
    "Real GDP growth rate": {
      "Real GDP growth rate 2023": {
        "text": "3.94% (2023 est.)"
      },
      "Real GDP growth rate 2022": {
        "text": "4.83% (2022 est.)"
      },
      "Real GDP growth rate 2021": {
        "text": "8.91% (2021 est.)"
      },
      "note": "<b>note:</b> annual GDP % growth based on constant local currency"
    },
    "Real GDP per capita": {
      "Real GDP per capita 2023": {
        "text": "$18,200 (2023 est.)"
      },
      "Real GDP per capita 2022": {
        "text": "$17,400 (2022 est.)"
      },
      "Real GDP per capita 2021": {
        "text": "$16,400 (2021 est.)"
      },
      "note": "<b>note:</b> data in 2021 dollars"
    },
    "GDP (official exchange rate)": {
      "text": "$23.547 billion (2023 est.)",
      "note": "<b>note:</b> data in current dollars at official exchange rate"
    },
    "Inflation rate (consumer prices)": {
      "Inflation rate (consumer prices) 2024": {
        "text": "2.2% (2024 est.)"
      },
      "Inflation rate (consumer prices) 2023": {
        "text": "4.8% (2023 est.)"
      },
      "Inflation rate (consumer prices) 2022": {
        "text": "6.7% (2022 est.)"
      },
      "note": "<b>note:</b> annual % change based on consumer prices"
    },
    "GDP - composition, by sector of origin": {
      "agriculture": {
        "text": "16.2% (2023 est.)"
      },
      "industry": {
        "text": "23% (2023 est.)"
      },
      "services": {
        "text": "48% (2023 est.)"
      },
      "note": "<b>note:</b> figures may not total 100% due to non-allocated consumption not captured in sector-reported data"
    },
    "GDP - composition, by end use": {
      "household consumption": {
        "text": "70.2% (2023 est.)"
      },
      "government consumption": {
        "text": "12% (2023 est.)"
      },
      "investment in fixed capital": {
        "text": "24% (2023 est.)"
      },
      "investment in inventories": {
        "text": "-1.1% (2023 est.)"
      },
      "exports of goods and services": {
        "text": "38.7% (2023 est.)"
      },
      "imports of goods and services": {
        "text": "-43.8% (2023 est.)"
      },
      "note": "<b>note:</b> figures may not total 100% due to rounding or gaps in data collection"
    },
    "Agricultural products": {
      "text": "milk, maize, tomatoes, watermelons, potatoes, wheat, grapes, onions, cucumbers/gherkins, olives (2023)",
      "note": "<b>note:</b> top ten agricultural products based on tonnage"
    },
    "Industries": {
      "text": "food; footwear, apparel and clothing; lumber, oil, cement, chemicals, mining, basic metals, hydropower"
    },
    "Industrial production growth rate": {
      "text": "3.08% (2023 est.)",
      "note": "<b>note:</b> annual % change in industrial value added based on constant local currency"
    },
    "Labor force": {
      "text": "1.375 million (2024 est.)",
      "note": "<b>note:</b> number of people ages 15 or older who are employed or seeking work"
    },
    "Unemployment rate": {
      "Unemployment rate 2024": {
        "text": "10.2% (2024 est.)"
      },
      "Unemployment rate 2023": {
        "text": "10.1% (2023 est.)"
      },
      "Unemployment rate 2022": {
        "text": "10.1% (2022 est.)"
      },
      "note": "<b>note:</b> % of labor force seeking employment"
    },
    "Youth unemployment rate (ages 15-24)": {
      "total": {
        "text": "25.1% (2024 est.)"
      },
      "male": {
        "text": "23.9% (2024 est.)"
      },
      "female": {
        "text": "26.9% (2024 est.)"
      },
      "note": "<b>note:</b> % of labor force ages 15-24 seeking employment"
    },
    "Population below poverty line": {
      "text": "22% (2020 est.)",
      "note": "<b>note:</b> % of population with income below national poverty line"
    },
    "Gini Index coefficient - distribution of family income": {
      "Gini Index coefficient - distribution of family income 2020": {
        "text": "29.4 (2020 est.)"
      },
      "note": "<b>note:</b> index (0-100) of income distribution; higher values represent greater inequality"
    },
    "Household income or consumption by percentage share": {
      "lowest 10%": {
        "text": "3.4% (2020 est.)"
      },
      "highest 10%": {
        "text": "22.8% (2020 est.)"
      },
      "note": "<b>note:</b> % share of income accruing to lowest and highest 10% of population"
    },
    "Remittances": {
      "Remittances 2023": {
        "text": "8.65% of GDP (2023 est.)"
      },
      "Remittances 2022": {
        "text": "9.18% of GDP (2022 est.)"
      },
      "Remittances 2021": {
        "text": "9.53% of GDP (2021 est.)"
      },
      "note": "<b>note:</b> personal transfers and compensation between resident and non-resident individuals/households/entities"
    },
    "Budget": {
      "revenues": {
        "text": "$5.319 billion (2021 est.)"
      },
      "expenditures": {
        "text": "$4.4 billion (2021 est.)"
      },
      "note": "<b>note:</b> central government revenues (excluding grants) and expenses converted to US dollars at average official exchange rate for year indicated"
    },
    "Public debt": {
      "Public debt 2021": {
        "text": "81.9% of GDP (2021 est.)"
      },
      "note": "<b>note:</b> central government debt as a % of GDP"
    },
    "Taxes and other revenues": {
      "text": "17.8% (of GDP) (2023 est.)",
      "note": "<b>note:</b> central government tax revenue as a % of GDP"
    },
    "Current account balance": {
      "Current account balance 2023": {
        "text": "-$281.7 million (2023 est.)"
      },
      "Current account balance 2022": {
        "text": "-$1.117 billion (2022 est.)"
      },
      "Current account balance 2021": {
        "text": "-$1.37 billion (2021 est.)"
      },
      "note": "<b>note:</b> balance of payments - net trade and primary/secondary income in current dollars"
    },
    "Exports": {
      "Exports 2023": {
        "text": "$9.099 billion (2023 est.)"
      },
      "Exports 2022": {
        "text": "$7.057 billion (2022 est.)"
      },
      "Exports 2021": {
        "text": "$5.612 billion (2021 est.)"
      },
      "note": "<b>note:</b> balance of payments - exports of goods and services in current dollars"
    },
    "Exports - partners": {
      "text": "Italy 41%, Greece 10%, Germany 5%, Spain 5%, Serbia 4% (2023)",
      "note": "<b>note:</b> top five export partners based on percentage share of exports"
    },
    "Exports - commodities": {
      "text": "garments, footwear, electricity, crude petroleum, iron alloys (2023)",
      "note": "<b>note:</b> top five export commodities based on value in dollars"
    },
    "Imports": {
      "Imports 2023": {
        "text": "$10.374 billion (2023 est.)"
      },
      "Imports 2022": {
        "text": "$9.016 billion (2022 est.)"
      },
      "Imports 2021": {
        "text": "$8.004 billion (2021 est.)"
      },
      "note": "<b>note:</b> balance of payments - imports of goods and services in current dollars"
    },
    "Imports - partners": {
      "text": "Italy 22%, China 11%, Turkey 9%, Germany 7%, Greece 6% (2023)",
      "note": "<b>note:</b> top five import partners based on percentage share of imports"
    },
    "Imports - commodities": {
      "text": "cars, refined petroleum, garments, packaged medicine, iron bars (2023)",
      "note": "<b>note:</b> top five import commodities based on value in dollars"
    },
    "Reserves of foreign exchange and gold": {
      "Reserves of foreign exchange and gold 2023": {
        "text": "$6.455 billion (2023 est.)"
      },
      "Reserves of foreign exchange and gold 2022": {
        "text": "$5.266 billion (2022 est.)"
      },
      "Reserves of foreign exchange and gold 2021": {
        "text": "$5.635 billion (2021 est.)"
      },
      "note": "<b>note:</b> holdings of gold (year-end prices)/foreign exchange/special drawing rights in current dollars"
    },
    "Debt - external": {
      "Debt - external 2023": {
        "text": "$5.363 billion (2023 est.)"
      },
      "note": "<b>note:</b> present value of external debt in current US dollars"
    },
    "Exchange rates": {
      "Currency": {
        "text": "leke (ALL) per US dollar -"
      },
      "Exchange rates 2024": {
        "text": "93.123 (2024 est.)"
      },
      "Exchange rates 2023": {
        "text": "100.645 (2023 est.)"
      },
      "Exchange rates 2022": {
        "text": "113.042 (2022 est.)"
      },
      "Exchange rates 2021": {
        "text": "103.52 (2021 est.)"
      },
      "Exchange rates 2020": {
        "text": "108.65 (2020 est.)"
      }
    }
  },
  "Energy": {
    "Electricity access": {
      "electrification - total population": {
        "text": "100% (2022 est.)"
      }
    },
    "Electricity": {
      "installed generating capacity": {
        "text": "2.857 million kW (2023 est.)"
      },
      "consumption": {
        "text": "7.49 billion kWh (2023 est.)"
      },
      "exports": {
        "text": "2.2 billion kWh (2023 est.)"
      },
      "imports": {
        "text": "1.922 billion kWh (2023 est.)"
      },
      "transmission/distribution losses": {
        "text": "1.238 billion kWh (2023 est.)"
      }
    },
    "Electricity generation sources": {
      "solar": {
        "text": "3.3% of total installed capacity (2023 est.)"
      },
      "hydroelectricity": {
        "text": "96.7% of total installed capacity (2023 est.)"
      }
    },
    "Coal": {
      "production": {
        "text": "473,000 metric tons (2023 est.)"
      },
      "consumption": {
        "text": "255,000 metric tons (2023 est.)"
      },
      "exports": {
        "text": "345,000 metric tons (2023 est.)"
      },
      "imports": {
        "text": "180,000 metric tons (2023 est.)"
      },
      "proven reserves": {
        "text": "522 million metric tons (2023 est.)"
      }
    },
    "Petroleum": {
      "total petroleum production": {
        "text": "14,000 bbl/day (2023 est.)"
      },
      "refined petroleum consumption": {
        "text": "21,000 bbl/day (2023 est.)"
      },
      "crude oil estimated reserves": {
        "text": "150 million barrels (2021 est.)"
      }
    },
    "Natural gas": {
      "production": {
        "text": "49.977 million cubic meters (2023 est.)"
      },
      "consumption": {
        "text": "49.977 million cubic meters (2023 est.)"
      },
      "proven reserves": {
        "text": "5.692 billion cubic meters (2021 est.)"
      }
    },
    "Carbon dioxide emissions": {
      "total emissions": {
        "text": "3.392 million metric tonnes of CO2 (2023 est.)"
      },
      "from coal and metallurgical coke": {
        "text": "566,000 metric tonnes of CO2 (2023 est.)"
      },
      "from petroleum and other liquids": {
        "text": "2.734 million metric tonnes of CO2 (2023 est.)"
      },
      "from consumed natural gas": {
        "text": "93,000 metric tonnes of CO2 (2023 est.)"
      }
    },
    "Energy consumption per capita": {
      "Total energy consumption per capita 2023": {
        "text": "27.407 million Btu/person (2023 est.)"
      }
    }
  },
  "Communications": {
    "Telephones - fixed lines": {
      "total subscriptions": {
        "text": "173,000 (2023 est.)"
      },
      "subscriptions per 100 inhabitants": {
        "text": "6 (2023 est.)"
      }
    },
    "Telephones - mobile cellular": {
      "total subscriptions": {
        "text": "2.61 million (2023 est.)"
      },
      "subscriptions per 100 inhabitants": {
        "text": "98 (2022 est.)"
      }
    },
    "Broadcast media": {
      "text": "over 65 TV stations, including several that broadcast nationally and are sometimes available to neighboring countries; many viewers have access to Italian and Greek TV via terrestrial reception; TV stations have begun a government-mandated conversion from analog to digital broadcast; cable TV service is available; 2 public radio networks and roughly 78 private radio stations; several international broadcasters are available (2024)"
    },
    "Internet country code": {
      "text": ".al"
    },
    "Internet users": {
      "percent of population": {
        "text": "83% (2023 est.)"
      }
    },
    "Broadband - fixed subscriptions": {
      "total": {
        "text": "632,000 (2023 est.)"
      },
      "subscriptions per 100 inhabitants": {
        "text": "22 (2023 est.)"
      }
    }
  },
  "Transportation": {
    "Civil aircraft registration country code prefix": {
      "text": "ZA"
    },
    "Airports": {
      "text": "3 (2025)"
    },
    "Heliports": {
      "text": "9 (2025)"
    },
    "Railways": {
      "total": {
        "text": "424 km (2017)"
      },
      "note": "2021-All the trains in the country suspended"
    },
    "Merchant marine": {
      "total": {
        "text": "69 (2023)"
      },
      "by type": {
        "text": "general cargo 46, oil tanker 1, other 22"
      }
    },
    "Ports": {
      "total ports": {
        "text": "3 (2024)"
      },
      "large": {
        "text": "0"
      },
      "medium": {
        "text": "0"
      },
      "small": {
        "text": "1"
      },
      "very small": {
        "text": "2"
      },
      "ports with oil terminals": {
        "text": "0"
      },
      "key ports": {
        "text": "Durres, Shengjin, Vlores"
      }
    }
  },
  "Military and Security": {
    "Military and security forces": {
      "text": "Republic of Albania Armed Forces (Forcat e Armatosura të Republikës së Shqipërisë (FARSH); aka Albanian Armed Forces (AAF)): Land Forces, Naval Force (includes Coast Guard), Air Forces<br><br>Ministry of Interior: Guard of the Republic, State Police (includes the Border and Migration Police) (2025)",
      "note": "<strong>note:</strong> the State Police are primarily responsible for internal security, including counterterrorism, while the Guard of the Republic protects senior state officials, foreign dignitaries, and certain state properties"
    },
    "Military expenditures": {
      "Military Expenditures 2024": {
        "text": "2% of GDP (2024 est.)"
      },
      "Military Expenditures 2023": {
        "text": "1.7% of GDP (2023)"
      },
      "Military Expenditures 2022": {
        "text": "1.2% of GDP (2022)"
      },
      "Military Expenditures 2021": {
        "text": "1.2% of GDP (2021)"
      },
      "Military Expenditures 2020": {
        "text": "1.3% of GDP (2020)"
      }
    },
    "Military and security service personnel strengths": {
      "text": "approximately 7,000 total active-duty Armed Forces (2024)"
    },
    "Military equipment inventories and acquisitions": {
      "text": "since joining NATO, the military has been in the process of modernizing by retiring its inventory of Soviet-era weapons and replacing them with Western equipment, including donated and secondhand deliveries (2024)"
    },
    "Military service age and obligation": {
      "text": "18-27 (up to 32 in some cases) for voluntary military service for men and women; conscription abolished 2010 (2024)",
      "note": "<strong>note: </strong>as of 2024, women comprised about 15% of the military's full-time personnel"
    },
    "Military - note": {
      "text": "the Albanian Armed Forces (AAF) are responsible for defending the country&rsquo;s independence, sovereignty, and territory, assisting with internal security, providing disaster and humanitarian relief, and participating in international peacekeeping missions; the AAF is a small, lightly armed force that has been undergoing a modernization effort to improve its ability to fulfill NATO missions; the AAF has contributed small numbers of forces to several NATO missions since Albania joined NATO in 2009, including peacekeeping/stability missions in Afghanistan, Kosovo, and Iraq, and multinational battlegroups in Bulgaria and Latvia; it has also contributed to EU and UN missions (2025)"
    }
  },
  "Terrorism": {
    "Terrorist group(s)": {
      "text": "Islamic Revolutionary Guard Corps/Qods Force; Islamic State of Iraq and ash-Sham (ISIS)",
      "note": "<strong>note: </strong>details about the history, aims, leadership, organization, areas of operation, tactics, targets, weapons, size, and sources of support of the group(s) appear(s) in the Terrorism reference guide"
    }
  },
  "Transnational Issues": {
    "Refugees and internally displaced persons": {
      "refugees (country of origin)": {
        "text": "47,247 (Ukraine) (as of 30 January 2024)"
      },
      "stateless persons": {
        "text": "1,948 (2022)"
      },
      "note": "<strong>note:</strong> 47,306 estimated refugee and migrant arrivals (January 2015-February 2024)"
    },
    "Illicit drugs": {
      "text": "<p>a source country for cannabis and an active transshipment point for Albanian narco-trafficking organizations moving illicit drugs into European markets</p>"
    }
  }
}