{
  "Introduction": {
    "Background": {
      "text": "After centuries of Danish, Swedish, German, and Russian rule, Estonia attained independence in 1918. Forcibly incorporated into the USSR in 1940 -- an action never recognized by the US and many other countries -- it regained its freedom in 1991 with the collapse of the Soviet Union. Since the last Russian troops left in 1994, Estonia has been free to promote economic and political ties with the West. It joined both NATO and the EU in 2004, formally joined the OECD in 2010, and adopted the euro as its official currency in 2011."
    }
  },
  "Geography": {
    "Location": {
      "text": "Eastern Europe, bordering the Baltic Sea and Gulf of Finland, between Latvia and Russia"
    },
    "Geographic coordinates": {
      "text": "59 00 N, 26 00 E"
    },
    "Map references": {
      "text": "Europe"
    },
    "Area": {
      "total ": {
        "text": "45,228 sq km"
      },
      "land": {
        "text": "42,388 sq km"
      },
      "water": {
        "text": "2,840 sq km"
      },
      "note": "<strong>note:</strong> includes 1,520 islands in the Baltic Sea"
    },
    "Area - comparative": {
      "text": "about twice the size of New Jersey"
    },
    "Land boundaries": {
      "total": {
        "text": "657 km"
      },
      "border countries": {
        "text": "Latvia 333 km; Russia 324 km"
      }
    },
    "Coastline": {
      "text": "3,794 km"
    },
    "Maritime claims": {
      "territorial sea": {
        "text": "12 nm"
      },
      "exclusive economic zone": {
        "text": "limits as agreed to by Estonia, Finland, Latvia, Sweden, and Russia"
      }
    },
    "Climate": {
      "text": "maritime; wet, moderate winters, cool summers"
    },
    "Terrain": {
      "text": "marshy, lowlands; flat in the north, hilly in the south"
    },
    "Elevation": {
      "highest point": {
        "text": "Suur Munamagi 318 m"
      },
      "lowest point": {
        "text": "Baltic Sea 0 m"
      },
      "mean elevation": {
        "text": "61 m"
      }
    },
    "Natural resources": {
      "text": "oil shale, peat, rare earth elements, phosphorite, clay, limestone, sand, dolomite, arable land, sea mud"
    },
    "Land use": {
      "agricultural land": {
        "text": "23.1% (2022 est.)"
      },
      "agricultural land: arable land": {
        "text": "arable land: 16.5% (2022 est.)"
      },
      "agricultural land: permanent crops": {
        "text": "permanent crops: 0.1% (2022 est.)"
      },
      "agricultural land: permanent pasture": {
        "text": "permanent pasture: 6.4% (2022 est.)"
      },
      "forest": {
        "text": "57.1% (2022 est.)"
      },
      "other": {
        "text": "19.9% (2022 est.)"
      }
    },
    "Irrigated land": {
      "text": "20 sq km (2016)"
    },
    "Major lakes (area sq km)": {
      "fresh water lake(s)": {
        "text": "Lake Peipus - 4,300 sq km (shared with Russia); Lake V&otilde;rtsj&auml;rv - 270 sq km"
      }
    },
    "Population distribution": {
      "text": "a fairly even distribution throughout most of the country, with urban areas attracting larger and denser populations"
    },
    "Natural hazards": {
      "text": "sometimes flooding occurs in the spring"
    },
    "Geography - note": {
      "text": "the mainland terrain is flat, boggy, and partly wooded; over 1,500 islands lie offshore"
    }
  },
  "People and Society": {
    "Population": {
      "total": {
        "text": "1,193,791 (2024 est.)"
      },
      "male": {
        "text": "563,079"
      },
      "female": {
        "text": "630,712"
      }
    },
    "Nationality": {
      "noun": {
        "text": "Estonian(s)"
      },
      "adjective": {
        "text": "Estonian"
      }
    },
    "Ethnic groups": {
      "text": "Estonian 69.1%, Russian 23.7%, Ukrainian 2.1%, other 4.6%, unspecified 0.5% (2021 est.)"
    },
    "Languages": {
      "text": "Estonian (official) 67.2%, Russian 28.5%, other 3.7%, unspecified 0.6% (2021est.)"
    },
    "Religions": {
      "text": "Orthodox 16.5%, Protestant 9.2% (Lutheran 7.7%, other Protestant 1.5%), other 3% (includes Roman Catholic, Muslim, Jehovah's Witness, Pentecostal, Buddhist, and Taara Believer), none 58.4%, unspecified 12.9% (2021 est.)"
    },
    "Age structure": {
      "0-14 years": {
        "text": "15.2% (male 92,980/female 88,753)"
      },
      "15-64 years": {
        "text": "62.2% (male 373,989/female 368,113)"
      },
      "65 years and over": {
        "text": "22.6% (2024 est.) (male 96,110/female 173,846)"
      }
    },
    "Dependency ratios": {
      "total dependency ratio": {
        "text": "57.6 (2024 est.)"
      },
      "youth dependency ratio": {
        "text": "25.4 (2024 est.)"
      },
      "elderly dependency ratio": {
        "text": "32.2 (2024 est.)"
      },
      "potential support ratio": {
        "text": "3.1 (2024 est.)"
      }
    },
    "Median age": {
      "total": {
        "text": "45 years (2024 est.)"
      },
      "male": {
        "text": "41.9 years"
      },
      "female": {
        "text": "48.2 years"
      }
    },
    "Population growth rate": {
      "text": "-0.76% (2024 est.)"
    },
    "Birth rate": {
      "text": "8.2 births/1,000 population (2024 est.)"
    },
    "Death rate": {
      "text": "13.2 deaths/1,000 population (2024 est.)"
    },
    "Net migration rate": {
      "text": "-2.7 migrant(s)/1,000 population (2024 est.)"
    },
    "Population distribution": {
      "text": "a fairly even distribution throughout most of the country, with urban areas attracting larger and denser populations"
    },
    "Urbanization": {
      "urban population": {
        "text": "69.8% of total population (2023)"
      },
      "rate of urbanization": {
        "text": "-0.03% annual rate of change (2020-25 est.)"
      }
    },
    "Major urban areas - population": {
      "text": "454,000 TALLINN (capital) (2023)"
    },
    "Sex ratio": {
      "at birth": {
        "text": "1.05 male(s)/female"
      },
      "0-14 years": {
        "text": "1.05 male(s)/female"
      },
      "15-64 years": {
        "text": "1.02 male(s)/female"
      },
      "65 years and over": {
        "text": "0.55 male(s)/female"
      },
      "total population": {
        "text": "0.89 male(s)/female (2024 est.)"
      }
    },
    "Mother's mean age at first birth": {
      "text": "28.2 years (2020 est.)"
    },
    "Maternal mortality ratio": {
      "text": "5 deaths/100,000 live births (2020 est.)"
    },
    "Infant mortality rate": {
      "total": {
        "text": "3.3 deaths/1,000 live births (2024 est.)"
      },
      "male": {
        "text": "3.2 deaths/1,000 live births"
      },
      "female": {
        "text": "3.4 deaths/1,000 live births"
      }
    },
    "Life expectancy at birth": {
      "total population": {
        "text": "78.4 years (2024 est.)"
      },
      "male": {
        "text": "73.8 years"
      },
      "female": {
        "text": "83.2 years"
      }
    },
    "Total fertility rate": {
      "text": "1.62 children born/woman (2024 est.)"
    },
    "Gross reproduction rate": {
      "text": "0.79 (2024 est.)"
    },
    "Contraceptive prevalence rate": {
      "text": "NA"
    },
    "Drinking water source": {
      "improved: urban": {
        "text": "urban: 100% of population"
      },
      "improved: rural": {
        "text": "rural: NA"
      },
      "improved: total": {
        "text": "total: 99.6% of population"
      },
      "unimproved: urban": {
        "text": "urban: 0% of population"
      },
      "unimproved: rural": {
        "text": "rural: NA"
      },
      "unimproved: total": {
        "text": "total: 0.4% of population (2020 est.)"
      }
    },
    "Health expenditure": {
      "Health expenditure (as % of GDP)": {
        "text": "6.9% of GDP (2022)"
      },
      "Health expenditure (as % of national budget)": {
        "text": "13.2% of national budget (2022 est.)"
      }
    },
    "Physician density": {
      "text": "3.47 physicians/1,000 population (2022)"
    },
    "Hospital bed density": {
      "text": "4.5 beds/1,000 population (2020 est.)"
    },
    "Sanitation facility access": {
      "improved: urban": {
        "text": "urban: 99.8% of population"
      },
      "improved: rural": {
        "text": "rural: 100% of population"
      },
      "improved: total": {
        "text": "total: 99.8% of population"
      },
      "unimproved: urban": {
        "text": "urban: 0.2% of population"
      },
      "unimproved: rural": {
        "text": "rural: 0% of population"
      },
      "unimproved: total": {
        "text": "total: 0.2% of population (2020 est.)"
      }
    },
    "Obesity - adult prevalence rate": {
      "text": "21.2% (2016)"
    },
    "Alcohol consumption per capita": {
      "total": {
        "text": "11.65 liters of pure alcohol (2019 est.)"
      },
      "beer": {
        "text": "4 liters of pure alcohol (2019 est.)"
      },
      "wine": {
        "text": "1.92 liters of pure alcohol (2019 est.)"
      },
      "spirits": {
        "text": "4.6 liters of pure alcohol (2019 est.)"
      },
      "other alcohols": {
        "text": "1.13 liters of pure alcohol (2019 est.)"
      }
    },
    "Tobacco use": {
      "total": {
        "text": "23.7% (2025 est.)"
      },
      "male": {
        "text": "29.9% (2025 est.)"
      },
      "female": {
        "text": "18.3% (2025 est.)"
      }
    },
    "Currently married women (ages 15-49)": {
      "text": "52.3% (2023 est.)"
    },
    "Education expenditure": {
      "Education expenditure (% GDP)": {
        "text": "5.7% of GDP (2022 est.)"
      },
      "Education expenditure (% national budget)": {
        "text": "14.6% national budget (2022 est.)"
      }
    },
    "Literacy": {
      "total population": {
        "text": "99.9%"
      },
      "male": {
        "text": "99.9%"
      },
      "female": {
        "text": "99.9% (2021)"
      }
    },
    "School life expectancy (primary to tertiary education)": {
      "total": {
        "text": "16 years"
      },
      "male": {
        "text": "15 years"
      },
      "female": {
        "text": "17 years (2020)"
      }
    }
  },
  "Environment": {
    "Environment - current issues": {
      "text": "air pollution from sulfur dioxide from oil-shale-burning power plants; coastal seawater pollution"
    },
    "Environment - international agreements": {
      "party to": {
        "text": "Air Pollution, Air Pollution-Heavy Metals, Air Pollution-Nitrogen Oxides, Air Pollution-Persistent Organic Pollutants, Air Pollution-Sulphur 85, Air Pollution-Volatile Organic Compounds, Antarctic Treaty, Biodiversity, Climate Change, Climate Change-Kyoto Protocol, Climate Change-Paris Agreement, Comprehensive Nuclear Test Ban, Desertification, Endangered Species, Environmental Modification, Hazardous Wastes, Law of the Sea, Marine Dumping-London Protocol, Ozone Layer Protection, Ship Pollution, Tropical Timber 2006, Wetlands, Whaling"
      },
      "signed, but not ratified": {
        "text": "none of the selected agreements"
      }
    },
    "Climate": {
      "text": "maritime; wet, moderate winters, cool summers"
    },
    "Land use": {
      "agricultural land": {
        "text": "23.1% (2022 est.)"
      },
      "agricultural land: arable land": {
        "text": "arable land: 16.5% (2022 est.)"
      },
      "agricultural land: permanent crops": {
        "text": "permanent crops: 0.1% (2022 est.)"
      },
      "agricultural land: permanent pasture": {
        "text": "permanent pasture: 6.4% (2022 est.)"
      },
      "forest": {
        "text": "57.1% (2022 est.)"
      },
      "other": {
        "text": "19.9% (2022 est.)"
      }
    },
    "Urbanization": {
      "urban population": {
        "text": "69.8% of total population (2023)"
      },
      "rate of urbanization": {
        "text": "-0.03% annual rate of change (2020-25 est.)"
      }
    },
    "Air pollutants": {
      "particulate matter emissions": {
        "text": "6.35 micrograms per cubic meter (2019 est.)"
      },
      "carbon dioxide emissions": {
        "text": "16.59 megatons (2016 est.)"
      },
      "methane emissions": {
        "text": "0.99 megatons (2020 est.)"
      }
    },
    "Waste and recycling": {
      "municipal solid waste generated annually": {
        "text": "473,000 tons (2015 est.)"
      },
      "municipal solid waste recycled annually": {
        "text": "117,020 tons (2015 est.)"
      },
      "percent of municipal solid waste recycled": {
        "text": "24.7% (2015 est.)"
      }
    },
    "Major lakes (area sq km)": {
      "fresh water lake(s)": {
        "text": "Lake Peipus - 4,300 sq km (shared with Russia); Lake V&otilde;rtsj&auml;rv - 270 sq km"
      }
    },
    "Total water withdrawal": {
      "municipal": {
        "text": "60 million cubic meters (2020 est.)"
      },
      "industrial": {
        "text": "790 million cubic meters (2020 est.)"
      },
      "agricultural": {
        "text": "4.5 million cubic meters (2017 est.)"
      }
    },
    "Total renewable water resources": {
      "text": "12.81 billion cubic meters (2020 est.)"
    }
  },
  "Government": {
    "Country name": {
      "conventional long form": {
        "text": "Republic of Estonia"
      },
      "conventional short form": {
        "text": "Estonia"
      },
      "local long form": {
        "text": "Eesti Vabariik"
      },
      "local short form": {
        "text": "Eesti"
      },
      "former": {
        "text": "Estonian Soviet Socialist Republic (while occupied by the USSR)"
      },
      "etymology": {
        "text": "derives from the name of the people who lived along the eastern Baltic Sea in the first centuries A.D., which came from the Baltic word <em>aueist</em>, meaning \"waterside dwellers\""
      }
    },
    "Government type": {
      "text": "parliamentary republic"
    },
    "Capital": {
      "name": {
        "text": "Tallinn"
      },
      "geographic coordinates": {
        "text": "59 26 N, 24 43 E"
      },
      "time difference": {
        "text": "UTC+2 (7 hours ahead of Washington, DC, during Standard Time)"
      },
      "daylight saving time": {
        "text": "+1hr, begins last Sunday in March; ends last Sunday in October"
      },
      "etymology": {
        "text": "the name derives from the Old Estonian term <em>tan-linn</em>, meaning \"Danish fort,\" a reference to Danish King VALDEMAR II founding the city in 1219"
      }
    },
    "Administrative divisions": {
      "text": "15 urban municipalities (<em>linnad</em>, singular - <em>linn</em>), 64 rural municipalities (<em>vallad</em>, singular - <em>vald</em>)<br><br><strong>urban municipalities:</strong> Haapsalu, Keila, Kohtla-Jarve, Loksa, Maardu, Narva, Narva-Joesuu, Paide, Parnu, Rakvere, Sillamae, Tallinn, Tartu, Viljandi, Voru<br><br><strong>rural municipalities:</strong> Alutaguse, Anija, Antsla, Elva, Haademeeste, Haljala, Harku, Hiiumaa, Jarva, Joelahtme, Jogeva, Johvi, Kadrina, Kambja, Kanepi, Kastre, Kehtna, Kihnu, Kiili, Kohila, Kose, Kuusalu, Laane-Harju, Laane-Nigula, Laaneranna, Luganuse, Luunja, Marjamaa, Muhu, Mulgi, Mustvee, Noo, Otepaa, Peipsiaare, Pohja-Parnumaa, Pohja-Sakala, Poltsamaa, Polva, Raasiku, Rae, Rakvere, Räpina, Rapla, Rouge, Ruhnu, Saarde, Saaremaa, Saku, Saue, Setomaa, Tapa, Tartu, Toila, Tori, Torva, Turi, Vaike-Maarja, Valga, Viimsi, Viljandi, Vinni, Viru-Nigula, Vormsi, Voru"
    },
    "Legal system": {
      "text": "civil law system"
    },
    "Constitution": {
      "history": {
        "text": "several previous; latest adopted 28 June 1992, entered into force 3 July 1992"
      },
      "amendment process": {
        "text": "proposed by at least one-fifth of Parliament members or by the president of the republic; passage requires three readings of the proposed amendment and a simple majority vote in two successive memberships of Parliament; passage of amendments to the \"General Provisions\" and \"Amendment of the Constitution\" chapters requires at least three-fifths majority vote by Parliament to conduct a referendum and majority vote in a referendum"
      }
    },
    "International law organization participation": {
      "text": "accepts compulsory ICJ jurisdiction with reservations; accepts ICCt jurisdiction"
    },
    "Citizenship": {
      "citizenship by birth": {
        "text": "no"
      },
      "citizenship by descent only": {
        "text": "at least one parent must be a citizen of Estonia"
      },
      "dual citizenship recognized": {
        "text": "no"
      },
      "residency requirement for naturalization": {
        "text": "5 years"
      }
    },
    "Suffrage": {
      "text": "18 years of age; universal; age 16 for local elections"
    },
    "Executive branch": {
      "chief of state": {
        "text": "President Alar KARIS (since 11 October 2021)"
      },
      "head of government": {
        "text": "Prime Minister Kristen MICHAL (since 23 July 2024)"
      },
      "cabinet": {
        "text": "Cabinet appointed by the prime minister, approved by Parliament"
      },
      "elections/appointments": {
        "text": "president indirectly elected by Parliament for a 5-year term (eligible for a second term); if a candidate does not secure two thirds of the votes after 3 rounds of balloting, then an electoral college consisting of Parliament members and local council members elects the president, choosing between the 2 candidates with the most votes; if a president is still not elected, the process begins again; prime minister nominated by the president and approved by Parliament"
      },
      "most recent election date": {
        "text": "30-31 August 2021"
      },
      "election results": {
        "text": "<em><br>2021:</em> Alar KARIS (independent) elected president; won second round of voting in parliament with 72 of 101 votes<br><br><em>2016:</em> Kersti KALJULAID elected president; won sixth round of voting in parliament with 81 of 98 votes (17 ballots blank); KALJULAID sworn in on 10 October 2016 - first female head of state of Estonia"
      },
      "expected date of next election": {
        "text": "2026"
      }
    },
    "Legislative branch": {
      "legislature name": {
        "text": "The Estonian Parliament (Riigikogu)"
      },
      "legislative structure": {
        "text": "unicameral"
      },
      "number of seats": {
        "text": "101 (all directly elected)"
      },
      "electoral system": {
        "text": "proportional representation"
      },
      "scope of elections": {
        "text": "full renewal"
      },
      "term in office": {
        "text": "4 years"
      },
      "most recent election date": {
        "text": "3/5/2023"
      },
      "parties elected and seats per party": {
        "text": "Reform Party (37); Conservative People's Party (EKRE) (17); Centre Party (16); Estonia 200 (Eesti 200) (14); Social Democratic Party (9); Pro Patria (Isamaa) (8)"
      },
      "percentage of women in chamber": {
        "text": "28.7%"
      },
      "expected date of next election": {
        "text": "March 2027"
      }
    },
    "Judicial branch": {
      "highest court(s)": {
        "text": "Supreme Court (consists of 19 justices, including the chief justice, and organized into civil, criminal, administrative, and constitutional review chambers)"
      },
      "judge selection and term of office": {
        "text": "the chief justice is proposed by the president of the republic and appointed by the Riigikogu; other justices proposed by the chief justice and appointed by the Riigikogu; justices appointed for life"
      },
      "subordinate courts": {
        "text": "circuit (appellate) courts; administrative, county, city, and specialized courts"
      }
    },
    "Political parties": {
      "text": "Conservative People's Party (Konservatiivne Rahvaerakond) or EKRE<br>Estonia 200 or E200<br>Estonia Centre Party of (Keskerakond) or KE<br>Estonian Free Party or VAP<br>Estonian Greens or EER<br>Estonian Nationalists and Conservatives or ERK <br>Estonian Reform Party (Reformierakond) or RE<br>Estonian United Left Party or EÜVP<br>Fatherland or I<br>Pro Patria (Isamaa)<br>The Right or PP<br>Social Democratic Party or SDE"
    },
    "Diplomatic representation in the US": {
      "chief of mission": {
        "text": "Ambassador Kristjan PRIKK (since 7 July 2021)"
      },
      "chancery": {
        "text": "2131 Massachusetts Ave, NW<br>Washington, DC, 20008"
      },
      "telephone": {
        "text": "[1] (202) 588-0101"
      },
      "FAX": {
        "text": "[1] (202) 588-0108"
      },
      "email address and website": {
        "text": "<br>Embassy.Washington@mfa.ee<br><br>https://washington.mfa.ee/"
      },
      "consulate(s) general": {
        "text": "New York, San Francisco"
      }
    },
    "Diplomatic representation from the US": {
      "chief of mission": {
        "text": "Ambassador&nbsp;(vacant); Charg&eacute; d&rsquo;Affaires Matthew E. WALL (since January 2025)"
      },
      "embassy": {
        "text": "Kentmanni 20, 15099 Tallinn"
      },
      "mailing address": {
        "text": "4530 Tallinn Place, Washington DC&nbsp; 20521-4530"
      },
      "telephone": {
        "text": "[372] 668-8100"
      },
      "FAX": {
        "text": "[372] 668-8265"
      },
      "email address and website": {
        "text": "<br>acstallinn@state.gov<br><br>https://ee.usembassy.gov/"
      }
    },
    "International organization participation": {
      "text": "Australia Group, BA, BIS, CBSS, CD, CE, EAPC, EBRD, ECB, EIB, EMU, ESA (cooperating state), EU, FAO, IAEA, IBRD, ICAO, ICC (national committees), ICCt, ICRM, IDA, IEA, IFAD, IFC, IFRCS, IHO, ILO, IMF, IMO, Interpol, IOC, IOM, IPU, ISO, ITSO, ITU, ITUC (NGOs), MIGA, NATO, NIB, NSG, OAS (observer), OECD, OIF (observer), OPCW, OSCE, PCA, Schengen Convention, UN, UNCTAD, UNESCO, UNHCR, UNTSO, UPU, Wassenaar Arrangement, WCO, WHO, WIPO, WMO, WTO"
    },
    "Independence": {
      "text": "24 February 1918 (from Soviet Russia); 20 August 1991 (declared from the Soviet Union); 6 September 1991 (recognized by the Soviet Union)"
    },
    "National holiday": {
      "text": "Independence Day, 24 February (1918); note - 24 February 1918 was the date Estonia declared its independence from Soviet Russia and established its statehood; 20 August 1991 was the date it declared its independence from the Soviet Union restoring its statehood"
    },
    "Flag description": {
      "text": "three equal horizontal bands of blue (top), black, and white; blue represents faith, loyalty, and devotion, and also the sky, sea, and lakes; black stands for the soil of the country, as well as the Estonian people's past suffering; white stands for striving towards enlightenment and virtue and also for birch bark, snow, and summer nights illuminated by the midnight sun"
    },
    "National symbol(s)": {
      "text": "barn swallow, cornflower"
    },
    "National color(s)": {
      "text": "blue, black, white"
    },
    "National anthem": {
      "name": {
        "text": "\"Mu isamaa, mu onn ja room\" (My Native Land, My Pride and Joy)"
      },
      "lyrics/music": {
        "text": "Johann Voldemar JANNSEN/Fredrik PACIUS"
      },
      "note": "<strong>note:</strong> adopted 1920, though banned between 1940 and 1990 under Soviet occupation; the anthem, used in Estonia since 1869, shares the same melody as Finland's but has different lyrics"
    },
    "National heritage": {
      "total World Heritage Sites": {
        "text": "2 (both cultural)"
      },
      "selected World Heritage Site locales": {
        "text": "Historic Center (Old Town) of Tallinn; Struve Geodetic Arc"
      }
    }
  },
  "Economy": {
    "Economic overview": {
      "text": "<p>high-income, service-based EU and eurozone economy; rebound in exports playing a role in economic recovery; rising food prices contributing to inflation; decrease in labor force participation and rising unemployment rate; recovery depends on boosting private investment and productivity rates</p> <p> </p>"
    },
    "Real GDP (purchasing power parity)": {
      "Real GDP (purchasing power parity) 2023": {
        "text": "$58.199 billion (2023 est.)"
      },
      "Real GDP (purchasing power parity) 2022": {
        "text": "$60.013 billion (2022 est.)"
      },
      "Real GDP (purchasing power parity) 2021": {
        "text": "$59.977 billion (2021 est.)"
      },
      "note": "<b>note:</b> data in 2021 dollars"
    },
    "Real GDP growth rate": {
      "Real GDP growth rate 2023": {
        "text": "-3.02% (2023 est.)"
      },
      "Real GDP growth rate 2022": {
        "text": "0.06% (2022 est.)"
      },
      "Real GDP growth rate 2021": {
        "text": "7.25% (2021 est.)"
      },
      "note": "<b>note:</b> annual GDP % growth based on constant local currency"
    },
    "Real GDP per capita": {
      "Real GDP per capita 2023": {
        "text": "$42,500 (2023 est.)"
      },
      "Real GDP per capita 2022": {
        "text": "$44,500 (2022 est.)"
      },
      "Real GDP per capita 2021": {
        "text": "$45,100 (2021 est.)"
      },
      "note": "<b>note:</b> data in 2021 dollars"
    },
    "GDP (official exchange rate)": {
      "text": "$41.291 billion (2023 est.)",
      "note": "<b>note:</b> data in current dollars at official exchange rate"
    },
    "Inflation rate (consumer prices)": {
      "Inflation rate (consumer prices) 2024": {
        "text": "3.5% (2024 est.)"
      },
      "Inflation rate (consumer prices) 2023": {
        "text": "9.2% (2023 est.)"
      },
      "Inflation rate (consumer prices) 2022": {
        "text": "19.4% (2022 est.)"
      },
      "note": "<b>note:</b> annual % change based on consumer prices"
    },
    "GDP - composition, by sector of origin": {
      "agriculture": {
        "text": "1.9% (2023 est.)"
      },
      "industry": {
        "text": "21.7% (2023 est.)"
      },
      "services": {
        "text": "64.5% (2023 est.)"
      },
      "note": "<b>note:</b> figures may not total 100% due to non-allocated consumption not captured in sector-reported data"
    },
    "GDP - composition, by end use": {
      "household consumption": {
        "text": "52.3% (2023 est.)"
      },
      "government consumption": {
        "text": "20.6% (2023 est.)"
      },
      "investment in fixed capital": {
        "text": "27.9% (2023 est.)"
      },
      "investment in inventories": {
        "text": "-0.2% (2023 est.)"
      },
      "exports of goods and services": {
        "text": "77.9% (2023 est.)"
      },
      "imports of goods and services": {
        "text": "-77% (2023 est.)"
      },
      "note": "<b>note:</b> figures may not total 100% due to rounding or gaps in data collection"
    },
    "Agricultural products": {
      "text": "milk, wheat, barley, rapeseed, peas, oats, potatoes, rye, pork, triticale (2023)",
      "note": "<b>note:</b> top ten agricultural products based on tonnage"
    },
    "Industries": {
      "text": "food, engineering, electronics, wood and wood products, textiles; information technology, telecommunications"
    },
    "Industrial production growth rate": {
      "text": "-10.02% (2023 est.)",
      "note": "<b>note:</b> annual % change in industrial value added based on constant local currency"
    },
    "Labor force": {
      "text": "747,800 (2024 est.)",
      "note": "<b>note:</b> number of people ages 15 or older who are employed or seeking work"
    },
    "Unemployment rate": {
      "Unemployment rate 2024": {
        "text": "7.8% (2024 est.)"
      },
      "Unemployment rate 2023": {
        "text": "6.4% (2023 est.)"
      },
      "Unemployment rate 2022": {
        "text": "5.6% (2022 est.)"
      },
      "note": "<b>note:</b> % of labor force seeking employment"
    },
    "Youth unemployment rate (ages 15-24)": {
      "total": {
        "text": "20.9% (2024 est.)"
      },
      "male": {
        "text": "21.9% (2024 est.)"
      },
      "female": {
        "text": "20% (2024 est.)"
      },
      "note": "<b>note:</b> % of labor force ages 15-24 seeking employment"
    },
    "Population below poverty line": {
      "text": "22.5% (2022 est.)",
      "note": "<b>note:</b> % of population with income below national poverty line"
    },
    "Gini Index coefficient - distribution of family income": {
      "Gini Index coefficient - distribution of family income 2021": {
        "text": "31.8 (2021 est.)"
      },
      "note": "<b>note:</b> index (0-100) of income distribution; higher values represent greater inequality"
    },
    "Average household expenditures": {
      "on food": {
        "text": "19.9% of household expenditures (2023 est.)"
      },
      "on alcohol and tobacco": {
        "text": "6.7% of household expenditures (2023 est.)"
      }
    },
    "Household income or consumption by percentage share": {
      "lowest 10%": {
        "text": "3.1% (2021 est.)"
      },
      "highest 10%": {
        "text": "24.3% (2021 est.)"
      },
      "note": "<b>note:</b> % share of income accruing to lowest and highest 10% of population"
    },
    "Remittances": {
      "Remittances 2023": {
        "text": "1.18% of GDP (2023 est.)"
      },
      "Remittances 2022": {
        "text": "1.22% of GDP (2022 est.)"
      },
      "Remittances 2021": {
        "text": "1.59% of GDP (2021 est.)"
      },
      "note": "<b>note:</b> personal transfers and compensation between resident and non-resident individuals/households/entities"
    },
    "Budget": {
      "revenues": {
        "text": "$13.907 billion (2022 est.)"
      },
      "expenditures": {
        "text": "$13.505 billion (2022 est.)"
      },
      "note": "<b>note:</b> central government revenues (excluding grants) and expenses converted to US dollars at average official exchange rate for year indicated"
    },
    "Public debt": {
      "Public debt 2023": {
        "text": "28.3% of GDP (2023 est.)"
      },
      "note": "<b>note:</b> central government debt as a % of GDP"
    },
    "Taxes and other revenues": {
      "text": "21.4% (of GDP) (2023 est.)",
      "note": "<b>note:</b> central government tax revenue as a % of GDP"
    },
    "Current account balance": {
      "Current account balance 2024": {
        "text": "-$489.659 million (2024 est.)"
      },
      "Current account balance 2023": {
        "text": "-$722.668 million (2023 est.)"
      },
      "Current account balance 2022": {
        "text": "-$1.496 billion (2022 est.)"
      },
      "note": "<b>note:</b> balance of payments - net trade and primary/secondary income in current dollars"
    },
    "Exports": {
      "Exports 2024": {
        "text": "$32.637 billion (2024 est.)"
      },
      "Exports 2023": {
        "text": "$32.147 billion (2023 est.)"
      },
      "Exports 2022": {
        "text": "$33.178 billion (2022 est.)"
      },
      "note": "<b>note:</b> balance of payments - exports of goods and services in current dollars"
    },
    "Exports - partners": {
      "text": "Finland 14%, Latvia 10%, Lithuania 9%, Sweden 7%, Russia 6% (2023)",
      "note": "<b>note:</b> top five export partners based on percentage share of exports"
    },
    "Exports - commodities": {
      "text": "cars, wood, broadcasting equipment, refined petroleum, prefabricated buildings (2023)",
      "note": "<b>note:</b> top five export commodities based on value in dollars"
    },
    "Imports": {
      "Imports 2024": {
        "text": "$32.375 billion (2024 est.)"
      },
      "Imports 2023": {
        "text": "$31.796 billion (2023 est.)"
      },
      "Imports 2022": {
        "text": "$33.655 billion (2022 est.)"
      },
      "note": "<b>note:</b> balance of payments - imports of goods and services in current dollars"
    },
    "Imports - partners": {
      "text": "Finland 11%, Germany 11%, China 10%, Lithuania 6%, Poland 6% (2023)",
      "note": "<b>note:</b> top five import partners based on percentage share of imports"
    },
    "Imports - commodities": {
      "text": "cars, refined petroleum, broadcasting equipment, natural gas, packaged medicine (2023)",
      "note": "<b>note:</b> top five import commodities based on value in dollars"
    },
    "Reserves of foreign exchange and gold": {
      "Reserves of foreign exchange and gold 2024": {
        "text": "$2.054 billion (2024 est.)"
      },
      "Reserves of foreign exchange and gold 2023": {
        "text": "$2.593 billion (2023 est.)"
      },
      "Reserves of foreign exchange and gold 2022": {
        "text": "$2.217 billion (2022 est.)"
      },
      "note": "<b>note:</b> holdings of gold (year-end prices)/foreign exchange/special drawing rights in current dollars"
    },
    "Exchange rates": {
      "Currency": {
        "text": "euros (EUR) per US dollar -"
      },
      "Exchange rates 2024": {
        "text": "0.924 (2024 est.)"
      },
      "Exchange rates 2023": {
        "text": "0.925 (2023 est.)"
      },
      "Exchange rates 2022": {
        "text": "0.95 (2022 est.)"
      },
      "Exchange rates 2021": {
        "text": "0.845 (2021 est.)"
      },
      "Exchange rates 2020": {
        "text": "0.876 (2020 est.)"
      }
    }
  },
  "Energy": {
    "Electricity access": {
      "electrification - total population": {
        "text": "100% (2022 est.)"
      }
    },
    "Electricity": {
      "installed generating capacity": {
        "text": "3.225 million kW (2023 est.)"
      },
      "consumption": {
        "text": "8.636 billion kWh (2023 est.)"
      },
      "exports": {
        "text": "4.355 billion kWh (2023 est.)"
      },
      "imports": {
        "text": "7.66 billion kWh (2023 est.)"
      },
      "transmission/distribution losses": {
        "text": "1.164 billion kWh (2023 est.)"
      }
    },
    "Electricity generation sources": {
      "fossil fuels": {
        "text": "52.2% of total installed capacity (2023 est.)"
      },
      "solar": {
        "text": "9.7% of total installed capacity (2023 est.)"
      },
      "wind": {
        "text": "10.5% of total installed capacity (2023 est.)"
      },
      "hydroelectricity": {
        "text": "0.4% of total installed capacity (2023 est.)"
      },
      "biomass and waste": {
        "text": "27.2% of total installed capacity (2023 est.)"
      }
    },
    "Coal": {
      "consumption": {
        "text": "800 metric tons (2023 est.)"
      },
      "exports": {
        "text": "7,000 metric tons (2023 est.)"
      },
      "imports": {
        "text": "800 metric tons (2023 est.)"
      }
    },
    "Petroleum": {
      "total petroleum production": {
        "text": "24,000 bbl/day (2023 est.)"
      },
      "refined petroleum consumption": {
        "text": "27,000 bbl/day (2024 est.)"
      }
    },
    "Natural gas": {
      "consumption": {
        "text": "334.748 million cubic meters (2023 est.)"
      },
      "exports": {
        "text": "675.708 million cubic meters (2023 est.)"
      },
      "imports": {
        "text": "1.01 billion cubic meters (2023 est.)"
      }
    },
    "Carbon dioxide emissions": {
      "total emissions": {
        "text": "4.607 million metric tonnes of CO2 (2023 est.)"
      },
      "from coal and metallurgical coke": {
        "text": "-19,814 metric tonnes of CO2 (2023 est.)"
      },
      "from petroleum and other liquids": {
        "text": "3.977 million metric tonnes of CO2 (2023 est.)"
      },
      "from consumed natural gas": {
        "text": "649,000 metric tonnes of CO2 (2023 est.)"
      }
    },
    "Energy consumption per capita": {
      "Total energy consumption per capita 2023": {
        "text": "73.679 million Btu/person (2023 est.)"
      }
    }
  },
  "Communications": {
    "Telephones - fixed lines": {
      "total subscriptions": {
        "text": "238,000 (2023 est.)"
      },
      "subscriptions per 100 inhabitants": {
        "text": "17 (2023 est.)"
      }
    },
    "Telephones - mobile cellular": {
      "total subscriptions": {
        "text": "2.05 million (2023 est.)"
      },
      "subscriptions per 100 inhabitants": {
        "text": "155 (2022 est.)"
      }
    },
    "Broadcast media": {
      "text": "the publicly owned broadcaster, Eesti Rahvusringhaaling (ERR), operates 3 TV channels and 5 radio networks; growing number of private commercial radio stations broadcasting nationally, regionally, and locally; fully transitioned to digital television in 2010; national private TV channels expanding service, with a range of channels aimed at Russian-speaking viewers; in 2016, there were 42 on-demand services available in Estonia, including 19 pay TVOD and SVOD services; roughly 85% of households accessed digital television services"
    },
    "Internet country code": {
      "text": ".ee"
    },
    "Internet users": {
      "percent of population": {
        "text": "93% (2023 est.)"
      }
    },
    "Broadband - fixed subscriptions": {
      "total": {
        "text": "516,000 (2023 est.)"
      },
      "subscriptions per 100 inhabitants": {
        "text": "38 (2023 est.)"
      }
    }
  },
  "Transportation": {
    "Civil aircraft registration country code prefix": {
      "text": "ES"
    },
    "Airports": {
      "text": "34 (2025)"
    },
    "Heliports": {
      "text": "10 (2025)"
    },
    "Railways": {
      "total": {
        "text": "1,441 km (2020) 225 km electrified"
      }
    },
    "Merchant marine": {
      "total": {
        "text": "72 (2023)"
      },
      "by type": {
        "text": "general cargo 3, oil tanker 3, other 66"
      }
    },
    "Ports": {
      "total ports": {
        "text": "20 (2024)"
      },
      "large": {
        "text": "4"
      },
      "medium": {
        "text": "1"
      },
      "small": {
        "text": "4"
      },
      "very small": {
        "text": "11"
      },
      "ports with oil terminals": {
        "text": "5"
      },
      "key ports": {
        "text": "Muuga - Port of Tallin, Paldiski Lounasadam, Paljassaare, Sillamae, Vanasadam - Port of Tallinn"
      }
    }
  },
  "Military and Security": {
    "Military and security forces": {
      "text": "Estonian Defense Forces: Land Forces, Navy, Air Force; Estonian Defense League <br><br>Ministry of Interior: Police and Border Guard Board, Internal Security Service (2025)",
      "note": "<strong>note:</strong> the Estonian Defense League is a voluntary national defense organization that operates under the Estonian Ministry of Defense"
    },
    "Military expenditures": {
      "Military Expenditures 2024": {
        "text": "3.4% of GDP (2024 est.)"
      },
      "Military Expenditures 2023": {
        "text": "2.9% of GDP (2023)"
      },
      "Military Expenditures 2022": {
        "text": "2.2% of GDP (2022)"
      },
      "Military Expenditures 2021": {
        "text": "2% of GDP (2021)"
      },
      "Military Expenditures 2020": {
        "text": "2.3% of GDP (2020)"
      }
    },
    "Military and security service personnel strengths": {
      "text": "approximately 7,500 active-duty Defense Forces; approximately 15,000 Defense League (2024)",
      "note": "<strong>note: </strong>the Estonian Defense Forces rely largely on reservists who have completed compulsory conscription in the previous 10 years to fill out its active duty and Territorial Defense units during a crisis; there are more than 40,000 trained reservists, and approximately 230,000 Estonians are enrolled in the mobilization registry"
    },
    "Military equipment inventories and acquisitions": {
      "text": "the Estonian military has a mix of weapons and equipment from western European suppliers, as well as Israel, South Korea, Turkey, and the US&nbsp; (2024)"
    },
    "Military service age and obligation": {
      "text": "18-27 for compulsory military or governmental service for men; conscript service requirement 8-11 months depending on education; non-commissioned officers, reserve officers, and specialists serve 11 months; women can volunteer, and as of 2018 could serve in any military branch (2025)",
      "note": "<strong>note 1:</strong> conscripts comprise approximately 3,000-3,300 of the Estonian military's active-duty personnel and serve in all branches, except for the Air Force; after conscript service, reservists are called up for training every 5 years; Estonia has had conscription since 1991<br><br><strong>note 2:</strong> in 2021, women comprised about 10% of the full-time professional military force; the Defense League includes a Women's Voluntary Defense Organization"
    },
    "Military - note": {
      "text": "Estonia’s defense policy aims to guarantee the country’s independence and sovereignty, protect its territorial integrity, including waters and airspace, and preserve constitutional order; Estonia’s main defense goals are developing and maintaining a credible deterrent to outside aggression and ensuring the Estonian Defense Forces (EDF) can fulfill their commitments to NATO and interoperate with the armed forces of NATO and EU member states; the EDF’s primary external focus is Russia; since Russia’s full-scale invasion of Ukraine in 2022, Estonia has boosted defense spending, sent arms to Ukraine, and sought to boost the EDF’s capabilities in such areas as air defense, artillery, personnel readiness, and surveillance<br><br>Estonia has been a member of NATO since 2004, is fully integrated within the NATO structure, and relies on its NATO partners for defense; since 2017, Estonia has hosted a UK-led multinational NATO ground force battlegroup as part of the Alliance’s Enhanced Forward Presence initiative; as the EDF Air Force does not have any combat aircraft, NATO has provided airspace protection for Estonia since 2004 through its Baltic Air Policing mission; NATO member countries that possess air combat capabilities voluntarily contribute to the mission on four-month rotations; NATO fighter aircraft have been hosted at Estonia’s Ämari Air Base since 2014; Estonia also hosts a NATO cyber security center; it cooperates closely with the EU on defense issues through the EU Common Security and Defense Policy and is a member of the UK-led Joint Expeditionary Force, a pool of high-readiness military forces from 10 Baltic and Scandinavian countries designed to respond to a wide range of contingencies in the North Atlantic, Baltic Sea, and High North regions; Estonia also has close defense ties with its Baltic neighbors and has bilateral military agreements with a number of European countries, as well as Canada and the US (2025)"
    }
  },
  "Transnational Issues": {
    "Refugees and internally displaced persons": {
      "refugees (country of origin)": {
        "text": "38,020 (Ukraine) (as of 2 March 2024)"
      },
      "stateless persons": {
        "text": "70,604 (2022); note - following independence in 1991, automatic citizenship was restricted to those who were Estonian citizens prior to the 1940 Soviet occupation and their descendants; thousands of ethnic Russians remained stateless when forced to choose between passing Estonian language and citizenship tests or applying for Russian citizenship; one reason for demurring on Estonian citizenship was to retain the right of visa-free travel to Russia; stateless residents can vote in local elections but not general elections; stateless parents who have been lawful residents of Estonia for at least five years can apply for citizenship for their children before they turn 15 years old"
      }
    },
    "Illicit drugs": {
      "text": "producer of synthetic drugs; important transshipment zone for cannabis, cocaine, opiates, and synthetic drugs since joining the European Union and the Schengen Accord; potential money laundering related to organized crime and drug trafficking is a concern, as is possible use of the gambling sector to launder funds; major use of opiates and ecstasy"
    }
  }
}