{
  "Introduction": {
    "Background": {
      "text": "Israel has become a regional economic and military powerhouse, leveraging its prosperous high-tech sector, large defense industry, and concerns about Iran to foster partnerships around the world. The State of Israel was established in 1948. The UN General Assembly proposed in 1947 partitioning the British Mandate for Palestine into an Arab and Jewish state. The Jews accepted the proposal, but the local Arabs and the Arab states rejected the UN plan and launched a war. The Arabs were subsequently defeated in the 1947-1949 war that followed the UN proposal and the British withdrawal. Israel joined the UN in 1949 and saw rapid population growth, primarily due to Jewish refugee migration from Europe and the Middle East. Israel and its Arab neighbors fought wars in 1956, 1967, and 1973, and Israel signed peace treaties with Egypt in 1979 and Jordan in 1994. Israel took control of the West Bank, the eastern part of Jerusalem, the Gaza Strip, the Sinai Peninsula, and the Golan Heights in the course of the 1967 war. It ceded the Sinai back to Egypt in the 1979-1982 period but has continued to administer the other territories through military authorities. Israel and Palestinian officials signed interim agreements in the 1990s that created a period of Palestinian self-rule in parts of the West Bank and Gaza. Israel withdrew from Gaza in 2005. The most recent formal efforts between Israel and the Palestinian Authority to negotiate final status issues occurred in 2013 and 2014, and the US continues its efforts to advance peace. Israel signed the US-brokered normalization agreements (the Abraham Accords) with Bahrain, the UAE, and Morocco in 2020 and reached an agreement with Sudan in 2021. Immigration to Israel continues, with more than 44,000 estimated new immigrants, mostly Jewish, in the first 11 months of 2023.<br><br>Former Prime Minister Benjamin NETANYAHU returned to office in 2022, continuing his dominance of Israel's political landscape at the head of Israel's most rightwing and religious government. NETANYAHU previously served as premier from 1996 to 1999 and from 2009 to 2021, becoming Israel's longest serving prime minister.<br><br>On 7 October 2023, HAMAS militants launched a combined unguided rocket and ground terrorist attack from Gaza into southern Israel. The same day Israel’s Air Force launched air strikes inside Gaza and initiated a sustained air campaign against HAMAS targets across the Gaza Strip. The following day, NETANYAHU formally declared war on HAMAS, and on 28 October, the Israel Defense Forces launched a large-scale ground assault inside Gaza.<br><br>The Israeli economy has undergone a dramatic transformation in the last 30 years, led by cutting-edge high-tech sectors. Offshore gas discoveries in the Mediterranean place Israel at the center of a potential regional natural gas market. In 2022, a US-brokered agreement between Israel and Lebanon established their maritime boundary, allowing Israel to begin production on additional gas fields in the Mediterranean. However, Israel's economic development has been uneven. Structural issues such as low labor-force participation among religious and minority populations, low workforce productivity, high costs for housing and consumer staples, and high income inequality concern both economists and the general population. The current war with Hamas disrupted Israel’s solid economic fundamentals, but it is not likely to have long-term structural implications for the economy. <br>"
    }
  },
  "Geography": {
    "Location": {
      "text": "Middle East, bordering the Mediterranean Sea, between Egypt and Lebanon"
    },
    "Geographic coordinates": {
      "text": "31 30 N, 34 45 E"
    },
    "Map references": {
      "text": "Middle East"
    },
    "Area": {
      "total ": {
        "text": "21,937 sq km"
      },
      "land": {
        "text": "21,497 sq km"
      },
      "water": {
        "text": "440 sq km"
      }
    },
    "Area - comparative": {
      "text": "slightly larger than New Jersey"
    },
    "Land boundaries": {
      "total": {
        "text": "1,068 km"
      },
      "border countries": {
        "text": "Egypt 208 km; Gaza Strip 59 km; Jordan 327 km (20 km are within the Dead Sea); Lebanon 81 km; Syria 83 km; West Bank 330 km"
      }
    },
    "Coastline": {
      "text": "273 km"
    },
    "Maritime claims": {
      "territorial sea": {
        "text": "12 nm"
      },
      "continental shelf": {
        "text": "to depth of exploitation"
      }
    },
    "Climate": {
      "text": "temperate; hot and dry in southern and eastern desert areas"
    },
    "Terrain": {
      "text": "Negev desert in the south; low coastal plain; central mountains; Jordan Rift Valley"
    },
    "Elevation": {
      "highest point": {
        "text": "Mitspe Shlagim 2,224 m; note - this is the highest named point, the actual highest point is an unnamed dome slightly to the west of Mitspe Shlagim at 2,236 m; both points are on the northeastern border of Israel, along the southern end of the Anti-Lebanon mountain range"
      },
      "lowest point": {
        "text": "Dead Sea -431 m"
      },
      "mean elevation": {
        "text": "508 m"
      }
    },
    "Natural resources": {
      "text": "timber, potash, copper ore, natural gas, phosphate rock, magnesium bromide, clays, sand"
    },
    "Land use": {
      "agricultural land": {
        "text": "29.5% (2022 est.)"
      },
      "agricultural land: arable land": {
        "text": "arable land: 17.2% (2022 est.)"
      },
      "agricultural land: permanent crops": {
        "text": "permanent crops: 4.7% (2022 est.)"
      },
      "agricultural land: permanent pasture": {
        "text": "permanent pasture: 7.6% (2022 est.)"
      },
      "forest": {
        "text": "6.5% (2022 est.)"
      },
      "other": {
        "text": "64% (2022 est.)"
      }
    },
    "Irrigated land": {
      "text": "1,927 sq km (2022)"
    },
    "Major lakes (area sq km)": {
      "salt water lake(s)": {
        "text": "Dead Sea (shared with Jordan and West Bank) - 1,020 sq km<br>note - endorheic hypersaline lake; 9.6 times saltier than the ocean; lake shore is 431 meters below sea level"
      }
    },
    "Population distribution": {
      "text": "population concentrated in and around Tel-Aviv, as well as around the Sea of Galilee; the south remains sparsely populated, with the exception of the shore of the Gulf of Aqaba"
    },
    "Natural hazards": {
      "text": "sandstorms may occur during spring and summer; droughts; periodic earthquakes"
    },
    "Geography - note": {
      "text": "<strong>note 1:</strong> Lake Tiberias (Sea of Galilee) is an important freshwater source; the Dead Sea is the second saltiest body of water in the world (after Lake Assal in Djibouti)<br><br><strong>note 2: </strong>the Malham Cave in Mount Sodom is the world's longest salt cave at 10 km (6 mi); Mount Sodom is a hill about 220 m (722 ft) high that is 80% salt, with multiple salt layers covered by a veneer of rock"
    }
  },
  "People and Society": {
    "Population": {
      "total": {
        "text": "9,402,617 (2024 est.)"
      },
      "male": {
        "text": "4,731,275"
      },
      "female": {
        "text": "4,671,342"
      },
      "note": "<strong>note:</strong> approximately 236,600 Israeli settlers live in East Jerusalem (2021); following the March 2019 US recognition of the Golan Heights as being part of Israel, <em>The World Factbook</em> no longer includes Israeli settler population of the Golan Heights (estimated at 23,400 in 2019) in its overall Israeli settler total"
    },
    "Nationality": {
      "noun": {
        "text": "Israeli(s)"
      },
      "adjective": {
        "text": "Israeli"
      }
    },
    "Ethnic groups": {
      "text": "Jewish 73.5% (of which Israel-born 79.7%, Europe/America/Oceania-born 14.3%, Africa-born 3.9%, Asia-born 2.1%), Arab 21.1%, other 5.4% (2022 est.)"
    },
    "Languages": {
      "Languages": {
        "text": "Hebrew (official), Arabic (special status under Israeli law), English (most commonly used foreign language)"
      },
      "major-language sample(s)": {
        "text": "<br>ספר עובדות העולם, המקור החיוני למידע בסיסי (Hebrew)<br><br>The World Factbook, the indispensable source for basic information."
      }
    },
    "Religions": {
      "text": "Jewish 73.5%, Muslim 18.1%, Christian 1.9%, Druze 1.6%, other 4.9% (2022 est.)"
    },
    "Age structure": {
      "0-14 years": {
        "text": "27.5% (male 1,320,629/female 1,260,977)"
      },
      "15-64 years": {
        "text": "60.3% (male 2,885,485/female 2,781,777)"
      },
      "65 years and over": {
        "text": "12.3% (2024 est.) (male 525,161/female 628,588)"
      }
    },
    "Dependency ratios": {
      "total dependency ratio": {
        "text": "65.9 (2024 est.)"
      },
      "youth dependency ratio": {
        "text": "45.6 (2024 est.)"
      },
      "elderly dependency ratio": {
        "text": "20.4 (2024 est.)"
      },
      "potential support ratio": {
        "text": "4.9 (2024 est.)"
      }
    },
    "Median age": {
      "total": {
        "text": "30.1 years (2024 est.)"
      },
      "male": {
        "text": "29.6 years"
      },
      "female": {
        "text": "30.7 years"
      }
    },
    "Population growth rate": {
      "text": "1.58% (2024 est.)"
    },
    "Birth rate": {
      "text": "19.1 births/1,000 population (2024 est.)"
    },
    "Death rate": {
      "text": "5.2 deaths/1,000 population (2024 est.)"
    },
    "Net migration rate": {
      "text": "1.9 migrant(s)/1,000 population (2024 est.)"
    },
    "Population distribution": {
      "text": "population concentrated in and around Tel-Aviv, as well as around the Sea of Galilee; the south remains sparsely populated, with the exception of the shore of the Gulf of Aqaba"
    },
    "Urbanization": {
      "urban population": {
        "text": "92.9% of total population (2023)"
      },
      "rate of urbanization": {
        "text": "1.51% annual rate of change (2020-25 est.)"
      }
    },
    "Major urban areas - population": {
      "text": "4.421 million Tel Aviv-Yafo, 1.174 million Haifa, 970,000 JERUSALEM (capital) (2023)"
    },
    "Sex ratio": {
      "at birth": {
        "text": "1.05 male(s)/female"
      },
      "0-14 years": {
        "text": "1.05 male(s)/female"
      },
      "15-64 years": {
        "text": "1.04 male(s)/female"
      },
      "65 years and over": {
        "text": "0.84 male(s)/female"
      },
      "total population": {
        "text": "1.01 male(s)/female (2024 est.)"
      }
    },
    "Mother's mean age at first birth": {
      "text": "27.7 years (2019 est.)"
    },
    "Maternal mortality ratio": {
      "text": "3 deaths/100,000 live births (2020 est.)"
    },
    "Infant mortality rate": {
      "total": {
        "text": "2.8 deaths/1,000 live births (2024 est.)"
      },
      "male": {
        "text": "3.3 deaths/1,000 live births"
      },
      "female": {
        "text": "2.3 deaths/1,000 live births"
      }
    },
    "Life expectancy at birth": {
      "total population": {
        "text": "83.1 years (2024 est.)"
      },
      "male": {
        "text": "81.1 years"
      },
      "female": {
        "text": "85.1 years"
      }
    },
    "Total fertility rate": {
      "text": "2.92 children born/woman (2024 est.)"
    },
    "Gross reproduction rate": {
      "text": "1.42 (2024 est.)"
    },
    "Contraceptive prevalence rate": {
      "text": "NA"
    },
    "Drinking water source": {
      "improved: urban": {
        "text": "urban: 100% of population"
      },
      "improved: rural": {
        "text": "rural: 100% of population"
      },
      "improved: total": {
        "text": "total: 100% of population"
      },
      "unimproved: urban": {
        "text": "urban: 0% of population"
      },
      "unimproved: rural": {
        "text": "rural: 0% of population"
      },
      "unimproved: total": {
        "text": "total: 0% of population (2020 est.)"
      }
    },
    "Health expenditure": {
      "Health expenditure (as % of GDP)": {
        "text": "7.9% of GDP (2021)"
      },
      "Health expenditure (as % of national budget)": {
        "text": "13% of national budget (2022 est.)"
      }
    },
    "Physician density": {
      "text": "3.8 physicians/1,000 population (2023)"
    },
    "Hospital bed density": {
      "text": "3.1 beds/1,000 population (2021 est.)"
    },
    "Sanitation facility access": {
      "improved: urban": {
        "text": "urban: 100% of population"
      },
      "improved: rural": {
        "text": "rural: 99.3% of population"
      },
      "improved: total": {
        "text": "total: 99.9% of population"
      },
      "unimproved: urban": {
        "text": "urban: 0% of population"
      },
      "unimproved: rural": {
        "text": "rural: 0.7% of population"
      },
      "unimproved: total": {
        "text": "total: 0.1% of population (2020 est.)"
      }
    },
    "Obesity - adult prevalence rate": {
      "text": "26.1% (2016)"
    },
    "Alcohol consumption per capita": {
      "total": {
        "text": "3.07 liters of pure alcohol (2019 est.)"
      },
      "beer": {
        "text": "1.78 liters of pure alcohol (2019 est.)"
      },
      "wine": {
        "text": "0.08 liters of pure alcohol (2019 est.)"
      },
      "spirits": {
        "text": "1.16 liters of pure alcohol (2019 est.)"
      },
      "other alcohols": {
        "text": "0.04 liters of pure alcohol (2019 est.)"
      }
    },
    "Tobacco use": {
      "total": {
        "text": "18.6% (2025 est.)"
      },
      "male": {
        "text": "24.9% (2025 est.)"
      },
      "female": {
        "text": "12.4% (2025 est.)"
      }
    },
    "Currently married women (ages 15-49)": {
      "text": "51.7% (2023 est.)"
    },
    "Education expenditure": {
      "Education expenditure (% GDP)": {
        "text": "6.5% of GDP (2022 est.)"
      },
      "Education expenditure (% national budget)": {
        "text": "17.5% national budget (2022 est.)"
      }
    },
    "Literacy": {
      "total population": {
        "text": "97.8%"
      },
      "male": {
        "text": "98.7%"
      },
      "female": {
        "text": "96.8% (2011)"
      }
    },
    "School life expectancy (primary to tertiary education)": {
      "total": {
        "text": "16 years"
      },
      "male": {
        "text": "15 years"
      },
      "female": {
        "text": "17 years (2020)"
      }
    }
  },
  "Environment": {
    "Environment - current issues": {
      "text": "limited arable land and restricted natural freshwater resources; desertification; air pollution from industrial and vehicle emissions; groundwater pollution from industrial and domestic waste, chemical fertilizers, and pesticides"
    },
    "Environment - international agreements": {
      "party to": {
        "text": "Biodiversity, Climate Change, Climate Change-Kyoto Protocol, Climate Change-Paris Agreement, Desertification, Endangered Species, Hazardous Wastes, Nuclear Test Ban, Ozone Layer Protection, Ship Pollution, Wetlands, Whaling"
      },
      "signed, but not ratified": {
        "text": "Comprehensive Nuclear Test Ban, Marine Life Conservation"
      }
    },
    "Climate": {
      "text": "temperate; hot and dry in southern and eastern desert areas"
    },
    "Land use": {
      "agricultural land": {
        "text": "29.5% (2022 est.)"
      },
      "agricultural land: arable land": {
        "text": "arable land: 17.2% (2022 est.)"
      },
      "agricultural land: permanent crops": {
        "text": "permanent crops: 4.7% (2022 est.)"
      },
      "agricultural land: permanent pasture": {
        "text": "permanent pasture: 7.6% (2022 est.)"
      },
      "forest": {
        "text": "6.5% (2022 est.)"
      },
      "other": {
        "text": "64% (2022 est.)"
      }
    },
    "Urbanization": {
      "urban population": {
        "text": "92.9% of total population (2023)"
      },
      "rate of urbanization": {
        "text": "1.51% annual rate of change (2020-25 est.)"
      }
    },
    "Air pollutants": {
      "particulate matter emissions": {
        "text": "19.47 micrograms per cubic meter (2019 est.)"
      },
      "carbon dioxide emissions": {
        "text": "65.17 megatons (2016 est.)"
      },
      "methane emissions": {
        "text": "13.02 megatons (2020 est.)"
      }
    },
    "Waste and recycling": {
      "municipal solid waste generated annually": {
        "text": "5.4 million tons (2015 est.)"
      },
      "municipal solid waste recycled annually": {
        "text": "1.35 million tons (2017 est.)"
      },
      "percent of municipal solid waste recycled": {
        "text": "25% (2017 est.)"
      }
    },
    "Major lakes (area sq km)": {
      "salt water lake(s)": {
        "text": "Dead Sea (shared with Jordan and West Bank) - 1,020 sq km<br>note - endorheic hypersaline lake; 9.6 times saltier than the ocean; lake shore is 431 meters below sea level"
      }
    },
    "Total water withdrawal": {
      "municipal": {
        "text": "1 billion cubic meters (2020 est.)"
      },
      "industrial": {
        "text": "100 million cubic meters (2020 est.)"
      },
      "agricultural": {
        "text": "1.2 billion cubic meters (2020 est.)"
      }
    },
    "Total renewable water resources": {
      "text": "1.78 billion cubic meters (2020 est.)"
    }
  },
  "Government": {
    "Country name": {
      "conventional long form": {
        "text": "State of Israel"
      },
      "conventional short form": {
        "text": "Israel"
      },
      "local long form": {
        "text": "Medinat Yisra'el"
      },
      "local short form": {
        "text": "Yisra'el"
      },
      "former": {
        "text": "Mandatory Palestine"
      },
      "etymology": {
        "text": "named after the ancient Kingdom of Israel; according to Biblical tradition, the Jewish patriarch Jacob received the name Israel (meaning \"He who struggles with God\") after he wrestled with an angel of the Lord"
      }
    },
    "Government type": {
      "text": "parliamentary democracy"
    },
    "Capital": {
      "name": {
        "text": "Jerusalem"
      },
      "geographic coordinates": {
        "text": "31 46 N, 35 14 E"
      },
      "time difference": {
        "text": "UTC+2 (7 hours ahead of Washington, DC, during Standard Time)"
      },
      "daylight saving time": {
        "text": "+1hr, Friday before the last Sunday in March; ends the last Sunday in October"
      },
      "etymology": {
        "text": "the meaning of the ancient name is unclear; the city is called Ursalim or Urusalimmi in Egyptian texts from the 14th century B.C., which may come from the Western Semitic verb <em>yaru</em>, meaning \"to establish,\"<em> </em>and the name Shalim, the Canaanite god of dusk; another theory says the root letters s-l-m in the name refer to <em>shalom</em>, meaning \"peace\" "
      },
      "note": "<strong>note: </strong>the US recognized Jerusalem as Israel’s capital in 2017, without taking a position on the specific boundaries of Israeli sovereignty"
    },
    "Administrative divisions": {
      "text": "6 districts (<em>mehozot</em>, singular - <em>mehoz</em>); Central, Haifa, Jerusalem, Northern, Southern, Tel Aviv"
    },
    "Legal system": {
      "text": "mixed system of English common law, British Mandate regulations, and Jewish, Christian, and Muslim religious laws"
    },
    "Constitution": {
      "history": {
        "text": "no formal constitution; some functions of a constitution are filled by the Declaration of Establishment (1948), the Basic Laws, and the Law of Return (as amended)"
      },
      "amendment process": {
        "text": "proposed by Government of Israel ministers or by the Knesset; passage requires a majority vote of Knesset members and subject to Supreme Court judicial review"
      }
    },
    "International law organization participation": {
      "text": "has not submitted an ICJ jurisdiction declaration; withdrew acceptance of ICCt jurisdiction in 2002"
    },
    "Citizenship": {
      "citizenship by birth": {
        "text": "no"
      },
      "citizenship by descent only": {
        "text": "at least one parent must be a citizen of Israel"
      },
      "dual citizenship recognized": {
        "text": "yes, but naturalized citizens are not allowed to maintain dual citizenship"
      },
      "residency requirement for naturalization": {
        "text": "3 out of the 5 years preceding the application for naturalization"
      },
      "note": "<strong>note:</strong> Israeli law (Law of Return, 5 July 1950) provides for the granting of citizenship to any Jew - defined as a person being born to a Jewish mother or having converted to Judaism while renouncing any other religion - who immigrates to and expresses a desire to settle in Israel on the basis of the Right of aliyah; the 1970 amendment of this act extended the right to family members including the spouse of a Jew, any child or grandchild, and the spouses of children and grandchildren"
    },
    "Suffrage": {
      "text": "18 years of age; universal; 17 years of age for municipal elections"
    },
    "Executive branch": {
      "chief of state": {
        "text": "President Isaac HERZOG (since 7 July 2021)"
      },
      "head of government": {
        "text": "Prime Minister Benyamin NETANYAHU (since 29 December 2022)"
      },
      "cabinet": {
        "text": "Cabinet selected by prime minister and approved by the Knesset"
      },
      "elections/appointments": {
        "text": "president indirectly elected by the Knesset for a single 7-year term; following legislative elections, the president, in consultation with party leaders, tasks a Knesset member (usually the member of the largest party) with forming a new government"
      },
      "most recent election date": {
        "text": "2 June 2021"
      },
      "election results": {
        "text": "<br><em>2021:</em> Isaac HERZOG elected president; Knesset vote in first round - Isaac HERZOG (independent) 87, Miriam PERETZ (independent) 26, invalid/blank 7<br><br><em>2014:</em> Reuven RIVLIN elected president in second round; Knesset vote - Reuven RIVLIN (Likud) 63, Meir SHEETRIT (The Movement) 53, other/invalid 4 <p> </p>"
      },
      "expected date of next election": {
        "text": "June 2028"
      }
    },
    "Legislative branch": {
      "legislature name": {
        "text": "Parliament (Knesset)"
      },
      "legislative structure": {
        "text": "unicameral"
      },
      "number of seats": {
        "text": "120 (all directly elected)"
      },
      "electoral system": {
        "text": "proportional representation"
      },
      "scope of elections": {
        "text": "full renewal"
      },
      "term in office": {
        "text": "4 years"
      },
      "most recent election date": {
        "text": "11/1/2022"
      },
      "parties elected and seats per party": {
        "text": "Likud (32); Yesh Atid (24); Religious Zionism (14); National Unity (12); Shas (11); United Torah Judaism (Yahadut Hatorah) (7); Yisrael Beiteinu (6); Other (14)"
      },
      "percentage of women in chamber": {
        "text": "24.2%"
      },
      "expected date of next election": {
        "text": "October 2026"
      },
      "note": "<strong>note 1:</strong> a 3.25% vote threshold is required to gain representation<br><br><strong>note 2:</strong> following the 1 November 2022 election, the Religious Zionism Alliance split into its three constituent parties in the Knesset:  Religious Zionism 7 seats, Jewish Power (Otzma Yehudit) 6, and Noam 1"
    },
    "Judicial branch": {
      "highest court(s)": {
        "text": "Supreme Court (consists of the president, deputy president, 13 justices, and 2 registrars) and normally sits in panels of 3 justices; in special cases, the panel is expanded with an uneven number of justices"
      },
      "judge selection and term of office": {
        "text": "judges selected by the 9-member Judicial Selection Committee, consisting of the Minister of Justice (chair), the president of the Supreme Court, two other Supreme Court justices, 1 other Cabinet minister, 2 Knesset members, and 2 representatives of the Israel Bar Association; judges can serve up to mandatory retirement at age 70"
      },
      "subordinate courts": {
        "text": "district and magistrate courts; national and regional labor courts; family and juvenile courts; special and Rabbinical courts"
      }
    },
    "Political parties": {
      "text": "Balad<br>Blue and White<br>Hadash<br>Jewish Power (Otzma Yehudit)<br>Labor Party or HaAvoda<br>Likud<br>Meretz<br>National Unity (alliance includes Blue and White and New Hope)<br>New Hope<br>Noam<br>Religious Zionism (election alliance of Religious Zionist Party, Jewish Power (Otzma Yehudit), and Noam)<br>Religious Zionist Party<br>Shas<br>Ta'al<br>United Arab List<br>United Torah Judaism or UTJ (alliance includes Agudat Israel and Degel HaTorah)<br>Yesh Atid<br>Yisrael Beiteinu"
    },
    "Diplomatic representation in the US": {
      "chief of mission": {
        "text": "Ambassador Yechiel (Michael) LEITER (since 4 February 2025)"
      },
      "chancery": {
        "text": "3514 International Drive NW, Washington, DC 20008"
      },
      "telephone": {
        "text": "[1] (202) 364-5500"
      },
      "FAX": {
        "text": "[1] (202) 364-5607"
      },
      "email address and website": {
        "text": "<br>consular@washington.mfa.gov.il<br><br>https://embassies.gov.il/washington/Pages/default.aspx"
      },
      "consulate(s) general": {
        "text": "Atlanta, Boston, Chicago, Houston, Los Angeles, Miami, New York, San Francisco"
      }
    },
    "Diplomatic representation from the US": {
      "chief of mission": {
        "text": "Ambassador Mike HUCKABEE (21 April 2025)"
      },
      "embassy": {
        "text": "14 David Flusser Street, Jerusalem, 9378322"
      },
      "mailing address": {
        "text": "6350 Jerusalem Place, Washington DC&nbsp; 20521-6350"
      },
      "telephone": {
        "text": "[972] (2) 630-4000"
      },
      "FAX": {
        "text": "[972] (2) 630-4070"
      },
      "email address and website": {
        "text": "<br>JerusalemACS@state.gov<br><br>https://il.usembassy.gov/"
      },
      "branch office(s)": {
        "text": "Tel Aviv"
      },
      "note": "<strong>note:</strong> on 14 May 2018, the US Embassy relocated to Jerusalem from Tel Aviv; on 4 March 2019, Consulate General Jerusalem merged into US Embassy Jerusalem to form a single diplomatic mission"
    },
    "International organization participation": {
      "text": "BIS, BSEC (observer), CE (observer), CERN, CICA, EBRD, FAO, IADB, IAEA, IBRD, ICAO, ICC (national committees), ICRM, IDA, IFAD, IFC, IFRCS, ILO, IMF, IMO, IMSO, Interpol, IOC, IOM, IPU, ISO, ITSO, ITU, ITUC (NGOs), MIGA, OAS (observer), OECD, OPCW (signatory), OSCE (partner), Pacific Alliance (observer), Paris Club, PCA, SELEC (observer), UN, UNCTAD, UNESCO, UNHCR, UNIDO, UNOOSA, UNWTO, UPU, WCO, WHO, WIPO, WMO, WTO"
    },
    "Independence": {
      "text": "14 May 1948 (following League of Nations mandate under British administration)"
    },
    "National holiday": {
      "text": "Independence Day, 14 May (1948); note - Israel declared independence on 14 May 1948, but the Jewish calendar is lunar and the holiday may occur in April or May"
    },
    "Flag description": {
      "text": "white with a blue hexagram (six-pointed linear star) known as the Magen David (Star of David or Shield of David) centered between two equal horizontal blue bands near the top and bottom edges of the flag; the design resembles a traditional Jewish prayer shawl (<em>tallit</em>), which is white with blue stripes; the hexagram as a Jewish symbol dates back to medieval times",
      "note": "<strong>note:</strong> the Israeli flag proclamation states that the flag colors are sky blue and white, but the exact shade of blue has never been set and can vary"
    },
    "National symbol(s)": {
      "text": "Star of David (Magen David), menorah (seven-branched lampstand)"
    },
    "National color(s)": {
      "text": "blue, white"
    },
    "National anthem": {
      "name": {
        "text": "\"Hatikvah\" (The Hope)"
      },
      "lyrics/music": {
        "text": "Naftali Herz IMBER/traditional, arranged by Samuel COHEN"
      },
      "note": "<strong>note:</strong> adopted 2004, unofficial since 1948; used as the anthem of the Zionist movement since 1897; the 1888 arrangement by Samuel COHEN is thought to be based on the Romanian folk song \"Carul cu boi\" (The Ox Driven Cart)"
    },
    "National heritage": {
      "total World Heritage Sites": {
        "text": "9 (all cultural)"
      },
      "selected World Heritage Site locales": {
        "text": "Masada; Old City of Acre; White City of Tel-Aviv - the Modern Movement; Biblical Tels - Megiddo, Hazor, Beer Sheba; Incense Route - Desert Cities in the Negev; Bahá’i Holy Places; Sites of Human Evolution at Mount Carmel; Caves of Maresha and Bet-Guvrin; Necropolis of Bet She’arim"
      }
    }
  },
  "Economy": {
    "Economic overview": {
      "text": "high-income, technology- and industrial-based economy; economic contraction and fiscal deficits resulting from war in Gaza; labor force stabilizing following military reservist mobilization; high-tech industry remains resilient while construction and tourism among hardest-hit sectors"
    },
    "Real GDP (purchasing power parity)": {
      "Real GDP (purchasing power parity) 2023": {
        "text": "$472.533 billion (2023 est.)"
      },
      "Real GDP (purchasing power parity) 2022": {
        "text": "$461.354 billion (2022 est.)"
      },
      "Real GDP (purchasing power parity) 2021": {
        "text": "$433.317 billion (2021 est.)"
      },
      "note": "<b>note:</b> data in 2021 dollars"
    },
    "Real GDP growth rate": {
      "Real GDP growth rate 2023": {
        "text": "2.42% (2023 est.)"
      },
      "Real GDP growth rate 2022": {
        "text": "6.47% (2022 est.)"
      },
      "Real GDP growth rate 2021": {
        "text": "8.61% (2021 est.)"
      },
      "note": "<b>note:</b> annual GDP % growth based on constant local currency"
    },
    "Real GDP per capita": {
      "Real GDP per capita 2023": {
        "text": "$48,400 (2023 est.)"
      },
      "Real GDP per capita 2022": {
        "text": "$48,300 (2022 est.)"
      },
      "Real GDP per capita 2021": {
        "text": "$46,200 (2021 est.)"
      },
      "note": "<b>note:</b> data in 2021 dollars"
    },
    "GDP (official exchange rate)": {
      "text": "$513.611 billion (2023 est.)",
      "note": "<b>note:</b> data in current dollars at official exchange rate"
    },
    "Inflation rate (consumer prices)": {
      "Inflation rate (consumer prices) 2024": {
        "text": "3.1% (2024 est.)"
      },
      "Inflation rate (consumer prices) 2023": {
        "text": "4.2% (2023 est.)"
      },
      "Inflation rate (consumer prices) 2022": {
        "text": "4.4% (2022 est.)"
      },
      "note": "<b>note:</b> annual % change based on consumer prices"
    },
    "GDP - composition, by sector of origin": {
      "agriculture": {
        "text": "1.2% (2022 est.)"
      },
      "industry": {
        "text": "18.9% (2022 est.)"
      },
      "services": {
        "text": "70.8% (2022 est.)"
      },
      "note": "<b>note:</b> figures may not total 100% due to non-allocated consumption not captured in sector-reported data"
    },
    "GDP - composition, by end use": {
      "household consumption": {
        "text": "47.8% (2023 est.)"
      },
      "government consumption": {
        "text": "22.2% (2023 est.)"
      },
      "investment in fixed capital": {
        "text": "24.4% (2023 est.)"
      },
      "investment in inventories": {
        "text": "1.7% (2023 est.)"
      },
      "exports of goods and services": {
        "text": "30.6% (2023 est.)"
      },
      "imports of goods and services": {
        "text": "-26.9% (2023 est.)"
      },
      "note": "<b>note:</b> figures may not total 100% due to rounding or gaps in data collection"
    },
    "Agricultural products": {
      "text": "milk, chicken, potatoes, tomatoes, tangerines/mandarins, bananas, eggs, avocados, beef, carrots/turnips (2023)",
      "note": "<b>note:</b> top ten agricultural products based on tonnage"
    },
    "Industries": {
      "text": "high-technology products (including aviation, communications, computer-aided design and manufactures, medical electronics, fiber optics), wood and paper products, potash and phosphates, food, beverages, and tobacco, caustic soda, cement, pharmaceuticals, construction, metal products, chemical products, plastics, cut diamonds, textiles, footwear"
    },
    "Industrial production growth rate": {
      "text": "5.51% (2022 est.)",
      "note": "<b>note:</b> annual % change in industrial value added based on constant local currency"
    },
    "Labor force": {
      "text": "4.671 million (2024 est.)",
      "note": "<b>note:</b> number of people ages 15 or older who are employed or seeking work"
    },
    "Unemployment rate": {
      "Unemployment rate 2024": {
        "text": "3.2% (2024 est.)"
      },
      "Unemployment rate 2023": {
        "text": "3.6% (2023 est.)"
      },
      "Unemployment rate 2022": {
        "text": "3.7% (2022 est.)"
      },
      "note": "<b>note:</b> % of labor force seeking employment"
    },
    "Youth unemployment rate (ages 15-24)": {
      "total": {
        "text": "6.1% (2024 est.)"
      },
      "male": {
        "text": "6.2% (2024 est.)"
      },
      "female": {
        "text": "6% (2024 est.)"
      },
      "note": "<b>note:</b> % of labor force ages 15-24 seeking employment"
    },
    "Population below poverty line": {
      "text": "22% (2014 est.)",
      "note": "<strong>note:</strong> Israel's poverty line is $7.30 per person per day"
    },
    "Gini Index coefficient - distribution of family income": {
      "Gini Index coefficient - distribution of family income 2021": {
        "text": "37.9 (2021 est.)"
      },
      "note": "<b>note:</b> index (0-100) of income distribution; higher values represent greater inequality"
    },
    "Average household expenditures": {
      "on food": {
        "text": "15.8% of household expenditures (2023 est.)"
      },
      "on alcohol and tobacco": {
        "text": "2.6% of household expenditures (2023 est.)"
      }
    },
    "Household income or consumption by percentage share": {
      "lowest 10%": {
        "text": "2% (2021 est.)"
      },
      "highest 10%": {
        "text": "26.6% (2021 est.)"
      },
      "note": "<b>note:</b> % share of income accruing to lowest and highest 10% of population"
    },
    "Remittances": {
      "Remittances 2023": {
        "text": "0.19% of GDP (2023 est.)"
      },
      "Remittances 2022": {
        "text": "0.24% of GDP (2022 est.)"
      },
      "Remittances 2021": {
        "text": "0.25% of GDP (2021 est.)"
      },
      "note": "<b>note:</b> personal transfers and compensation between resident and non-resident individuals/households/entities"
    },
    "Budget": {
      "revenues": {
        "text": "$180.935 billion (2022 est.)"
      },
      "expenditures": {
        "text": "$184.823 billion (2022 est.)"
      },
      "note": "<b>note:</b> central government revenues (excluding grants) and expenses converted to US dollars at average official exchange rate for year indicated"
    },
    "Public debt": {
      "Public debt 2020": {
        "text": "72.6% of GDP (2020 est.)"
      }
    },
    "Taxes and other revenues": {
      "text": "22.1% (of GDP) (2023 est.)",
      "note": "<b>note:</b> central government tax revenue as a % of GDP"
    },
    "Current account balance": {
      "Current account balance 2024": {
        "text": "$16.713 billion (2024 est.)"
      },
      "Current account balance 2023": {
        "text": "$18.604 billion (2023 est.)"
      },
      "Current account balance 2022": {
        "text": "$17.104 billion (2022 est.)"
      },
      "note": "<b>note:</b> balance of payments - net trade and primary/secondary income in current dollars"
    },
    "Exports": {
      "Exports 2024": {
        "text": "$153.248 billion (2024 est.)"
      },
      "Exports 2023": {
        "text": "$154.638 billion (2023 est.)"
      },
      "Exports 2022": {
        "text": "$164.407 billion (2022 est.)"
      },
      "note": "<b>note:</b> balance of payments - exports of goods and services in current dollars"
    },
    "Exports - partners": {
      "text": "USA 29%, China 10%, Ireland 6%, Germany 4%, Hong Kong 4% (2023)",
      "note": "<b>note:</b> top five export partners based on percentage share of exports"
    },
    "Exports - commodities": {
      "text": "integrated circuits, diamonds, broadcasting equipment, medical instruments, refined petroleum (2023)",
      "note": "<b>note:</b> top five export commodities based on value in dollars"
    },
    "Imports": {
      "Imports 2024": {
        "text": "$140.438 billion (2024 est.)"
      },
      "Imports 2023": {
        "text": "$140.432 billion (2023 est.)"
      },
      "Imports 2022": {
        "text": "$153.388 billion (2022 est.)"
      },
      "note": "<b>note:</b> balance of payments - imports of goods and services in current dollars"
    },
    "Imports - partners": {
      "text": "China 17%, USA 12%, Germany 7%, Turkey 6%, Italy 4% (2023)",
      "note": "<b>note:</b> top five import partners based on percentage share of imports"
    },
    "Imports - commodities": {
      "text": "cars, diamonds, crude petroleum, broadcasting equipment, garments (2023)",
      "note": "<b>note:</b> top five import commodities based on value in dollars"
    },
    "Reserves of foreign exchange and gold": {
      "Reserves of foreign exchange and gold 2024": {
        "text": "$214.544 billion (2024 est.)"
      },
      "Reserves of foreign exchange and gold 2023": {
        "text": "$204.661 billion (2023 est.)"
      },
      "Reserves of foreign exchange and gold 2022": {
        "text": "$194.231 billion (2022 est.)"
      },
      "note": "<b>note:</b> holdings of gold (year-end prices)/foreign exchange/special drawing rights in current dollars"
    },
    "Exchange rates": {
      "Currency": {
        "text": "new Israeli shekels (ILS) per US dollar -"
      },
      "Exchange rates 2024": {
        "text": "3.7 (2024 est.)"
      },
      "Exchange rates 2023": {
        "text": "3.667 (2023 est.)"
      },
      "Exchange rates 2022": {
        "text": "3.36 (2022 est.)"
      },
      "Exchange rates 2021": {
        "text": "3.23 (2021 est.)"
      },
      "Exchange rates 2020": {
        "text": "3.442 (2020 est.)"
      }
    }
  },
  "Energy": {
    "Electricity access": {
      "electrification - total population": {
        "text": "100% (2022 est.)"
      }
    },
    "Electricity": {
      "installed generating capacity": {
        "text": "22.612 million kW (2023 est.)"
      },
      "consumption": {
        "text": "63.964 billion kWh (2023 est.)"
      },
      "exports": {
        "text": "6.93 billion kWh (2023 est.)"
      },
      "transmission/distribution losses": {
        "text": "3.51 billion kWh (2023 est.)"
      }
    },
    "Electricity generation sources": {
      "fossil fuels": {
        "text": "89.5% of total installed capacity (2023 est.)"
      },
      "solar": {
        "text": "9.4% of total installed capacity (2023 est.)"
      },
      "wind": {
        "text": "1% of total installed capacity (2023 est.)"
      },
      "biomass and waste": {
        "text": "0.1% of total installed capacity (2023 est.)"
      }
    },
    "Coal": {
      "consumption": {
        "text": "5.297 million metric tons (2023 est.)"
      },
      "exports": {
        "text": "9 metric tons (2022 est.)"
      },
      "imports": {
        "text": "4.887 million metric tons (2023 est.)"
      }
    },
    "Petroleum": {
      "total petroleum production": {
        "text": "15,000 bbl/day (2023 est.)"
      },
      "refined petroleum consumption": {
        "text": "219,000 bbl/day (2024 est.)"
      },
      "crude oil estimated reserves": {
        "text": "12.73 million barrels (2021 est.)"
      }
    },
    "Natural gas": {
      "production": {
        "text": "24.186 billion cubic meters (2023 est.)"
      },
      "consumption": {
        "text": "12.608 billion cubic meters (2023 est.)"
      },
      "exports": {
        "text": "11.505 billion cubic meters (2023 est.)"
      },
      "imports": {
        "text": "59.369 million cubic meters (2022 est.)"
      },
      "proven reserves": {
        "text": "176.018 billion cubic meters (2021 est.)"
      }
    },
    "Carbon dioxide emissions": {
      "total emissions": {
        "text": "64.401 million metric tonnes of CO2 (2023 est.)"
      },
      "from coal and metallurgical coke": {
        "text": "11.542 million metric tonnes of CO2 (2023 est.)"
      },
      "from petroleum and other liquids": {
        "text": "28.793 million metric tonnes of CO2 (2023 est.)"
      },
      "from consumed natural gas": {
        "text": "24.066 million metric tonnes of CO2 (2023 est.)"
      }
    },
    "Energy consumption per capita": {
      "Total energy consumption per capita 2023": {
        "text": "112.437 million Btu/person (2023 est.)"
      }
    }
  },
  "Communications": {
    "Telephones - fixed lines": {
      "total subscriptions": {
        "text": "2.905 million (2023 est.)"
      },
      "subscriptions per 100 inhabitants": {
        "text": "31 (2023 est.)"
      }
    },
    "Telephones - mobile cellular": {
      "total subscriptions": {
        "text": "13.8 million (2022 est.)"
      },
      "subscriptions per 100 inhabitants": {
        "text": "152 (2022 est.)"
      }
    },
    "Broadcast media": {
      "text": "the Israel Broadcasting Corporation (IBC) has 3 channels, two in Hebrew and one in Arabic; multi-channel satellite and cable TV packages provide access to foreign channels; IBC broadcasts on 8 radio networks with multiple repeaters, and Israel Defense Forces Radio broadcasts over multiple stations; about 15 privately owned radio stations (2019)"
    },
    "Internet country code": {
      "text": ".il"
    },
    "Internet users": {
      "percent of population": {
        "text": "87% (2023 est.)"
      }
    },
    "Broadband - fixed subscriptions": {
      "total": {
        "text": "2.76 million (2023 est.)"
      },
      "subscriptions per 100 inhabitants": {
        "text": "30 (2023 est.)"
      }
    }
  },
  "Transportation": {
    "Civil aircraft registration country code prefix": {
      "text": "4X"
    },
    "Airports": {
      "text": "40 (2025)"
    },
    "Heliports": {
      "text": "13 (2025)"
    },
    "Railways": {
      "total": {
        "text": "1,497 km (2021) (2019)"
      },
      "standard gauge": {
        "text": "1,497 km (2021) 1.435-m gauge"
      }
    },
    "Merchant marine": {
      "total": {
        "text": "41 (2023)"
      },
      "by type": {
        "text": "container ship 4, general cargo 1, oil tanker 4, other 32"
      }
    },
    "Ports": {
      "total ports": {
        "text": "5 (2024)"
      },
      "large": {
        "text": "0"
      },
      "medium": {
        "text": "1"
      },
      "small": {
        "text": "2"
      },
      "very small": {
        "text": "2"
      },
      "ports with oil terminals": {
        "text": "4"
      },
      "key ports": {
        "text": "Ashdod, Ashqelon, Elat, Hadera, Haifa"
      }
    }
  },
  "Military and Security": {
    "Military and security forces": {
      "text": "Israel Defense Forces (IDF): Ground Forces, Israel Naval Force (IN, includes commandos), Israel Air Force (IAF, includes air defense)<br><br>Ministry of National Security: Israeli Police (2025)"
    },
    "Military expenditures": {
      "Military Expenditures 2024": {
        "text": "8% of GDP (2024 est.)"
      },
      "Military Expenditures 2023": {
        "text": "5% of GDP (2023 est.)"
      },
      "Military Expenditures 2022": {
        "text": "4.5% of GDP (2022 est.)"
      },
      "Military Expenditures 2021": {
        "text": "5% of GDP (2021 est.)"
      },
      "Military Expenditures 2020": {
        "text": "5% of GDP (2020 est.)"
      }
    },
    "Military and security service personnel strengths": {
      "text": "approximately 170,000 active-duty Defense Forces (130,000 Ground Forces; 10,000 Naval; 30,000 Air Force); more than 400,000 reserves (2025)"
    },
    "Military equipment inventories and acquisitions": {
      "text": "the majority of the IDF's inventory is comprised of weapons that are domestically produced or imported from Europe and the US; the US has been the leading supplier of arms in recent years; Israel has a broad defense industrial base that can develop, produce, support, and sustain a wide variety of weapons systems for both domestic use and export, particularly armored vehicles, unmanned aerial systems, air defense, and guided missiles (2024)"
    },
    "Military service age and obligation": {
      "text": "18 years of age for compulsory military service; 17 years of age for voluntary military service; Jews and Druze can be conscripted; Christians, Circassians, and Muslims may volunteer; both sexes are obligated to military service; conscript service obligation is 32 months for enlisted men and about 24 months for enlisted women (varies based on military occupation); officers serve 48 months; Air Force pilots commit to 9 years of service; reserve obligation to age 41-51 (men), age 24 (women) (2024)",
      "note": "<strong>note:</strong> the IDF recruits foreign Jews and non-Jews with a minimum of one Jewish grandparent, as well as converts to Judaism; each year the IDF brings in about 800-1,000 foreign recruits from around the world"
    },
    "Military - note": {
      "text": "the IDF is responsible for external defense but also has some domestic security responsibilities; its primary operational focuses include the threat posed by Iran, instability in Syria, and terrorist organizations, including HAMAS, Hizballah, the Islamic State of Iraq and ash-Sham (ISIS), and Palestine Islamic Jihad (PIJ)<br><br>since its creation from armed Jewish militias during the First Arab-Israeli War in 1948-49, the IDF, particularly the Ground Force, has been guided by a requirement to rapidly mobilize and defend the country’s territory from numerically superior neighboring countries; the active-duty military is backed up by a large force of trained reserves--approximately 300-400,000 personnel--that can be mobilized rapidly <br><br>Israel’s primary security partner is the US; consistent with a 10-year (2019-2028) Memorandum of Understanding, the US annually provides over $3 billion in military financing and cooperative military programs, such as missile defense; the US also provides Israel access to US-produced military weapons systems including advanced fighter aircraft; Israel has Major Non-NATO Ally status with the US, a designation under US law that provides foreign partners with certain benefits in the areas of defense trade and security cooperation<br><br>the United Nations Disengagement Observer Force (UNDOF) has operated in the Golan between Israel and Syria since 1974 to monitor the ceasefire following the 1973 Arab-Israeli War and supervise the areas of separation between the two countries; UNDOF consists of about 1,300 total personnel (2024)"
    }
  },
  "Space": {
    "Space agency/agencies": {
      "text": "Israel Space Agency (ISA; established 1983 under the Ministry of Science and Technology; origins go back to the creation of a National Committee for Space Research, established 1960); Ministry of Defense Space Department (2024)"
    },
    "Space launch site(s)": {
      "text": "Palmachim Airbase (Central district) (2024)"
    },
    "Space program overview": {
      "text": "has an ambitious space program and one of the most advanced in the region; designs, builds, and operates communications, remote sensing (RS), and scientific satellites; designs, builds, and operates sounding (research) rockets and orbital satellite/space launch vehicles (SLVs); launches satellites on domestic and foreign rockets; researches and develops a range of other space-related capabilities with a focus on lightweight and miniaturized technologies, including small satellites with high resolution RS imaging and communications capabilities; has relations with a variety of foreign space agencies and space industries, including those of Canada, the European Space Agency (and individual member states, such as France, Germany, and Italy), India, Japan, Mexico, and the US; has a substantial commercial space sector, including state-owned enterprises, in areas such as launchers, propulsion, satellite manufacturing, particularly micro- and nano-satellites, payloads and applications, RS, communications, and ground stations (2024)",
      "note": "<strong>note:</strong> further details about the key activities, programs, and milestones of the country’s space program, as well as government spending estimates on the space sector, appear in the Space Programs reference guide"
    }
  },
  "Terrorism": {
    "Terrorist group(s)": {
      "text": "Islamic State of Iraq and ash-Sham (ISIS); Popular Front for the Liberation of Palestine (PFLP); Palestinian Islamic Jihad (PIJ); HAMAS",
      "note": "<strong>note:</strong> details about the history, aims, leadership, organization, areas of operation, tactics, targets, weapons, size, and sources of support of the group(s) appear(s) in the Terrorism reference guide"
    }
  },
  "Transnational Issues": {
    "Refugees and internally displaced persons": {
      "refugees (country of origin)": {
        "text": "12,181 (Eritrea), 5,061 (Ukraine) (2019)"
      },
      "stateless persons": {
        "text": "35 (2022)"
      }
    },
    "Illicit drugs": {
      "text": "increasingly concerned about ecstasy, cocaine, and heroin abuse; drugs arrive in country from Lebanon and, increasingly, from Jordan; money-laundering center"
    }
  }
}