{
  "Introduction": {
    "Background": {
      "text": "<p>Kuwait has been ruled by the AL-SABAH dynasty since the 18th century. The threat of Ottoman invasion in 1899 prompted Amir Mubarak AL-SABAH to seek protection from Britain, ceding foreign and defense responsibility to Britain until 1961, when the country attained its independence. Iraq attacked and overran Kuwait in 1990. After several weeks of aerial bombardment, a US-led UN coalition began a ground assault in 1991 that liberated Kuwait in four days. In 1992, the Amir reconstituted the parliament that he had dissolved in 1986. Amid the 2010-11 uprisings and protests across the Arab world, stateless Arabs known as Bidoon staged small protests demanding citizenship, jobs, and other benefits available to Kuwaiti nationals. Other demographic groups, notably Islamists and Kuwaitis from tribal backgrounds, soon joined the growing protest movements, which culminated with the resignation of the prime minister amid allegations of corruption. Demonstrations renewed in 2012 in response to a decree amending the electoral law that lessened the voting power of the tribal blocs. <br><br>An opposition coalition of Sunni Islamists, tribal populists, and some liberals largely boycotted legislative elections in 2012 and 2013, which ushered in a legislature more amenable to the government's agenda. Faced with the prospect of painful subsidy cuts, oppositionists and independents actively participated in the 2016 election, winning nearly half the seats, but the opposition became increasingly factionalized. Between 2006 and his death in 2020, the Amir dissolved the National Assembly on seven occasions and shuffled the cabinet over a dozen times, usually citing political stagnation and gridlock between the legislature and the government. <br><br>The current Amir, who assumed his role in 2020, launched a \"National Dialogue\" in 2021 meant to resolve political gridlock. As part of this initiative, the Amir pardoned several opposition figures who had been living in exile, and they returned to Kuwait. Legislative challenges remain, and the cabinet has been reshuffled six times since 2020. </p>"
    }
  },
  "Geography": {
    "Location": {
      "text": "Middle East, bordering the Persian Gulf, between Iraq and Saudi Arabia"
    },
    "Geographic coordinates": {
      "text": "29 30 N, 45 45 E"
    },
    "Map references": {
      "text": "Middle East"
    },
    "Area": {
      "total ": {
        "text": "17,818 sq km"
      },
      "land": {
        "text": "17,818 sq km"
      },
      "water": {
        "text": "0 sq km"
      }
    },
    "Area - comparative": {
      "text": "slightly smaller than New Jersey"
    },
    "Land boundaries": {
      "total": {
        "text": "475 km"
      },
      "border countries": {
        "text": "Iraq 254 km; Saudi Arabia 221 km"
      }
    },
    "Coastline": {
      "text": "499 km"
    },
    "Maritime claims": {
      "territorial sea": {
        "text": "12 nm"
      }
    },
    "Climate": {
      "text": "dry desert; intensely hot summers; short, cool winters"
    },
    "Terrain": {
      "text": "flat to slightly undulating desert plain"
    },
    "Elevation": {
      "highest point": {
        "text": "3.6 km W. of Al-Salmi Border Post 300 m"
      },
      "lowest point": {
        "text": "Persian Gulf 0 m"
      },
      "mean elevation": {
        "text": "108 m"
      }
    },
    "Natural resources": {
      "text": "petroleum, fish, shrimp, natural gas"
    },
    "Land use": {
      "agricultural land": {
        "text": "8.4% (2022 est.)"
      },
      "agricultural land: arable land": {
        "text": "arable land: 0.4% (2022 est.)"
      },
      "agricultural land: permanent crops": {
        "text": "permanent crops: 0.3% (2022 est.)"
      },
      "agricultural land: permanent pasture": {
        "text": "permanent pasture: 7.6% (2022 est.)"
      },
      "forest": {
        "text": "0.4% (2022 est.)"
      },
      "other": {
        "text": "91.2% (2022 est.)"
      }
    },
    "Irrigated land": {
      "text": "100 sq km (2015)"
    },
    "Major watersheds (area sq km)": {
      "text": "Indian Ocean drainage: <em>(Persian Gulf)</em> Tigris and Euphrates (918,044 sq km)"
    },
    "Major aquifers": {
      "text": "Arabian Aquifer System"
    },
    "Population distribution": {
      "text": "densest settlement is along the Persian Gulf, particularly in Kuwait City and on Bubiyan Island; significant population threads extend south and west along highways that radiate from the capital, particularly in the southern half of the country"
    },
    "Natural hazards": {
      "text": "sudden cloudbursts are common from October to April and bring heavy rain, which can damage roads and houses; sandstorms and dust storms occur throughout the year but are most common between March and August"
    },
    "Geography - note": {
      "text": "strategic location at head of Persian Gulf"
    }
  },
  "People and Society": {
    "Population": {
      "total": {
        "text": "3,138,355 (2024 est.)"
      },
      "male": {
        "text": "1,810,542"
      },
      "female": {
        "text": "1,327,813"
      }
    },
    "Nationality": {
      "noun": {
        "text": "Kuwaiti(s)"
      },
      "adjective": {
        "text": "Kuwaiti"
      }
    },
    "Ethnic groups": {
      "text": "Kuwaiti 30.4%, other Arab 27.4%, Asian 40.3%, African 1%, other 0.9% (includes European, North American, South American, and Australian) (2018 est.)"
    },
    "Languages": {
      "Languages": {
        "text": "Arabic (official), English widely spoken"
      },
      "major-language sample(s)": {
        "text": "<br>كتاب حقائق العالم، المصدر الذي لا يمكن الاستغناء عنه للمعلومات الأساسية (Arabic)<br><br>The World Factbook, the indispensable source for basic information."
      }
    },
    "Religions": {
      "text": "Muslim (official) 74.6%, Christian 18.2%, other and unspecified 7.2% (2013 est.)",
      "note": "<strong>note:</strong> data represent the total population; about 72% of the population consists of immigrants"
    },
    "Age structure": {
      "0-14 years": {
        "text": "23% (male 376,415/female 346,190)"
      },
      "15-64 years": {
        "text": "73.4% (male 1,386,349/female 917,465)"
      },
      "65 years and over": {
        "text": "3.6% (2024 est.) (male 47,778/female 64,158)"
      }
    },
    "Dependency ratios": {
      "total dependency ratio": {
        "text": "36.2 (2024 est.)"
      },
      "youth dependency ratio": {
        "text": "31.4 (2024 est.)"
      },
      "elderly dependency ratio": {
        "text": "4.9 (2024 est.)"
      },
      "potential support ratio": {
        "text": "20.6 (2024 est.)"
      }
    },
    "Median age": {
      "total": {
        "text": "30.3 years (2024 est.)"
      },
      "male": {
        "text": "31.1 years"
      },
      "female": {
        "text": "28.9 years"
      }
    },
    "Population growth rate": {
      "text": "1.1% (2024 est.)"
    },
    "Birth rate": {
      "text": "17.5 births/1,000 population (2024 est.)"
    },
    "Death rate": {
      "text": "2.3 deaths/1,000 population (2024 est.)"
    },
    "Net migration rate": {
      "text": "-4.2 migrant(s)/1,000 population (2024 est.)"
    },
    "Population distribution": {
      "text": "densest settlement is along the Persian Gulf, particularly in Kuwait City and on Bubiyan Island; significant population threads extend south and west along highways that radiate from the capital, particularly in the southern half of the country"
    },
    "Urbanization": {
      "urban population": {
        "text": "100% of total population (2023)"
      },
      "rate of urbanization": {
        "text": "1.35% annual rate of change (2020-25 est.)"
      }
    },
    "Major urban areas - population": {
      "text": "3.298 million KUWAIT (capital) (2023)"
    },
    "Sex ratio": {
      "at birth": {
        "text": "1.05 male(s)/female"
      },
      "0-14 years": {
        "text": "1.09 male(s)/female"
      },
      "15-64 years": {
        "text": "1.51 male(s)/female"
      },
      "65 years and over": {
        "text": "0.74 male(s)/female"
      },
      "total population": {
        "text": "1.36 male(s)/female (2024 est.)"
      }
    },
    "Maternal mortality ratio": {
      "text": "7 deaths/100,000 live births (2020 est.)"
    },
    "Infant mortality rate": {
      "total": {
        "text": "7.2 deaths/1,000 live births (2024 est.)"
      },
      "male": {
        "text": "7.4 deaths/1,000 live births"
      },
      "female": {
        "text": "6.9 deaths/1,000 live births"
      }
    },
    "Life expectancy at birth": {
      "total population": {
        "text": "79.6 years (2024 est.)"
      },
      "male": {
        "text": "78.1 years"
      },
      "female": {
        "text": "81.1 years"
      }
    },
    "Total fertility rate": {
      "text": "2.21 children born/woman (2024 est.)"
    },
    "Gross reproduction rate": {
      "text": "1.08 (2024 est.)"
    },
    "Contraceptive prevalence rate": {
      "text": "NA"
    },
    "Drinking water source": {
      "improved: urban": {
        "text": "urban: NA"
      },
      "improved: rural": {
        "text": "rural: NA"
      },
      "improved: total": {
        "text": "total: 100% of population"
      },
      "unimproved: urban": {
        "text": "urban: NA"
      },
      "unimproved: rural": {
        "text": "rural: NA"
      },
      "unimproved: total": {
        "text": "total: 0% of population (2020 est.)"
      }
    },
    "Health expenditure": {
      "Health expenditure (as % of GDP)": {
        "text": "5.8% of GDP (2021)"
      },
      "Health expenditure (as % of national budget)": {
        "text": "9.4% of national budget (2022 est.)"
      }
    },
    "Physician density": {
      "text": "2.27 physicians/1,000 population (2020)"
    },
    "Hospital bed density": {
      "text": "2.4 beds/1,000 population (2020 est.)"
    },
    "Sanitation facility access": {
      "improved: urban": {
        "text": "urban: NA"
      },
      "improved: rural": {
        "text": "rural: NA"
      },
      "improved: total": {
        "text": "total: 100% of population"
      },
      "unimproved: urban": {
        "text": "urban: NA"
      },
      "unimproved: rural": {
        "text": "rural: NA"
      },
      "unimproved: total": {
        "text": "total: 0% of population (2020 est.)"
      }
    },
    "Obesity - adult prevalence rate": {
      "text": "37.9% (2016)"
    },
    "Alcohol consumption per capita": {
      "total": {
        "text": "0 liters of pure alcohol (2019 est.)"
      },
      "beer": {
        "text": "0 liters of pure alcohol (2019 est.)"
      },
      "wine": {
        "text": "0 liters of pure alcohol (2019 est.)"
      },
      "spirits": {
        "text": "0 liters of pure alcohol (2019 est.)"
      },
      "other alcohols": {
        "text": "0 liters of pure alcohol (2019 est.)"
      }
    },
    "Tobacco use": {
      "total": {
        "text": "22.4% (2025 est.)"
      },
      "male": {
        "text": "34.9% (2025 est.)"
      },
      "female": {
        "text": "1.9% (2025 est.)"
      }
    },
    "Children under the age of 5 years underweight": {
      "text": "2.5% (2020)"
    },
    "Currently married women (ages 15-49)": {
      "text": "59.6% (2023 est.)"
    },
    "Education expenditure": {
      "Education expenditure (% GDP)": {
        "text": "5% of GDP (2023 est.)"
      },
      "Education expenditure (% national budget)": {
        "text": "12.6% national budget (2023 est.)"
      }
    },
    "Literacy": {
      "total population": {
        "text": "96% (2020 est.)"
      },
      "male": {
        "text": "97% (2020 est.)"
      },
      "female": {
        "text": "95% (2020 est.)"
      }
    },
    "School life expectancy (primary to tertiary education)": {
      "total": {
        "text": "15 years"
      },
      "male": {
        "text": "13 years"
      },
      "female": {
        "text": "16 years (2015)"
      }
    }
  },
  "Environment": {
    "Environment - current issues": {
      "text": "limited natural freshwater resources; air and water pollution; desertification; loss of biodiversity"
    },
    "Environment - international agreements": {
      "party to": {
        "text": "Biodiversity, Climate Change, Climate Change-Kyoto Protocol, Climate Change-Paris Agreement, Comprehensive Nuclear Test Ban, Desertification, Endangered Species, Environmental Modification, Hazardous Wastes, Law of the Sea, Nuclear Test Ban, Ozone Layer Protection, Ship Pollution, Wetlands"
      },
      "signed, but not ratified": {
        "text": "Marine Dumping-London Convention"
      }
    },
    "Climate": {
      "text": "dry desert; intensely hot summers; short, cool winters"
    },
    "Land use": {
      "agricultural land": {
        "text": "8.4% (2022 est.)"
      },
      "agricultural land: arable land": {
        "text": "arable land: 0.4% (2022 est.)"
      },
      "agricultural land: permanent crops": {
        "text": "permanent crops: 0.3% (2022 est.)"
      },
      "agricultural land: permanent pasture": {
        "text": "permanent pasture: 7.6% (2022 est.)"
      },
      "forest": {
        "text": "0.4% (2022 est.)"
      },
      "other": {
        "text": "91.2% (2022 est.)"
      }
    },
    "Urbanization": {
      "urban population": {
        "text": "100% of total population (2023)"
      },
      "rate of urbanization": {
        "text": "1.35% annual rate of change (2020-25 est.)"
      }
    },
    "Air pollutants": {
      "particulate matter emissions": {
        "text": "64.08 micrograms per cubic meter (2019 est.)"
      },
      "carbon dioxide emissions": {
        "text": "98.73 megatons (2016 est.)"
      },
      "methane emissions": {
        "text": "6.21 megatons (2020 est.)"
      }
    },
    "Waste and recycling": {
      "municipal solid waste generated annually": {
        "text": "1.75 million tons (2010 est.)"
      }
    },
    "Major watersheds (area sq km)": {
      "text": "Indian Ocean drainage: <em>(Persian Gulf)</em> Tigris and Euphrates (918,044 sq km)"
    },
    "Major aquifers": {
      "text": "Arabian Aquifer System"
    },
    "Total water withdrawal": {
      "municipal": {
        "text": "450 million cubic meters (2020 est.)"
      },
      "industrial": {
        "text": "20 million cubic meters (2020 est.)"
      },
      "agricultural": {
        "text": "780 million cubic meters (2020 est.)"
      }
    },
    "Total renewable water resources": {
      "text": "20 million cubic meters (2020 est.)"
    }
  },
  "Government": {
    "Country name": {
      "conventional long form": {
        "text": "State of Kuwait"
      },
      "conventional short form": {
        "text": "Kuwait"
      },
      "local long form": {
        "text": "Dawlat al Kuwayt"
      },
      "local short form": {
        "text": "Al Kuwayt"
      },
      "etymology": {
        "text": "the name derives from the capital city, which comes from the Arabic <em>al-kuwayt</em>, itself a diminutive of the Hindustani term <em>kut</em>, meaning a fortress-like house"
      }
    },
    "Government type": {
      "text": "constitutional monarchy (emirate)"
    },
    "Capital": {
      "name": {
        "text": "Kuwait City"
      },
      "geographic coordinates": {
        "text": "29 22 N, 47 58 E"
      },
      "time difference": {
        "text": "UTC+3 (8 hours ahead of Washington, DC, during Standard Time)"
      },
      "etymology": {
        "text": "the name comes from the Arabic <em>al-kuwayt</em>, a diminutive of the Hindustani term <em>kut</em>, meaning a fortress-like house"
      }
    },
    "Administrative divisions": {
      "text": "6 governorates (<em>muhafazat</em>, singular - <em>muhafazah</em>); Al Ahmadi, Al 'Asimah, Al Farwaniyah, Al Jahra', Hawalli, Mubarak al Kabir"
    },
    "Legal system": {
      "text": "mixed system consisting of English common law, French civil law, and Islamic sharia law"
    },
    "Constitution": {
      "history": {
        "text": "approved and promulgated 11 November 1962; suspended 1976 to 1981 (4 articles); 1986 to 1991; May to July 1999"
      },
      "amendment process": {
        "text": "proposed by the amir or supported by at least one third of the National Assembly; passage requires two-thirds consent of the Assembly membership and promulgation by the amir; constitutional articles on the initiation, approval, and promulgation of general legislation cannot be amended"
      },
      "note": "<strong>Note:</strong> on 10 May 2024, Amir Sheikh MISHAL al-Ahmad al-Sabah dissolved the National Assembly and suspended several articles of the constitution for up to four years"
    },
    "International law organization participation": {
      "text": "has not submitted an ICJ jurisdiction declaration; non-party state to the ICCt"
    },
    "Citizenship": {
      "citizenship by birth": {
        "text": "no"
      },
      "citizenship by descent only": {
        "text": "at least one parent must be a citizen of Kuwait"
      },
      "dual citizenship recognized": {
        "text": "no"
      },
      "residency requirement for naturalization": {
        "text": "not specified"
      }
    },
    "Suffrage": {
      "text": "21 years of age and at least 20-year citizenship"
    },
    "Executive branch": {
      "chief of state": {
        "text": "Amir MISHAL al-Ahmad al-Jabir al-Sabah (since 16 December 2023)"
      },
      "head of government": {
        "text": "Prime Minister AHMAD ABDULLAH Al-Ahmad al Sabah (since 15 May 2024)"
      },
      "cabinet": {
        "text": "Council of Ministers appointed by the prime minister, approved by the amir"
      },
      "elections/appointments": {
        "text": "amir chosen from within the ruling family, confirmed by the National Assembly; prime minister appointed by the amir"
      }
    },
    "Legislative branch": {
      "expected date of next election": {
        "text": "April 2028"
      },
      "note": "<strong>note:</strong> the unicameral National Assembly was dissolved on 10 May 2024 by Emir Sheikh Meshal al-Ahmad AL-SABAH for a period of up to four years; the Emir and cabinet officials have assumed the role of the parliament"
    },
    "Judicial branch": {
      "highest court(s)": {
        "text": "Constitutional Court (consists of 5 judges); Supreme Court or Court of Cassation (organized into several circuits, each with 5 judges)"
      },
      "judge selection and term of office": {
        "text": "all Kuwaiti judges appointed by the Amir on recommendation of the Supreme Judicial Council, a consultative body comprised of Kuwaiti judges and Ministry of Justice officials"
      },
      "subordinate courts": {
        "text": "High Court of Appeal; Court of First Instance; Summary Court"
      }
    },
    "Political parties": {
      "text": "none; the government does not recognize any political parties or allow their formation, although no formal law bans political parties"
    },
    "Diplomatic representation in the US": {
      "chief of mission": {
        "text": "Ambassador AL-ZAIN Sabah Naser Saud Al-Sabah (since 19 April 2023)"
      },
      "chancery": {
        "text": "2940 Tilden Street NW, Washington, DC 20008"
      },
      "telephone": {
        "text": "[1] (202) 966-0702"
      },
      "FAX": {
        "text": "[1] (202) 966-8468"
      },
      "email address and website": {
        "text": "<br>info@kuwaitembassy.us<br><br>https://www.kuwaitembassy.us/"
      },
      "consulate(s) general": {
        "text": "Beverly Hills (CA), New York"
      }
    },
    "Diplomatic representation from the US": {
      "chief of mission": {
        "text": "Ambassador Karen Hideko SASAHARA (since 10 March 2024)"
      },
      "embassy": {
        "text": "P.O. Box 77, Safat 13001"
      },
      "mailing address": {
        "text": "6200 Kuwait Place, Washington DC&nbsp; 20521-6200"
      },
      "telephone": {
        "text": "[00] (965) 2259-1001"
      },
      "FAX": {
        "text": "[00] (965) 2538-0282"
      },
      "email address and website": {
        "text": "<br>KuwaitACS@state.gov<br><br>https://kw.usembassy.gov/"
      }
    },
    "International organization participation": {
      "text": "ABEDA, AfDB (nonregional member), AFESD, AMF, BDEAC, CAEU, CD, FAO, G-77, GCC, IAEA, IBRD, ICAO, ICC (national committees), ICRM, IDA, IDB, IFAD, IFC, IFRCS, IHO, ILO, IMF, IMO, IMSO, Interpol, IOC, IPU, ISO, ITSO, ITU, ITUC (NGOs), LAS, MIGA, NAM, OAPEC, OIC, OPCW, OPEC, Paris Club (associate), PCA, UN, UNCTAD, UNESCO, UNHRC, UNIDO, UNOOSA, UNRWA, UN Security Council (temporary), UNWTO, UPU, WCO, WFTU (NGOs), WHO, WIPO, WMO, WTO"
    },
    "Independence": {
      "text": "19 June 1961 (from the UK)"
    },
    "National holiday": {
      "text": "National Day, 25 February (1950)"
    },
    "Flag description": {
      "text": "three equal horizontal bands of green (top), white, and red with a black trapezoid based on the hoist side; colors and design are based on the Arab Revolt flag of World War I; green stands for fertile fields, white for purity, red for blood on Kuwaiti swords, and black for defeating the enemy"
    },
    "National symbol(s)": {
      "text": "golden falcon"
    },
    "National color(s)": {
      "text": "green, white, red, black"
    },
    "National anthem": {
      "name": {
        "text": "\"Al-Nasheed Al-Watani\" (National Anthem)"
      },
      "lyrics/music": {
        "text": "Ahmad MUSHARI al-Adwani/Ibrahim Nasir al-SOULA"
      },
      "note": "<strong>note:</strong> adopted 1978; the anthem is only used on formal occasions"
    }
  },
  "Economy": {
    "Economic overview": {
      "text": "small, high-income, oil-based Middle East economy; renewable energy proponent; regional finance and investment leader; maintains oldest sovereign wealth fund; emerging space and tourism industries; mid-way through 25-year development program"
    },
    "Real GDP (purchasing power parity)": {
      "Real GDP (purchasing power parity) 2023": {
        "text": "$225.481 billion (2023 est.)"
      },
      "Real GDP (purchasing power parity) 2022": {
        "text": "$234 billion (2022 est.)"
      },
      "Real GDP (purchasing power parity) 2021": {
        "text": "$221.048 billion (2021 est.)"
      },
      "note": "<b>note:</b> data in 2021 dollars"
    },
    "Real GDP growth rate": {
      "Real GDP growth rate 2023": {
        "text": "-3.64% (2023 est.)"
      },
      "Real GDP growth rate 2022": {
        "text": "5.86% (2022 est.)"
      },
      "Real GDP growth rate 2021": {
        "text": "1.7% (2021 est.)"
      },
      "note": "<b>note:</b> annual GDP % growth based on constant local currency"
    },
    "Real GDP per capita": {
      "Real GDP per capita 2023": {
        "text": "$46,500 (2023 est.)"
      },
      "Real GDP per capita 2022": {
        "text": "$51,000 (2022 est.)"
      },
      "Real GDP per capita 2021": {
        "text": "$50,700 (2021 est.)"
      },
      "note": "<b>note:</b> data in 2021 dollars"
    },
    "GDP (official exchange rate)": {
      "text": "$163.705 billion (2023 est.)",
      "note": "<b>note:</b> data in current dollars at official exchange rate"
    },
    "Inflation rate (consumer prices)": {
      "Inflation rate (consumer prices) 2024": {
        "text": "2.9% (2024 est.)"
      },
      "Inflation rate (consumer prices) 2023": {
        "text": "3.6% (2023 est.)"
      },
      "Inflation rate (consumer prices) 2022": {
        "text": "4% (2022 est.)"
      },
      "note": "<b>note:</b> annual % change based on consumer prices"
    },
    "GDP - composition, by sector of origin": {
      "agriculture": {
        "text": "0.5% (2023 est.)"
      },
      "industry": {
        "text": "60.7% (2023 est.)"
      },
      "services": {
        "text": "51.3% (2023 est.)"
      },
      "note": "<b>note:</b> figures may not total 100% due to non-allocated consumption not captured in sector-reported data"
    },
    "GDP - composition, by end use": {
      "household consumption": {
        "text": "32.5% (2022 est.)"
      },
      "government consumption": {
        "text": "20.7% (2022 est.)"
      },
      "investment in fixed capital": {
        "text": "16.1% (2022 est.)"
      },
      "investment in inventories": {
        "text": "0.8% (2022 est.)"
      },
      "exports of goods and services": {
        "text": "60.3% (2022 est.)"
      },
      "imports of goods and services": {
        "text": "-30.4% (2022 est.)"
      },
      "note": "<strong>note:</strong> figures may not total 100% due to rounding or gaps in data collection"
    },
    "Agricultural products": {
      "text": "dates, eggs, milk, tomatoes, chicken, lamb/mutton, cucumbers/gherkins, vegetables, maize, eggplants (2023)",
      "note": "<b>note:</b> top ten agricultural products based on tonnage"
    },
    "Industries": {
      "text": "petroleum, petrochemicals, cement, shipbuilding and repair, water desalination, food processing, construction materials"
    },
    "Industrial production growth rate": {
      "text": "-5.37% (2023 est.)",
      "note": "<b>note:</b> annual % change in industrial value added based on constant local currency"
    },
    "Labor force": {
      "text": "2.991 million (2024 est.)",
      "note": "<b>note:</b> number of people ages 15 or older who are employed or seeking work"
    },
    "Unemployment rate": {
      "Unemployment rate 2024": {
        "text": "2.1% (2024 est.)"
      },
      "Unemployment rate 2023": {
        "text": "2.1% (2023 est.)"
      },
      "Unemployment rate 2022": {
        "text": "2.2% (2022 est.)"
      },
      "note": "<b>note:</b> % of labor force seeking employment"
    },
    "Youth unemployment rate (ages 15-24)": {
      "total": {
        "text": "15.4% (2024 est.)"
      },
      "male": {
        "text": "9.3% (2024 est.)"
      },
      "female": {
        "text": "28.9% (2024 est.)"
      },
      "note": "<b>note:</b> % of labor force ages 15-24 seeking employment"
    },
    "Average household expenditures": {
      "on food": {
        "text": "19.2% of household expenditures (2023 est.)"
      },
      "on alcohol and tobacco": {
        "text": "0.2% of household expenditures (2023 est.)"
      }
    },
    "Remittances": {
      "Remittances 2023": {
        "text": "0.01% of GDP (2023 est.)"
      },
      "Remittances 2022": {
        "text": "0.01% of GDP (2022 est.)"
      },
      "Remittances 2021": {
        "text": "0.54% of GDP (2021 est.)"
      },
      "note": "<b>note:</b> personal transfers and compensation between resident and non-resident individuals/households/entities"
    },
    "Budget": {
      "revenues": {
        "text": "$44.254 billion (2015 est.)"
      },
      "expenditures": {
        "text": "$59.584 billion (2015 est.)"
      },
      "note": "<b>note:</b> central government revenues and expenses (excluding grants and social security funds) converted to US dollars at average official exchange rate for year indicated"
    },
    "Public debt": {
      "Public debt 2017": {
        "text": "20.6% of GDP (2017 est.)"
      }
    },
    "Taxes and other revenues": {
      "text": "41.8% (of GDP) (2017 est.)"
    },
    "Current account balance": {
      "Current account balance 2023": {
        "text": "$51.396 billion (2023 est.)"
      },
      "Current account balance 2022": {
        "text": "$63.078 billion (2022 est.)"
      },
      "Current account balance 2021": {
        "text": "$34.943 billion (2021 est.)"
      },
      "note": "<b>note:</b> balance of payments - net trade and primary/secondary income in current dollars"
    },
    "Exports": {
      "Exports 2023": {
        "text": "$95.476 billion (2023 est.)"
      },
      "Exports 2022": {
        "text": "$110.923 billion (2022 est.)"
      },
      "Exports 2021": {
        "text": "$77.121 billion (2021 est.)"
      },
      "note": "<b>note:</b> balance of payments - exports of goods and services in current dollars"
    },
    "Exports - partners": {
      "text": "China 25%, India 13%, Japan 13%, Taiwan 7%, UK 5% (2023)",
      "note": "<b>note:</b> top five export partners based on percentage share of exports"
    },
    "Exports - commodities": {
      "text": "crude petroleum, refined petroleum, natural gas, hydrocarbons, plastics (2023)",
      "note": "<b>note:</b> top five export commodities based on value in dollars"
    },
    "Imports": {
      "Imports 2023": {
        "text": "$63.43 billion (2023 est.)"
      },
      "Imports 2022": {
        "text": "$55.909 billion (2022 est.)"
      },
      "Imports 2021": {
        "text": "$48.954 billion (2021 est.)"
      },
      "note": "<b>note:</b> balance of payments - imports of goods and services in current dollars"
    },
    "Imports - partners": {
      "text": "China 18%, UAE 10%, USA 9%, Saudi Arabia 6%, Japan 6% (2023)",
      "note": "<b>note:</b> top five import partners based on percentage share of imports"
    },
    "Imports - commodities": {
      "text": "cars, natural gas, garments, broadcasting equipment, packaged medicine (2023)",
      "note": "<b>note:</b> top five import commodities based on value in dollars"
    },
    "Reserves of foreign exchange and gold": {
      "Reserves of foreign exchange and gold 2024": {
        "text": "$44.104 billion (2024 est.)"
      },
      "Reserves of foreign exchange and gold 2023": {
        "text": "$52.619 billion (2023 est.)"
      },
      "Reserves of foreign exchange and gold 2022": {
        "text": "$52.462 billion (2022 est.)"
      },
      "note": "<b>note:</b> holdings of gold (year-end prices)/foreign exchange/special drawing rights in current dollars"
    },
    "Exchange rates": {
      "Currency": {
        "text": "Kuwaiti dinars (KD) per US dollar -"
      },
      "Exchange rates 2024": {
        "text": "0.307 (2024 est.)"
      },
      "Exchange rates 2023": {
        "text": "0.307 (2023 est.)"
      },
      "Exchange rates 2022": {
        "text": "0.306 (2022 est.)"
      },
      "Exchange rates 2021": {
        "text": "0.302 (2021 est.)"
      },
      "Exchange rates 2020": {
        "text": "0.306 (2020 est.)"
      }
    }
  },
  "Energy": {
    "Electricity access": {
      "electrification - total population": {
        "text": "100% (2022 est.)"
      }
    },
    "Electricity": {
      "installed generating capacity": {
        "text": "20.294 million kW (2023 est.)"
      },
      "consumption": {
        "text": "78.047 billion kWh (2023 est.)"
      },
      "transmission/distribution losses": {
        "text": "7.516 billion kWh (2023 est.)"
      }
    },
    "Electricity generation sources": {
      "fossil fuels": {
        "text": "97.8% of total installed capacity (2023 est.)"
      },
      "solar": {
        "text": "0.2% of total installed capacity (2023 est.)"
      },
      "wind": {
        "text": "2% of total installed capacity (2023 est.)"
      }
    },
    "Coal": {
      "consumption": {
        "text": "60,000 metric tons (2023 est.)"
      },
      "exports": {
        "text": "11 metric tons (2023 est.)"
      },
      "imports": {
        "text": "152,000 metric tons (2023 est.)"
      }
    },
    "Petroleum": {
      "total petroleum production": {
        "text": "2.91 million bbl/day (2023 est.)"
      },
      "refined petroleum consumption": {
        "text": "430,000 bbl/day (2023 est.)"
      },
      "crude oil estimated reserves": {
        "text": "101.5 billion barrels (2021 est.)"
      }
    },
    "Natural gas": {
      "production": {
        "text": "19.207 billion cubic meters (2023 est.)"
      },
      "consumption": {
        "text": "26.296 billion cubic meters (2023 est.)"
      },
      "imports": {
        "text": "8.433 billion cubic meters (2023 est.)"
      },
      "proven reserves": {
        "text": "1.784 trillion cubic meters (2021 est.)"
      }
    },
    "Carbon dioxide emissions": {
      "total emissions": {
        "text": "100.459 million metric tonnes of CO2 (2023 est.)"
      },
      "from coal and metallurgical coke": {
        "text": "149,000 metric tonnes of CO2 (2023 est.)"
      },
      "from petroleum and other liquids": {
        "text": "48.723 million metric tonnes of CO2 (2023 est.)"
      },
      "from consumed natural gas": {
        "text": "51.587 million metric tonnes of CO2 (2023 est.)"
      }
    },
    "Energy consumption per capita": {
      "Total energy consumption per capita 2023": {
        "text": "389.848 million Btu/person (2023 est.)"
      }
    }
  },
  "Communications": {
    "Telephones - fixed lines": {
      "total subscriptions": {
        "text": "573,000 (2023 est.)"
      },
      "subscriptions per 100 inhabitants": {
        "text": "12 (2023 est.)"
      }
    },
    "Telephones - mobile cellular": {
      "total subscriptions": {
        "text": "8.11 million (2023 est.)"
      },
      "subscriptions per 100 inhabitants": {
        "text": "181 (2022 est.)"
      }
    },
    "Broadcast media": {
      "text": "state-owned TV broadcaster operates 4 networks and a satellite channel; several private TV broadcasters; satellite TV available, and pan-Arab TV stations are especially popular; state-owned Radio Kuwait broadcasts on a number of channels in Arabic and English; first private radio station in 2005; transmissions of at least 2 international radio broadcasters are available (2019)"
    },
    "Internet country code": {
      "text": ".kw"
    },
    "Internet users": {
      "percent of population": {
        "text": "100% (2023 est.)"
      }
    },
    "Broadband - fixed subscriptions": {
      "total": {
        "text": "49,000 (2023 est.)"
      },
      "subscriptions per 100 inhabitants": {
        "text": "1 (2023 est.)"
      }
    }
  },
  "Transportation": {
    "Civil aircraft registration country code prefix": {
      "text": "9K"
    },
    "Airports": {
      "text": "6 (2025)"
    },
    "Heliports": {
      "text": "20 (2025)"
    },
    "Merchant marine": {
      "total": {
        "text": "176 (2023)"
      },
      "by type": {
        "text": "general cargo 15, oil tanker 28, other 133"
      }
    },
    "Ports": {
      "total ports": {
        "text": "6 (2024)"
      },
      "large": {
        "text": "0"
      },
      "medium": {
        "text": "2"
      },
      "small": {
        "text": "1"
      },
      "very small": {
        "text": "3"
      },
      "ports with oil terminals": {
        "text": "4"
      },
      "key ports": {
        "text": "Al Kuwayt, Doha Harbor, Mina Abd Allah, Mina Al Ahmadi, Mina Ash Shuaybah, Mina Az Zawr"
      }
    }
  },
  "Military and Security": {
    "Military and security forces": {
      "text": "Kuwait Armed Forces (KAF): Kuwait Army (aka Kuwait Land Forces, KLF), Kuwait Navy (aka Kuwait Naval Force), Kuwait Air Force; Kuwait National Guard (KNG)<br><br>Ministry of Interior: Kuwait Police, State Security, Kuwait Coast Guard (2025)",
      "note": "<strong>note 1:</strong> the Emiri Guard Authority and the 25th Commando Brigade are special units within the KAF that exercise independent command authority, although activities such as training and equipment procurement are often coordinated with the other services; the 25th Commando Brigade is Kuwait's leading special forces unit; the Emiri Guard Authority (aka Emiri Guard Brigade) is responsible for protecting Kuwait's heads of state<br><br><strong>note 2:</strong> the National Guard reports directly to the prime minister and the amir and possesses an independent command structure, equipment inventory, and logistics corps separate from the Ministry of Defense, the regular armed services, and the Ministry of Interior; it is responsible for protecting critical infrastructure and providing support for the Ministries of Interior and Defense as required"
    },
    "Military expenditures": {
      "Military Expenditures 2024": {
        "text": "4.9% of GDP (2024 est.)"
      },
      "Military Expenditures 2023": {
        "text": "4.8% of GDP (2023 est.)"
      },
      "Military Expenditures 2022": {
        "text": "4.5% of GDP (2022 est.)"
      },
      "Military Expenditures 2021": {
        "text": "6.5% of GDP (2021 est.)"
      },
      "Military Expenditures 2020": {
        "text": "6.3% of GDP (2020 est.)"
      }
    },
    "Military and security service personnel strengths": {
      "text": "approximately 17,000 active Kuwait Armed Forces; approximately 7,000 National Guard (2025)"
    },
    "Military equipment inventories and acquisitions": {
      "text": "the military's inventory consists of weapons from a wide variety of sources, including Western Europe, Russia, and particularly the US (2024)"
    },
    "Military service age and obligation": {
      "text": "18-55 years of age for voluntary military service; Kuwait reintroduced 12-month mandatory service for men aged 18-35 in May 2017 after having suspended conscription in 2001; mandatory service is divided in two phases – 4 months for training and 8 months for military service; women were allowed to volunteer in 2021 (2023)",
      "note": "<strong>note:</strong> the National Guard is restricted to citizens, but in 2018, the Army began allowing non-Kuwaitis to join on contract or as non-commissioned officers; that same year, it also began allowing stateless people (Bidoon) to join"
    },
    "Military - note": {
      "text": "the Kuwaiti Armed Forces (KAF) are responsible for external defense; the independent National Guard is responsible for protecting critical infrastructure and providing support for the Ministries of Interior and Defense as required, including supporting the KAF Land Forces during a conflict; the National Guard and the Ministry of Interior are the Kuwaiti Government’s lead counterterrorism organizations; Kuwait’s primary security concerns are potential threats emanating from Iran, including regional militias loyal to Iran, and Islamist terrorist groups<br><br>the KAF participates in bilateral and multilateral exercises, as well as a limited number of multinational security operations such as maritime patrols in the Persian Gulf; it also provided a few fighter aircraft to the Saudi-led coalition in Yemen in 2015; the KAF is part of the Peninsula Shield Forces, a joint military force established by the GCC countries with the aim of maintaining security and stability in the region<br><br>Kuwait's key security partner since the 1991 Gulf War has been the US; the US maintains thousands of military personnel as well as logistics and training facilities in Kuwait as part of a 1991 Defense Cooperation Agreement and a 2013 Acquisition and Cross-Servicing Agreement; the KAF conducts bilateral exercises with the US military and would look to US assistance in the event of an external attack; Kuwait has Major Non-NATO Ally status with the US, a designation under US law that provides foreign partners with certain benefits in the areas of defense trade and security cooperation (2024)"
    }
  },
  "Transnational Issues": {
    "Refugees and internally displaced persons": {
      "stateless persons": {
        "text": "92,000 (2022); note - Kuwait's 1959 Nationality Law defined citizens as persons who settled in the country before 1920 and who had maintained normal residence since then; one-third of the population, descendants of Bedouin tribes, missed the window of opportunity to register for nationality rights after Kuwait became independent in 1961 and were classified as bidun (meaning \"without\"); since the 1980s Kuwait's bidun have progressively lost their rights, including opportunities for employment and education, amid official claims that they are nationals of other countries who have destroyed their identification documents in hopes of gaining Kuwaiti citizenship; Kuwaiti authorities have delayed processing citizenship applications and labeled biduns as \"illegal residents,\" denying them access to civil documentation, such as birth and marriage certificates"
      }
    },
    "Trafficking in persons": {
      "tier rating": {
        "text": "Tier 2 Watch List — Kuwait does not fully meet the minimum standards for the elimination of trafficking, but the government has devoted sufficient resources to a written plan that, if implemented, would constitute significant efforts to meet the minimum standards; therefore, Kuwait was granted a waiver per the Trafficking Victims Protection Act from an otherwise required downgrade to Tier 3 and remained on Tier 2 Watch List for the third consecutive year; for more details, go to:  https://www.state.gov/reports/2024-trafficking-in-persons-report/kuwait/"
      }
    }
  }
}