{
  "Introduction": {
    "Background": {
      "text": "<p>Ruled by the Al Thani family since the mid-1800s, Qatar within the last 60 years transformed itself from a poor British protectorate noted mainly for pearling into an independent state with significant hydrocarbon revenues. Former Amir HAMAD bin Khalifa Al Thani, who overthrew his father in a bloodless coup in 1995, ushered in wide-sweeping political and media reforms, unprecedented economic investment, and a growing Qatari regional leadership role, in part through the creation of the pan-Arab satellite news network Al-Jazeera and Qatar's mediation of some regional conflicts. In the 2000s, Qatar resolved its longstanding border disputes with both Bahrain and Saudi Arabia, and by 2007, Doha had attained the highest per capita income in the world. Qatar did not experience domestic unrest or violence like that seen in other Near Eastern and North African countries in 2011, due in part to its immense wealth and patronage network. In mid-2013, HAMAD peacefully abdicated, transferring power to his son, the current Amir TAMIM bin Hamad. TAMIM is popular with the Qatari public for his role in shepherding the country through an economic embargo from some other regional countries, for his efforts to improve the country's healthcare and education systems, and for his expansion of the country's infrastructure in anticipation of hosting international sporting events. Qatar became the first country in the Arab world to host the FIFA Men’s World Cup in 2022.</p> Following the outbreak of regional unrest in 2011, Doha prided itself on its support for many popular revolutions, particularly in Libya and Syria. This stance was to the detriment of Qatar’s relations with Bahrain, Egypt, Saudi Arabia, and the United Arab Emirates (UAE), which temporarily recalled their respective ambassadors from Doha in 2014. TAMIM later oversaw a warming of Qatar’s relations with Bahrain, Egypt, Saudi Arabia, and the UAE in November 2014 following Kuwaiti mediation and signing of the Riyadh Agreement. This reconciliation, however, was short-lived. In 2017, Bahrain, Egypt, Saudi Arabia, and the UAE (the \"Quartet\") cut diplomatic and economic ties with Qatar in response to alleged violations of the agreement, among other complaints. They restored ties in 2021 after signing a declaration at the Gulf Cooperation Council Summit in Al Ula, Saudi Arabia. In 2022, the United States designated Qatar as a major non-NATO ally. <p> </p>"
    }
  },
  "Geography": {
    "Location": {
      "text": "Middle East, peninsula bordering the Persian Gulf and Saudi Arabia"
    },
    "Geographic coordinates": {
      "text": "25 30 N, 51 15 E"
    },
    "Map references": {
      "text": "Middle East"
    },
    "Area": {
      "total ": {
        "text": "11,586 sq km"
      },
      "land": {
        "text": "11,586 sq km"
      },
      "water": {
        "text": "0 sq km"
      }
    },
    "Area - comparative": {
      "text": "almost twice the size of Delaware; slightly smaller than Connecticut"
    },
    "Land boundaries": {
      "total": {
        "text": "87 km"
      },
      "border countries": {
        "text": "Saudi Arabia 87 km"
      }
    },
    "Coastline": {
      "text": "563 km"
    },
    "Maritime claims": {
      "territorial sea": {
        "text": "12 nm"
      },
      "contiguous zone": {
        "text": "24 nm"
      },
      "exclusive economic zone": {
        "text": "as determined by bilateral agreements or the median line"
      }
    },
    "Climate": {
      "text": "arid; mild, pleasant winters; very hot, humid summers"
    },
    "Terrain": {
      "text": "mostly flat and barren desert"
    },
    "Elevation": {
      "highest point": {
        "text": "Tuwayyir al Hamir 103 m"
      },
      "lowest point": {
        "text": "Persian Gulf 0 m"
      },
      "mean elevation": {
        "text": "28 m"
      }
    },
    "Natural resources": {
      "text": "petroleum, fish, natural gas"
    },
    "Land use": {
      "agricultural land": {
        "text": "6.4% (2022 est.)"
      },
      "agricultural land: arable land": {
        "text": "arable land: 1.8% (2022 est.)"
      },
      "agricultural land: permanent crops": {
        "text": "permanent crops: 0.3% (2022 est.)"
      },
      "agricultural land: permanent pasture": {
        "text": "permanent pasture: 4.4% (2022 est.)"
      },
      "forest": {
        "text": "0% (2022 est.)"
      },
      "other": {
        "text": "93.6% (2022 est.)"
      }
    },
    "Irrigated land": {
      "text": "130 sq km (2022)"
    },
    "Major aquifers": {
      "text": "Arabian Aquifer System"
    },
    "Population distribution": {
      "text": "most of the population is clustered in or around the capital of Doha on the eastern side of the peninsula"
    },
    "Natural hazards": {
      "text": "haze, dust storms, sandstorms common"
    },
    "Geography - note": {
      "text": "the peninsula occupies a strategic location in the central Persian Gulf near major petroleum deposits"
    }
  },
  "People and Society": {
    "Population": {
      "total": {
        "text": "2,552,088 (2024 est.)"
      },
      "male": {
        "text": "1,961,135"
      },
      "female": {
        "text": "590,953"
      }
    },
    "Nationality": {
      "noun": {
        "text": "Qatari(s)"
      },
      "adjective": {
        "text": "Qatari"
      }
    },
    "Ethnic groups": {
      "text": "non-Qatari 88.4%, Qatari 11.6% (2015 est.)"
    },
    "Languages": {
      "Languages": {
        "text": "Arabic (official), English commonly used as a second language"
      },
      "major-language sample(s)": {
        "text": "<br>كتاب حقائق العالم، المصدر الذي لا يمكن الاستغناء عنه للمعلومات الأساسية (Arabic)<br><br>The World Factbook, the indispensable source for basic information."
      }
    },
    "Religions": {
      "text": "Muslim 65.2%, Christian 13.7%, Hindu 15.9%, Buddhist 3.8%, folk religion &lt;0.1%, Jewish &lt;0.1%, other &lt;1%, unaffiliated &lt;1% (2020 est.)"
    },
    "Age structure": {
      "0-14 years": {
        "text": "13.1% (male 168,844/female 165,905)"
      },
      "15-64 years": {
        "text": "85.4% (male 1,767,294/female 411,977)"
      },
      "65 years and over": {
        "text": "1.5% (2024 est.) (male 24,997/female 13,071)"
      }
    },
    "Dependency ratios": {
      "total dependency ratio": {
        "text": "17.1 (2024 est.)"
      },
      "youth dependency ratio": {
        "text": "15.4 (2024 est.)"
      },
      "elderly dependency ratio": {
        "text": "1.7 (2024 est.)"
      },
      "potential support ratio": {
        "text": "57.2 (2024 est.)"
      }
    },
    "Median age": {
      "total": {
        "text": "34.3 years (2024 est.)"
      },
      "male": {
        "text": "35.7 years"
      },
      "female": {
        "text": "28.1 years"
      }
    },
    "Population growth rate": {
      "text": "0.71% (2024 est.)"
    },
    "Birth rate": {
      "text": "9.2 births/1,000 population (2024 est.)"
    },
    "Death rate": {
      "text": "1.4 deaths/1,000 population (2024 est.)"
    },
    "Net migration rate": {
      "text": "-0.7 migrant(s)/1,000 population (2024 est.)"
    },
    "Population distribution": {
      "text": "most of the population is clustered in or around the capital of Doha on the eastern side of the peninsula"
    },
    "Urbanization": {
      "urban population": {
        "text": "99.4% of total population (2023)"
      },
      "rate of urbanization": {
        "text": "1.66% annual rate of change (2020-25 est.)"
      }
    },
    "Major urban areas - population": {
      "text": "798,000 Ar-Rayyan, 658,000 DOHA (capital) (2023)"
    },
    "Sex ratio": {
      "at birth": {
        "text": "1.02 male(s)/female"
      },
      "0-14 years": {
        "text": "1.02 male(s)/female"
      },
      "15-64 years": {
        "text": "4.29 male(s)/female"
      },
      "65 years and over": {
        "text": "1.91 male(s)/female"
      },
      "total population": {
        "text": "3.32 male(s)/female (2024 est.)"
      }
    },
    "Maternal mortality ratio": {
      "text": "8 deaths/100,000 live births (2020 est.)"
    },
    "Infant mortality rate": {
      "total": {
        "text": "6.4 deaths/1,000 live births (2024 est.)"
      },
      "male": {
        "text": "7 deaths/1,000 live births"
      },
      "female": {
        "text": "5.8 deaths/1,000 live births"
      }
    },
    "Life expectancy at birth": {
      "total population": {
        "text": "80.3 years (2024 est.)"
      },
      "male": {
        "text": "78.2 years"
      },
      "female": {
        "text": "82.4 years"
      }
    },
    "Total fertility rate": {
      "text": "1.9 children born/woman (2024 est.)"
    },
    "Gross reproduction rate": {
      "text": "0.94 (2024 est.)"
    },
    "Contraceptive prevalence rate": {
      "text": "37.5% (2012)"
    },
    "Drinking water source": {
      "improved: urban": {
        "text": "urban: NA"
      },
      "improved: rural": {
        "text": "rural: NA"
      },
      "improved: total": {
        "text": "total: 99.6% of population"
      },
      "unimproved: urban": {
        "text": "urban: NA"
      },
      "unimproved: rural": {
        "text": "rural: NA"
      },
      "unimproved: total": {
        "text": "total: 0.4% of population (2020 est.)"
      }
    },
    "Health expenditure": {
      "Health expenditure (as % of GDP)": {
        "text": "2.9% of GDP (2021)"
      },
      "Health expenditure (as % of national budget)": {
        "text": "7.4% of national budget (2022 est.)"
      }
    },
    "Physician density": {
      "text": "3.02 physicians/1,000 population (2023)"
    },
    "Hospital bed density": {
      "text": "1.1 beds/1,000 population (2019 est.)"
    },
    "Sanitation facility access": {
      "improved: urban": {
        "text": "urban: NA"
      },
      "improved: rural": {
        "text": "rural: NA"
      },
      "improved: total": {
        "text": "total: 100% of population"
      },
      "unimproved: urban": {
        "text": "urban: NA"
      },
      "unimproved: rural": {
        "text": "rural: NA"
      },
      "unimproved: total": {
        "text": "total: 0% of population (2020 est.)"
      }
    },
    "Obesity - adult prevalence rate": {
      "text": "35.1% (2016)"
    },
    "Alcohol consumption per capita": {
      "total": {
        "text": "0.96 liters of pure alcohol (2019 est.)"
      },
      "beer": {
        "text": "0.29 liters of pure alcohol (2019 est.)"
      },
      "wine": {
        "text": "0.07 liters of pure alcohol (2019 est.)"
      },
      "spirits": {
        "text": "0.59 liters of pure alcohol (2019 est.)"
      },
      "other alcohols": {
        "text": "0.01 liters of pure alcohol (2019 est.)"
      }
    },
    "Tobacco use": {
      "total": {
        "text": "19.2% (2025 est.)"
      },
      "male": {
        "text": "24.6% (2025 est.)"
      },
      "female": {
        "text": "2.3% (2025 est.)"
      }
    },
    "Currently married women (ages 15-49)": {
      "text": "65.8% (2023 est.)"
    },
    "Education expenditure": {
      "Education expenditure (% GDP)": {
        "text": "3.2% of GDP (2020 est.)"
      },
      "Education expenditure (% national budget)": {
        "text": "9.3% national budget (2020 est.)"
      }
    },
    "Literacy": {
      "total population": {
        "text": "93.5%"
      },
      "male": {
        "text": "92.4%"
      },
      "female": {
        "text": "94.7% (2017)"
      }
    },
    "School life expectancy (primary to tertiary education)": {
      "total": {
        "text": "13 years"
      },
      "male": {
        "text": "12 years"
      },
      "female": {
        "text": "15 years (2021)"
      }
    }
  },
  "Environment": {
    "Environment - current issues": {
      "text": "air, land, and water pollution; limited natural freshwater resources; limited conservation of oil and wildlife&nbsp;"
    },
    "Environment - international agreements": {
      "party to": {
        "text": "Biodiversity, Climate Change, Climate Change-Kyoto Protocol, Comprehensive Nuclear Test Ban, Desertification, Endangered Species, Hazardous Wastes, Law of the Sea, Ozone Layer Protection, Ship Pollution"
      },
      "signed, but not ratified": {
        "text": "none of the selected agreements"
      }
    },
    "Climate": {
      "text": "arid; mild, pleasant winters; very hot, humid summers"
    },
    "Land use": {
      "agricultural land": {
        "text": "6.4% (2022 est.)"
      },
      "agricultural land: arable land": {
        "text": "arable land: 1.8% (2022 est.)"
      },
      "agricultural land: permanent crops": {
        "text": "permanent crops: 0.3% (2022 est.)"
      },
      "agricultural land: permanent pasture": {
        "text": "permanent pasture: 4.4% (2022 est.)"
      },
      "forest": {
        "text": "0% (2022 est.)"
      },
      "other": {
        "text": "93.6% (2022 est.)"
      }
    },
    "Urbanization": {
      "urban population": {
        "text": "99.4% of total population (2023)"
      },
      "rate of urbanization": {
        "text": "1.66% annual rate of change (2020-25 est.)"
      }
    },
    "Air pollutants": {
      "particulate matter emissions": {
        "text": "59.04 micrograms per cubic meter (2019 est.)"
      },
      "carbon dioxide emissions": {
        "text": "103.26 megatons (2016 est.)"
      },
      "methane emissions": {
        "text": "8.34 megatons (2020 est.)"
      }
    },
    "Waste and recycling": {
      "municipal solid waste generated annually": {
        "text": "1,000,990 tons (2012 est.)"
      },
      "municipal solid waste recycled annually": {
        "text": "30,030 tons (2014 est.)"
      },
      "percent of municipal solid waste recycled": {
        "text": "3% (2014 est.)"
      }
    },
    "Major aquifers": {
      "text": "Arabian Aquifer System"
    },
    "Total water withdrawal": {
      "municipal": {
        "text": "530 million cubic meters (2020 est.)"
      },
      "industrial": {
        "text": "400 million cubic meters (2020 est.)"
      },
      "agricultural": {
        "text": "320 million cubic meters (2020 est.)"
      }
    },
    "Total renewable water resources": {
      "text": "60 million cubic meters (2020 est.)"
    }
  },
  "Government": {
    "Country name": {
      "conventional long form": {
        "text": "State of Qatar"
      },
      "conventional short form": {
        "text": "Qatar"
      },
      "local long form": {
        "text": "Dawlat Qatar"
      },
      "local short form": {
        "text": "Qatar"
      },
      "etymology": {
        "text": "the name may derive from the Arabic word <em>katran</em>, meaning \"tar\" or \"resin\" in reference to the area's oil and natural gas reserves"
      },
      "note": "<strong>note:</strong> closest approximation of the native pronunciation is GAT-tar or COT-tar"
    },
    "Government type": {
      "text": "absolute monarchy"
    },
    "Capital": {
      "name": {
        "text": "Doha"
      },
      "geographic coordinates": {
        "text": "25 17 N, 51 32 E"
      },
      "time difference": {
        "text": "UTC+3 (8 hours ahead of Washington, DC, during Standard Time)"
      },
      "etymology": {
        "text": "the name is derived from the Arabic <em>ad-dawha</em>, meaning \"the big tree,\" and probably referred to a large tree at the site of the original fishing village"
      }
    },
    "Administrative divisions": {
      "text": "8 municipalities (<em>baladiyat</em>, singular - <em>baladiyah</em>); Ad Dawhah, Al Khawr wa adh Dhakhirah, Al Wakrah, Ar Rayyan, Ash Shamal, Ash Shihaniyah, Az Za'ayin, Umm Salal"
    },
    "Legal system": {
      "text": "mixed system of civil law and Islamic (sharia) law (in family and personal matters)"
    },
    "Constitution": {
      "history": {
        "text": "previous 1972 (provisional); latest drafted 2 July 2002, approved by referendum 29 April 2003, endorsed 8 June 2004, effective 9 June 2005"
      },
      "amendment process": {
        "text": "proposed by the Amir or by one third of Advisory Council members; passage requires two-thirds majority vote of Advisory Council members and approval and promulgation by the emir; articles pertaining to the rule of state and its inheritance, functions of the emir, and citizen rights and liberties cannot be amended"
      }
    },
    "International law organization participation": {
      "text": "has not submitted an ICJ jurisdiction declaration; non-party state to the ICCt"
    },
    "Citizenship": {
      "citizenship by birth": {
        "text": "no"
      },
      "citizenship by descent only": {
        "text": "the father must be a citizen of Qatar"
      },
      "dual citizenship recognized": {
        "text": "no"
      },
      "residency requirement for naturalization": {
        "text": "20 years; 15 years if an Arab national"
      }
    },
    "Suffrage": {
      "text": "18 years of age; universal"
    },
    "Executive branch": {
      "chief of state": {
        "text": "Amir TAMIM bin Hamad Al Thani (since 25 June 2013)"
      },
      "head of government": {
        "text": "Prime Minister and Foreign Minister MUHAMMAD bin Abd al-Rahman Al Thani (since 7 March 2023)"
      },
      "cabinet": {
        "text": "Council of Ministers appointed by the amir"
      },
      "elections/appointments": {
        "text": "the monarchy is hereditary; prime minister appointed by the amir"
      }
    },
    "Legislative branch": {
      "legislature name": {
        "text": "Shura Council (Majlis Al-Shura)"
      },
      "legislative structure": {
        "text": "unicameral"
      },
      "number of seats": {
        "text": "45 (30 directly elected; 15 appointed)"
      },
      "electoral system": {
        "text": "plurality/majority"
      },
      "scope of elections": {
        "text": "full renewal"
      },
      "term in office": {
        "text": "4 years"
      },
      "most recent election date": {
        "text": "10/2/2021"
      },
      "percentage of women in chamber": {
        "text": "4.4%"
      },
      "expected date of next election": {
        "text": "September 2025"
      }
    },
    "Judicial branch": {
      "highest court(s)": {
        "text": "Supreme Court or Court of Cassation (consists of the court president and several judges); Supreme Constitutional Court (consists of the chief justice and 6 members)"
      },
      "judge selection and term of office": {
        "text": "Supreme Court judges nominated by the Supreme Judiciary Council, a 9-member independent body consisting of judiciary heads appointed by the amir; judges appointed for 3-year renewable terms; Supreme Constitutional Court members nominated by the Supreme Judiciary Council and appointed by the monarch; term of appointment NA"
      },
      "subordinate courts": {
        "text": "Courts of Appeal; Administrative Court; Courts of First Instance; sharia courts; Courts of Justice; Qatar International Court and Dispute Resolution Center, established in 2009, provides dispute resolution services for institutions and bodies in Qatar, as well as internationally"
      }
    },
    "Political parties": {
      "text": "political parties are banned"
    },
    "Diplomatic representation in the US": {
      "chief of mission": {
        "text": "Ambassador Meshal bin Hamad AL THANI (since 24 April 2017)"
      },
      "chancery": {
        "text": "2555 M Street NW, Washington, DC 20037"
      },
      "telephone": {
        "text": "[1] (202) 274-1600"
      },
      "FAX": {
        "text": "[1] (202) 237-0682"
      },
      "email address and website": {
        "text": "<br>info.dc@mofa.gov.qa<br><br>https://washington.embassy.qa/en/home"
      },
      "consulate(s) general": {
        "text": "Houston, Los Angeles, New York"
      }
    },
    "Diplomatic representation from the US": {
      "chief of mission": {
        "text": "Ambassador Timmy DAVIS (since 5 September 2022)"
      },
      "embassy": {
        "text": "22 February Street, Al Luqta District, P.O. Box 2399, Doha"
      },
      "mailing address": {
        "text": "6130 Doha Place, Washington DC&nbsp; 20521-6130"
      },
      "telephone": {
        "text": "[974] 4496-6000"
      },
      "FAX": {
        "text": "[974] 4488-4298"
      },
      "email address and website": {
        "text": "<br>PasDoha@state.gov<br><br>https://qa.usembassy.gov/"
      }
    },
    "International organization participation": {
      "text": "ABEDA, AFESD, AMF, CAEU, CD, CICA (observer), EITI (implementing country), FAO, G-77, GCC, IAEA, IBRD, ICAO, ICC (national committees), ICRM, IDA, IDB, IFAD, IFC, IFRCS, IHO, ILO, IMF, IMO, IMSO, Interpol, IOC, IOM (observer), IPU, ISO, ITSO, ITU, LAS, MIGA, NAM, OAPEC, OAS (observer), OIC, OIF, OPCW, OPEC, PCA, UN, UNCTAD, UNESCO, UNHRC, UNIDO, UNIFIL, UNOOSA, UNWTO, UPU, WCO, WHO, WIPO, WMO, WTO"
    },
    "Independence": {
      "text": "3 September 1971 (from the UK)"
    },
    "National holiday": {
      "text": "National Day, 18 December (1878), anniversary of Al Thani family accession to the throne; Independence Day, 3 September (1971)"
    },
    "Flag description": {
      "text": "maroon with a broad white serrated band on the hoist side; maroon stands for the blood shed in Qatari wars, and white for peace; the nine-pointed serrated edge is a reference to Qatar's status as the ninth member of the \"reconciled emirates\" after the Qatari-British treaty of 1916",
      "note": "<strong>note:</strong> the other eight emirates are Bahrain and the seven that are part of the UAE"
    },
    "National symbol(s)": {
      "text": "a white serrated band with nine white points on top of a maroon field"
    },
    "National color(s)": {
      "text": "maroon, white"
    },
    "National anthem": {
      "name": {
        "text": "\"Al-Salam Al-Amiri\" (The Amiri Salute)"
      },
      "lyrics/music": {
        "text": "Sheikh MUBARAK bin Saif al-Thani/Abdul Aziz Nasser OBAIDAN"
      },
      "note": "<strong>note:</strong> adopted 1996; anthem first performed that year at a meeting of the Gulf Cooperative Council hosted by Qatar"
    },
    "National heritage": {
      "total World Heritage Sites": {
        "text": "1 (cultural)"
      },
      "selected World Heritage Site locales": {
        "text": "Al Zubarah Archaeological Site"
      }
    }
  },
  "Economy": {
    "Economic overview": {
      "text": "<p>high-income, oil-and-gas-based Middle Eastern economy; implementing “National Vision 2030” government strategy for economic development, diversification, and favorable business conditions to boost investment and employment; expansion of LNG sector expected to boost growth; Islamic finance leader</p>"
    },
    "Real GDP (purchasing power parity)": {
      "Real GDP (purchasing power parity) 2023": {
        "text": "$308.522 billion (2023 est.)"
      },
      "Real GDP (purchasing power parity) 2022": {
        "text": "$304.903 billion (2022 est.)"
      },
      "Real GDP (purchasing power parity) 2021": {
        "text": "$292.655 billion (2021 est.)"
      },
      "note": "<b>note:</b> data in 2021 dollars"
    },
    "Real GDP growth rate": {
      "Real GDP growth rate 2023": {
        "text": "1.19% (2023 est.)"
      },
      "Real GDP growth rate 2022": {
        "text": "4.19% (2022 est.)"
      },
      "Real GDP growth rate 2021": {
        "text": "1.63% (2021 est.)"
      },
      "note": "<b>note:</b> annual GDP % growth based on constant local currency"
    },
    "Real GDP per capita": {
      "Real GDP per capita 2023": {
        "text": "$116,200 (2023 est.)"
      },
      "Real GDP per capita 2022": {
        "text": "$114,700 (2022 est.)"
      },
      "Real GDP per capita 2021": {
        "text": "$116,800 (2021 est.)"
      },
      "note": "<b>note:</b> data in 2021 dollars"
    },
    "GDP (official exchange rate)": {
      "text": "$213.003 billion (2023 est.)",
      "note": "<b>note:</b> data in current dollars at official exchange rate"
    },
    "Inflation rate (consumer prices)": {
      "Inflation rate (consumer prices) 2024": {
        "text": "1.3% (2024 est.)"
      },
      "Inflation rate (consumer prices) 2023": {
        "text": "3% (2023 est.)"
      },
      "Inflation rate (consumer prices) 2022": {
        "text": "5% (2022 est.)"
      },
      "note": "<b>note:</b> annual % change based on consumer prices"
    },
    "GDP - composition, by sector of origin": {
      "agriculture": {
        "text": "0.3% (2023 est.)"
      },
      "industry": {
        "text": "60.4% (2023 est.)"
      },
      "services": {
        "text": "45.3% (2023 est.)"
      },
      "note": "<b>note:</b> figures may not total 100% due to non-allocated consumption not captured in sector-reported data"
    },
    "GDP - composition, by end use": {
      "household consumption": {
        "text": "19.5% (2022 est.)"
      },
      "government consumption": {
        "text": "12.9% (2022 est.)"
      },
      "investment in fixed capital": {
        "text": "30.6% (2022 est.)"
      },
      "investment in inventories": {
        "text": "0% (2022 est.)"
      },
      "exports of goods and services": {
        "text": "68.6% (2022 est.)"
      },
      "imports of goods and services": {
        "text": "-31.6% (2022 est.)"
      },
      "note": "<strong>note:</strong> figures may not total 100% due to rounding or gaps in data collection"
    },
    "Agricultural products": {
      "text": "dates, chicken, tomatoes, camel milk, vegetables, cucumbers/gherkins, pumpkins/squash, eggs, sheep milk, eggplants (2023)",
      "note": "<b>note:</b> top ten agricultural products based on tonnage"
    },
    "Industries": {
      "text": "liquefied natural gas, crude oil production and refining, ammonia, fertilizer, petrochemicals, steel reinforcing bars, cement, commercial ship repair"
    },
    "Industrial production growth rate": {
      "text": "0.31% (2023 est.)",
      "note": "<b>note:</b> annual % change in industrial value added based on constant local currency"
    },
    "Labor force": {
      "text": "2.024 million (2024 est.)",
      "note": "<b>note:</b> number of people ages 15 or older who are employed or seeking work"
    },
    "Unemployment rate": {
      "Unemployment rate 2024": {
        "text": "0.1% (2024 est.)"
      },
      "Unemployment rate 2023": {
        "text": "0.1% (2023 est.)"
      },
      "Unemployment rate 2022": {
        "text": "0.1% (2022 est.)"
      },
      "note": "<b>note:</b> % of labor force seeking employment"
    },
    "Youth unemployment rate (ages 15-24)": {
      "total": {
        "text": "0.4% (2024 est.)"
      },
      "male": {
        "text": "0.1% (2024 est.)"
      },
      "female": {
        "text": "1.2% (2024 est.)"
      },
      "note": "<b>note:</b> % of labor force ages 15-24 seeking employment"
    },
    "Gini Index coefficient - distribution of family income": {
      "Gini Index coefficient - distribution of family income 2017": {
        "text": "35.1 (2017 est.)"
      }
    },
    "Average household expenditures": {
      "on food": {
        "text": "14.6% of household expenditures (2023 est.)"
      },
      "on alcohol and tobacco": {
        "text": "0.3% of household expenditures (2023 est.)"
      }
    },
    "Household income or consumption by percentage share": {
      "lowest 10%": {
        "text": "2.6% (2017 est.)"
      },
      "highest 10%": {
        "text": "25.8% (2017 est.)"
      }
    },
    "Remittances": {
      "Remittances 2023": {
        "text": "0.67% of GDP (2023 est.)"
      },
      "Remittances 2022": {
        "text": "0.44% of GDP (2022 est.)"
      },
      "Remittances 2021": {
        "text": "0.48% of GDP (2021 est.)"
      },
      "note": "<b>note:</b> personal transfers and compensation between resident and non-resident individuals/households/entities"
    },
    "Budget": {
      "revenues": {
        "text": "$65.922 billion (2019 est.)"
      },
      "expenditures": {
        "text": "$57.258 billion (2019 est.)"
      }
    },
    "Public debt": {
      "Public debt 2017": {
        "text": "53.8% of GDP (2017 est.)"
      }
    },
    "Taxes and other revenues": {
      "text": "26.4% (of GDP) (2017 est.)"
    },
    "Current account balance": {
      "Current account balance 2023": {
        "text": "$36.453 billion (2023 est.)"
      },
      "Current account balance 2022": {
        "text": "$63.118 billion (2022 est.)"
      },
      "Current account balance 2021": {
        "text": "$26.319 billion (2021 est.)"
      },
      "note": "<b>note:</b> balance of payments - net trade and primary/secondary income in current dollars"
    },
    "Exports": {
      "Exports 2023": {
        "text": "$128.709 billion (2023 est.)"
      },
      "Exports 2022": {
        "text": "$161.693 billion (2022 est.)"
      },
      "Exports 2021": {
        "text": "$105.549 billion (2021 est.)"
      },
      "note": "<b>note:</b> balance of payments - exports of goods and services in current dollars"
    },
    "Exports - partners": {
      "text": "China 18%, India 11%, S. Korea 10%, Japan 7%, Pakistan 6% (2023)",
      "note": "<b>note:</b> top five export partners based on percentage share of exports"
    },
    "Exports - commodities": {
      "text": "natural gas, crude petroleum, refined petroleum, plastics, fertilizers (2023)",
      "note": "<b>note:</b> top five export commodities based on value in dollars"
    },
    "Imports": {
      "Imports 2023": {
        "text": "$72.174 billion (2023 est.)"
      },
      "Imports 2022": {
        "text": "$74.52 billion (2022 est.)"
      },
      "Imports 2021": {
        "text": "$61.204 billion (2021 est.)"
      },
      "note": "<b>note:</b> balance of payments - imports of goods and services in current dollars"
    },
    "Imports - partners": {
      "text": "USA 12%, China 12%, UAE 9%, UK 7%, India 5% (2023)",
      "note": "<b>note:</b> top five import partners based on percentage share of imports"
    },
    "Imports - commodities": {
      "text": "gas turbines, cars, aircraft, iron pipes, ships (2023)",
      "note": "<b>note:</b> top five import commodities based on value in dollars"
    },
    "Reserves of foreign exchange and gold": {
      "Reserves of foreign exchange and gold 2024": {
        "text": "$44.692 billion (2024 est.)"
      },
      "Reserves of foreign exchange and gold 2023": {
        "text": "$51.539 billion (2023 est.)"
      },
      "Reserves of foreign exchange and gold 2022": {
        "text": "$47.389 billion (2022 est.)"
      },
      "note": "<b>note:</b> holdings of gold (year-end prices)/foreign exchange/special drawing rights in current dollars"
    },
    "Exchange rates": {
      "Currency": {
        "text": "Qatari rials (QAR) per US dollar -"
      },
      "Exchange rates 2024": {
        "text": "3.64 (2024 est.)"
      },
      "Exchange rates 2023": {
        "text": "3.64 (2023 est.)"
      },
      "Exchange rates 2022": {
        "text": "3.64 (2022 est.)"
      },
      "Exchange rates 2021": {
        "text": "3.64 (2021 est.)"
      },
      "Exchange rates 2020": {
        "text": "3.64 (2020 est.)"
      }
    }
  },
  "Energy": {
    "Electricity access": {
      "electrification - total population": {
        "text": "100% (2022 est.)"
      }
    },
    "Electricity": {
      "installed generating capacity": {
        "text": "11.4 million kW (2023 est.)"
      },
      "consumption": {
        "text": "51.965 billion kWh (2023 est.)"
      },
      "transmission/distribution losses": {
        "text": "3.177 billion kWh (2023 est.)"
      }
    },
    "Electricity generation sources": {
      "fossil fuels": {
        "text": "99.7% of total installed capacity (2023 est.)"
      },
      "biomass and waste": {
        "text": "0.2% of total installed capacity (2023 est.)"
      }
    },
    "Coal": {
      "exports": {
        "text": "300 metric tons (2023 est.)"
      },
      "imports": {
        "text": "4,000 metric tons (2023 est.)"
      }
    },
    "Petroleum": {
      "total petroleum production": {
        "text": "1.818 million bbl/day (2023 est.)"
      },
      "refined petroleum consumption": {
        "text": "268,000 bbl/day (2023 est.)"
      },
      "crude oil estimated reserves": {
        "text": "25.244 billion barrels (2021 est.)"
      }
    },
    "Natural gas": {
      "production": {
        "text": "171.805 billion cubic meters (2023 est.)"
      },
      "consumption": {
        "text": "48.034 billion cubic meters (2023 est.)"
      },
      "exports": {
        "text": "124.747 billion cubic meters (2023 est.)"
      },
      "proven reserves": {
        "text": "23.861 trillion cubic meters (2021 est.)"
      }
    },
    "Carbon dioxide emissions": {
      "total emissions": {
        "text": "127.783 million metric tonnes of CO2 (2023 est.)"
      },
      "from coal and metallurgical coke": {
        "text": "10,000 metric tonnes of CO2 (2023 est.)"
      },
      "from petroleum and other liquids": {
        "text": "27.781 million metric tonnes of CO2 (2023 est.)"
      },
      "from consumed natural gas": {
        "text": "99.991 million metric tonnes of CO2 (2023 est.)"
      }
    },
    "Energy consumption per capita": {
      "Total energy consumption per capita 2023": {
        "text": "814.308 million Btu/person (2023 est.)"
      }
    }
  },
  "Communications": {
    "Telephones - fixed lines": {
      "total subscriptions": {
        "text": "526,000 (2023 est.)"
      },
      "subscriptions per 100 inhabitants": {
        "text": "18 (2023 est.)"
      }
    },
    "Telephones - mobile cellular": {
      "total subscriptions": {
        "text": "4.7 million (2023 est.)"
      },
      "subscriptions per 100 inhabitants": {
        "text": "174 (2022 est.)"
      }
    },
    "Broadcast media": {
      "text": "state-controlled TV and radio licensing and access to local media markets; home of satellite TV channel Al-Jazeera, which was originally&nbsp; state-owned but is now independent; local radio includes state, private, and international broadcasters on FM frequencies; satellite TV available (2019)"
    },
    "Internet country code": {
      "text": ".qa"
    },
    "Internet users": {
      "percent of population": {
        "text": "100% (2023 est.)"
      }
    },
    "Broadband - fixed subscriptions": {
      "total": {
        "text": "347,000 (2023 est.)"
      },
      "subscriptions per 100 inhabitants": {
        "text": "12 (2023 est.)"
      }
    }
  },
  "Transportation": {
    "Civil aircraft registration country code prefix": {
      "text": "A7"
    },
    "Airports": {
      "text": "8 (2025)"
    },
    "Heliports": {
      "text": "12 (2025)"
    },
    "Merchant marine": {
      "total": {
        "text": "123 (2023)"
      },
      "by type": {
        "text": "bulk carrier 5, container ship 4, general cargo 4, oil tanker 2, other 108"
      }
    },
    "Ports": {
      "total ports": {
        "text": "6 (2024)"
      },
      "large": {
        "text": "0"
      },
      "medium": {
        "text": "1"
      },
      "small": {
        "text": "2"
      },
      "very small": {
        "text": "3"
      },
      "ports with oil terminals": {
        "text": "5"
      },
      "key ports": {
        "text": "Al Rayyan Terminal, Al Shaheen Terminal, Doha, Jazirat Halul, Ras Laffan, Umm Said"
      }
    }
  },
  "Military and Security": {
    "Military and security forces": {
      "text": "Qatar Armed Forces (QAF): Qatari Amiri Land Force (QALF, includes Emiri Guard), Qatari Amiri Navy (QAN, includes Coast Guard), Qatari Amiri Air Force (QAAF)<br><br>Ministry of Interior: General Directorate of Public Security, General Directorate of Coasts and Border Security, Internal Security Force (ISF or Lekhwiya) (2025)"
    },
    "Military expenditures": {
      "Military Expenditures 2023": {
        "text": "5% of GDP (2023 est.)"
      },
      "Military Expenditures 2022": {
        "text": "5% of GDP (2022 est.)"
      },
      "Military Expenditures 2021": {
        "text": "4% of GDP (2021 est.)"
      },
      "Military Expenditures 2020": {
        "text": "4% of GDP (2020 est.)"
      },
      "Military Expenditures 2019": {
        "text": "3.4% of GDP (2019 est.)"
      }
    },
    "Military and security service personnel strengths": {
      "text": "approximately 15,000 active-duty Qatar Armed Forces (2025)"
    },
    "Military equipment inventories and acquisitions": {
      "text": "the Qatari military's inventory includes a broad mix of older and modern weapons systems, mostly from the US and Europe; in the 2010s, Qatar embarked on a military expansion and modernization program with large air, ground, and naval equipment purchases; in recent years, major suppliers have included France, Germany, Italy, the UK, and the US; Qatar is one of the world's largest arms importers (2024)"
    },
    "Military service age and obligation": {
      "text": "conscription for men aged 18-35 introduced in 2013; compulsory service times range from 4-12 months, depending on educational and professional circumstances; since 2018, women have been permitted to serve as volunteers in the armed forces, including as uniformed officers and pilots (2023)",
      "note": "<strong>note:</strong> the military incorporates about 2,000 conscripts annually and recruits foreign contract soldiers to overcome manpower limitations"
    },
    "Military - note": {
      "text": "Qatar's military is a small and well-equipped force that is responsible for defense against external threats; following the downturn in ties with Bahrain, Egypt, Saudi Arabia, and the UAE in the mid-2010s, the Qatari Government embarked on an arms acquisition and modernization program to increase the military's capabilities and regional standing; the Air Force's inventory of combat aircraft, for example, grew from 12 older models in 2017 to more than 60 modern multirole fighter aircraft from Europe and the US by the 2020s; it is slated to further increase to about 100 such aircraft; other aircraft acquisitions have included US attack helicopters; the Land Force has re-equipped its armored, mechanized, and artillery units with modern tanks, armored vehicles, and self-propelled artillery, mostly with purchases from Germany and Turkey; meanwhile, the Navy over the same period has received several corvettes and offshore patrol vessels from Italy and Turkey<br><br>Qatar hosts the regional headquarters for the US Central Command (CENTCOM; established 1983) and several thousand US military forces at various military facilities, including the Al Udeid Air Base; it has Major Non-NATO Ally status with the US, a designation under US law that provides foreign partners with certain benefits in the areas of defense trade and security cooperation; Qatar also has close security ties with Turkey and hosts Turkish military forces at two bases established in 2014 and 2019; the Qatari military is part of the Peninsula Shield Forces, a joint military force established by the Gulf Cooperation Council (GCC) countries with the aim of maintaining security and stability in the region (2024)"
    }
  },
  "Terrorism": {
  },
  "Transnational Issues": {
    "Refugees and internally displaced persons": {
      "stateless persons": {
        "text": "1,200 (2022)"
      }
    }
  }
}