{
  "Introduction": {
    "Background": {
      "text": "<p>Ahmad Shah DURRANI unified the Pashtun tribes and founded Afghanistan in 1747. The country served as a buffer between the British and Russian Empires until it won independence from notional British control in 1919. A brief experiment in increased democracy ended in a 1973 coup and a 1978 communist countercoup. The Soviet Union invaded in 1979 to support the tottering Afghan communist regime, touching off a long and destructive war. Internationally supported anti-communist mujahidin rebels forced the USSR to withdraw in 1989. A series of subsequent civil wars saw Kabul finally fall in 1996 to the Taliban, a hardline Pakistani-sponsored movement. Following the 11 September 2001 terrorist attacks, a US and Allied military action toppled the Taliban for sheltering Usama BIN LADIN.</p> <p>A UN-sponsored Bonn Conference in 2001 established a process for political reconstruction that included the adoption of a new constitution, a presidential election in 2004, and National Assembly elections in 2005. In 2004, Hamid KARZAI became the first democratically elected president of Afghanistan, and he was reelected in 2009. Ashraf Ghani AHMADZAI succeeded him as president in 2014 following a disputed election. The Taliban conducted an insurgency for two decades against the Afghan Government and forces from the United States and other countries. In February 2020, the US and the Taliban signed an agreement that led to the withdrawal of international forces in exchange for commitments on counterterrorism and other assurances. The Taliban took over Afghanistan on 15 August 2021.<br><br>The Taliban established an all-male interim leadership structure dominated by Pashtun clerics under the leadership of Haivatrullah AKHUNDZADA. The Taliban issued numerous edicts that constrained women's mobility, ability to study and work, and access to education beyond primary school. To date, no country has recognized the Taliban as the government of Afghanistan.</p>"
    }
  },
  "Geography": {
    "Location": {
      "text": "Southern Asia, north and west of Pakistan, east of Iran"
    },
    "Geographic coordinates": {
      "text": "33 00 N, 65 00 E"
    },
    "Map references": {
      "text": "Asia"
    },
    "Area": {
      "total ": {
        "text": "652,230 sq km"
      },
      "land": {
        "text": "652,230 sq km"
      },
      "water": {
        "text": "0 sq km"
      }
    },
    "Area - comparative": {
      "text": "almost six times the size of Virginia; slightly smaller than Texas"
    },
    "Land boundaries": {
      "total": {
        "text": "5,987 km"
      },
      "border countries": {
        "text": "China 91 km; Iran 921 km; Pakistan 2,670 km; Tajikistan 1,357 km; Turkmenistan 804 km; Uzbekistan 144 km"
      }
    },
    "Coastline": {
      "text": "0 km (landlocked)"
    },
    "Maritime claims": {
      "text": "none (landlocked)"
    },
    "Climate": {
      "text": "arid to semiarid; cold winters and hot summers"
    },
    "Terrain": {
      "text": "mostly rugged mountains; plains in north and southwest"
    },
    "Elevation": {
      "highest point": {
        "text": "Noshak 7,492 m"
      },
      "lowest point": {
        "text": "Amu Darya 258 m"
      },
      "mean elevation": {
        "text": "1,884 m"
      }
    },
    "Natural resources": {
      "text": "natural gas, petroleum, coal, copper, chromite, talc, barites, sulfur, lead, zinc, iron ore, salt, precious and semiprecious stones, arable land"
    },
    "Land use": {
      "agricultural land": {
        "text": "58.7% (2022 est.)"
      },
      "agricultural land: arable land": {
        "text": "arable land: 12% (2022 est.)"
      },
      "agricultural land: permanent crops": {
        "text": "permanent crops: 0.3% (2022 est.)"
      },
      "agricultural land: permanent pasture": {
        "text": "permanent pasture: 46.4% (2022 est.)"
      },
      "forest": {
        "text": "1.9% (2022 est.)"
      },
      "other": {
        "text": "39.4% (2022 est.)"
      }
    },
    "Irrigated land": {
      "text": "24,930 sq km (2022)"
    },
    "Major lakes (area sq km)": {
      "salt water lake(s)": {
        "text": "Ab-e Istadah-ye Muqur (endorheic basin) - 520 sq km"
      }
    },
    "Major rivers (by length in km)": {
      "text": "Amu Darya (shared with Tajikistan [s], Turkmenistan, and Uzbekistan [m]) - 2,620 km; Helmand river source (shared with Iran) - 1,130 km<br><br><strong>note:</strong> [s] after country name indicates river source; [m] after country name indicates river mouth"
    },
    "Major watersheds (area sq km)": {
      "text": "Indian Ocean drainage: Indus (1,081,718 sq km)<br>Internal <em>(endorheic basin) </em>drainage: Amu Darya (534,739 sq km); Tarim Basin (1,152,448 sq km)"
    },
    "Population distribution": {
      "text": "populations tend to cluster in the foothills and periphery of the rugged Hindu Kush range; smaller groups are found in many of the country's interior valleys; in general, the east is more densely settled, while the south is sparsely populated"
    },
    "Natural hazards": {
      "text": "damaging earthquakes occur in Hindu Kush mountains; flooding; droughts"
    },
    "Geography - note": {
      "text": "landlocked; the Hindu Kush mountains that run northeast to southwest divide the northern provinces from the rest of the country; the highest peaks are in the northern Vakhan (Wakhan Corridor)"
    }
  },
  "People and Society": {
    "Population": {
      "total": {
        "text": "40,121,552 (2024 est.)"
      },
      "male": {
        "text": "20,301,066"
      },
      "female": {
        "text": "19,820,486"
      }
    },
    "Nationality": {
      "noun": {
        "text": "Afghan(s)"
      },
      "adjective": {
        "text": "Afghan"
      }
    },
    "Ethnic groups": {
      "text": "current, reliable statistical data on ethnicity in Afghanistan are not available; Afghanistan's 2004 Constitution cited Pashtun, Tajik, Hazara, Uzbek, Turkman, Baluch, Pashaie, Nuristani, Aymaq, Arab, Qirghiz, Qizilbash, Gujur, and Brahwui ethnicities; Afghanistan has dozens of other small ethnic groups"
    },
    "Languages": {
      "Languages": {
        "text": "Afghan Persian or Dari (official, lingua franca) 77%, Pashto (official) 48%, Uzbeki 11%, English 6%, Turkmani 3%, Urdu 3%, Pashaie 1%, Nuristani 1%, Arabic 1%, Balochi 1%, other &lt;1% (2020 est.)"
      },
      "major-language sample(s)": {
        "text": "<br> <p>کتاب حقایق جهان، مرجعی ضروری برای اطلاعات اولیە (Dari)</p> د دنیا د حقائېقو کتاب، بنیادی معلوماتو لپاره ضروری سرچینه- (Pashto)<br><br>The World Factbook, the indispensable source for basic information."
      },
      "note": "<strong>note 1:</strong> percentages sum to more than 100% because many people are multilingual <br><br><strong>note 2: </strong>Uzbeki, Turkmani, Pashaie, Nuristani, Balochi, and Pamiri are the third official languages in areas where the majority speaks them"
    },
    "Religions": {
      "text": "Muslim 99.7% (Sunni 84.7 - 89.7%, Shia 10 - 15%), other &lt;0.3% (2009 est.)"
    },
    "Age structure": {
      "0-14 years": {
        "text": "39.6% (male 8,062,407/female 7,818,897)"
      },
      "15-64 years": {
        "text": "57.5% (male 11,702,734/female 11,372,249)"
      },
      "65 years and over": {
        "text": "2.9% (2024 est.) (male 535,925/female 629,340)"
      }
    },
    "Dependency ratios": {
      "total dependency ratio": {
        "text": "82.7 (2024 est.)"
      },
      "youth dependency ratio": {
        "text": "77.5 (2024 est.)"
      },
      "elderly dependency ratio": {
        "text": "5.2 (2024 est.)"
      },
      "potential support ratio": {
        "text": "19.3 (2024 est.)"
      }
    },
    "Median age": {
      "total": {
        "text": "20 years (2024 est.)"
      },
      "male": {
        "text": "20 years"
      },
      "female": {
        "text": "20.1 years"
      }
    },
    "Population growth rate": {
      "text": "2.22% (2024 est.)"
    },
    "Birth rate": {
      "text": "34.2 births/1,000 population (2024 est.)"
    },
    "Death rate": {
      "text": "11.8 deaths/1,000 population (2024 est.)"
    },
    "Net migration rate": {
      "text": "-0.1 migrant(s)/1,000 population (2024 est.)"
    },
    "Population distribution": {
      "text": "populations tend to cluster in the foothills and periphery of the rugged Hindu Kush range; smaller groups are found in many of the country's interior valleys; in general, the east is more densely settled, while the south is sparsely populated"
    },
    "Urbanization": {
      "urban population": {
        "text": "26.9% of total population (2023)"
      },
      "rate of urbanization": {
        "text": "3.34% annual rate of change (2020-25 est.)"
      }
    },
    "Major urban areas - population": {
      "text": "4.589 million KABUL (capital) (2023)"
    },
    "Sex ratio": {
      "at birth": {
        "text": "1.05 male(s)/female"
      },
      "0-14 years": {
        "text": "1.03 male(s)/female"
      },
      "15-64 years": {
        "text": "1.03 male(s)/female"
      },
      "65 years and over": {
        "text": "0.85 male(s)/female"
      },
      "total population": {
        "text": "1.02 male(s)/female (2024 est.)"
      }
    },
    "Mother's mean age at first birth": {
      "text": "19.9 years (2015 est.)",
      "note": "<strong>note:</strong> data represents median age at first birth among women 25-49"
    },
    "Maternal mortality ratio": {
      "text": "620 deaths/100,000 live births (2020 est.)"
    },
    "Infant mortality rate": {
      "total": {
        "text": "101.3 deaths/1,000 live births (2024 est.)"
      },
      "male": {
        "text": "109.7 deaths/1,000 live births"
      },
      "female": {
        "text": "92.5 deaths/1,000 live births"
      }
    },
    "Life expectancy at birth": {
      "total population": {
        "text": "54.4 years (2024 est.)"
      },
      "male": {
        "text": "52.8 years"
      },
      "female": {
        "text": "56.1 years"
      }
    },
    "Total fertility rate": {
      "text": "4.43 children born/woman (2024 est.)"
    },
    "Gross reproduction rate": {
      "text": "2.16 (2024 est.)"
    },
    "Contraceptive prevalence rate": {
      "text": "18.9% (2018)",
      "note": "<strong>note:</strong>  percent of women aged 12-49"
    },
    "Drinking water source": {
      "improved: urban": {
        "text": "urban: 100% of population"
      },
      "improved: rural": {
        "text": "rural: 68.3% of population"
      },
      "improved: total": {
        "text": "total: 76.5% of population"
      },
      "unimproved: urban": {
        "text": "urban: 0% of population"
      },
      "unimproved: rural": {
        "text": "rural: 31.7% of population"
      },
      "unimproved: total": {
        "text": "total: 23.5% of population (2020 est.)"
      }
    },
    "Health expenditure": {
      "Health expenditure (as % of GDP)": {
        "text": "21.8% of GDP (2021)"
      },
      "Health expenditure (as % of national budget)": {
        "text": "1.1% of national budget (2022 est.)"
      }
    },
    "Physician density": {
      "text": "0.32 physicians/1,000 population (2023)"
    },
    "Hospital bed density": {
      "text": "0.4 beds/1,000 population (2021 est.)"
    },
    "Sanitation facility access": {
      "improved: urban": {
        "text": "urban: 88.2% of population"
      },
      "improved: rural": {
        "text": "rural: 52% of population"
      },
      "improved: total": {
        "text": "total: 61.4% of population"
      },
      "unimproved: urban": {
        "text": "urban: 11.8% of population"
      },
      "unimproved: rural": {
        "text": "rural: 48% of population"
      },
      "unimproved: total": {
        "text": "total: 38.6% of population (2020 est.)"
      }
    },
    "Obesity - adult prevalence rate": {
      "text": "5.5% (2016)"
    },
    "Alcohol consumption per capita": {
      "total": {
        "text": "0.01 liters of pure alcohol (2019 est.)"
      },
      "beer": {
        "text": "0 liters of pure alcohol (2019 est.)"
      },
      "wine": {
        "text": "0 liters of pure alcohol (2019 est.)"
      },
      "spirits": {
        "text": "0.01 liters of pure alcohol (2019 est.)"
      },
      "other alcohols": {
        "text": "0 liters of pure alcohol (2019 est.)"
      }
    },
    "Tobacco use": {
      "total": {
        "text": "20.8% (2025 est.)"
      },
      "male": {
        "text": "36.5% (2025 est.)"
      },
      "female": {
        "text": "5.2% (2025 est.)"
      }
    },
    "Children under the age of 5 years underweight": {
      "text": "19.1% (2018)"
    },
    "Currently married women (ages 15-49)": {
      "text": "70.3% (2023 est.)"
    },
    "Child marriage": {
      "women married by age 15": {
        "text": "9.6% (2023)"
      },
      "women married by age 18": {
        "text": "28.7% (2023)"
      },
      "men married by age 18": {
        "text": "7.3% (2015)"
      }
    },
    "Education expenditure": {
      "Education expenditure (% GDP)": {
        "text": "4.3% of GDP (2017 est.)"
      },
      "Education expenditure (% national budget)": {
        "text": "8.2% national budget (2017 est.)"
      }
    },
    "Literacy": {
      "total population": {
        "text": "37% (2021 est.)"
      },
      "male": {
        "text": "52% (2021 est.)"
      },
      "female": {
        "text": "26.6% (2022 est.)"
      }
    },
    "School life expectancy (primary to tertiary education)": {
      "total": {
        "text": "10 years"
      },
      "male": {
        "text": "13 years"
      },
      "female": {
        "text": "8 years (2018)"
      }
    }
  },
  "Environment": {
    "Environment - current issues": {
      "text": "limited natural freshwater resources; inadequate potable water; soil degradation; overgrazing; deforestation (cut down for fuel and building materials); desertification; air and water pollution in urban areas"
    },
    "Environment - international agreements": {
      "party to": {
        "text": "Biodiversity, Climate Change, Climate Change-Kyoto Protocol, Climate Change-Paris Agreement, Comprehensive Nuclear Test Ban, Desertification, Endangered Species, Environmental Modification, Hazardous Wastes, Marine Dumping-London Convention, Nuclear Test Ban, Ozone Layer Protection"
      },
      "signed, but not ratified": {
        "text": "Law of the Sea, Marine Life Conservation"
      }
    },
    "Climate": {
      "text": "arid to semiarid; cold winters and hot summers"
    },
    "Land use": {
      "agricultural land": {
        "text": "58.7% (2022 est.)"
      },
      "agricultural land: arable land": {
        "text": "arable land: 12% (2022 est.)"
      },
      "agricultural land: permanent crops": {
        "text": "permanent crops: 0.3% (2022 est.)"
      },
      "agricultural land: permanent pasture": {
        "text": "permanent pasture: 46.4% (2022 est.)"
      },
      "forest": {
        "text": "1.9% (2022 est.)"
      },
      "other": {
        "text": "39.4% (2022 est.)"
      }
    },
    "Urbanization": {
      "urban population": {
        "text": "26.9% of total population (2023)"
      },
      "rate of urbanization": {
        "text": "3.34% annual rate of change (2020-25 est.)"
      }
    },
    "Air pollutants": {
      "particulate matter emissions": {
        "text": "62.49 micrograms per cubic meter (2019 est.)"
      },
      "carbon dioxide emissions": {
        "text": "8.67 megatons (2016 est.)"
      },
      "methane emissions": {
        "text": "90.98 megatons (2020 est.)"
      }
    },
    "Waste and recycling": {
      "municipal solid waste generated annually": {
        "text": "5,628,525 tons (2016 est.)"
      }
    },
    "Major lakes (area sq km)": {
      "salt water lake(s)": {
        "text": "Ab-e Istadah-ye Muqur (endorheic basin) - 520 sq km"
      }
    },
    "Major rivers (by length in km)": {
      "text": "Amu Darya (shared with Tajikistan [s], Turkmenistan, and Uzbekistan [m]) - 2,620 km; Helmand river source (shared with Iran) - 1,130 km<br><br><strong>note:</strong> [s] after country name indicates river source; [m] after country name indicates river mouth"
    },
    "Major watersheds (area sq km)": {
      "text": "Indian Ocean drainage: Indus (1,081,718 sq km)<br>Internal <em>(endorheic basin) </em>drainage: Amu Darya (534,739 sq km); Tarim Basin (1,152,448 sq km)"
    },
    "Total water withdrawal": {
      "municipal": {
        "text": "200 million cubic meters (2020 est.)"
      },
      "industrial": {
        "text": "170 million cubic meters (2020 est.)"
      },
      "agricultural": {
        "text": "20 billion cubic meters (2020 est.)"
      }
    },
    "Total renewable water resources": {
      "text": "65.33 billion cubic meters (2020 est.)"
    }
  },
  "Government": {
    "Country name": {
      "conventional long form": {
        "text": "Islamic Republic of Afghanistan (prior to 15 August 2021); current country name disputed"
      },
      "conventional short form": {
        "text": "Afghanistan"
      },
      "local long form": {
        "text": "Jamhuri-ye Islami-ye Afghanistan (prior to 15 August 2021; current country name is disputed)"
      },
      "local short form": {
        "text": "Afghanistan"
      },
      "etymology": {
        "text": "the name \"Afghan\" originally referred to the Pashtun people (today it is understood to include all the country's ethnic groups), while the suffix \"-stan\" means \"place of\" or \"country\"; so Afghanistan literally means the \"Land of the Afghans\""
      }
    },
    "Government type": {
      "text": "theocratic; the United States does not recognize the Taliban Government"
    },
    "Capital": {
      "name": {
        "text": "Kabul"
      },
      "geographic coordinates": {
        "text": "34 31 N, 69 11 E"
      },
      "time difference": {
        "text": "UTC+4.5 (9.5 hours ahead of Washington, DC, during Standard Time)"
      },
      "daylight saving time": {
        "text": "does not observe daylight savings time"
      },
      "etymology": {
        "text": "named for the Kabul River, but the river's name is of unknown origin"
      }
    },
    "Administrative divisions": {
      "text": "34 provinces (<em>welayat</em>, singular - <em>welayat</em>); Badakhshan, Badghis, Baghlan, Balkh, Bamyan, Daykundi, Farah, Faryab, Ghazni, Ghor, Helmand, Herat, Jowzjan, Kabul, Kandahar, Kapisa, Khost, Kunar, Kunduz, Laghman, Logar, Nangarhar, Nimroz, Nuristan, Paktika, Paktiya, Panjshir, Parwan, Samangan, Sar-e Pul, Takhar, Uruzgan, Wardak, Zabul"
    },
    "Legal system": {
      "text": "<p>the Taliban is implementing its own interpretation of Islamic law, which is partially based on the Hanifi school of Islamic jurisprudence and have enforced strict punishments; before the Taliban takeover, Afghanistan had a mixed legal system of civil, customary, and Islamic law</p> (2021)"
    },
    "Constitution": {
      "history": {
        "text": "several previous; latest ratified in 2004, but not currently enforced by the Taliban"
      }
    },
    "International law organization participation": {
      "text": "has not submitted an ICJ jurisdiction declaration; formerly accepted ICCt jurisdiction"
    },
    "Citizenship": {
      "citizenship by birth": {
        "text": "no"
      },
      "citizenship by descent only": {
        "text": "at least one parent must have been born in - and continuously lived in - Afghanistan"
      },
      "dual citizenship recognized": {
        "text": "no"
      },
      "residency requirement for naturalization": {
        "text": "5 years"
      }
    },
    "Suffrage": {
      "text": "18 years of age; universal"
    },
    "Executive branch": {
      "chief of state": {
        "text": "Taliban Leader HAYBATULLAH Akhundzada (since 15 August 2021)"
      },
      "head of government": {
        "text": "overall Taliban Leader HAYBATULLAH Akhundzada is the [so-called] Amir-ul Momineen of the Taliban and is seen by them as a head of government"
      },
      "cabinet": {
        "text": "the Taliban have announced a &ldquo;cabinet&rdquo; for the &ldquo;caretaker government,&rdquo; including the &ldquo;acting prime minister,&rdquo; &ldquo;acting deputy prime ministers,&rdquo; and &ldquo;ministers&rdquo; who claim to represent 26 ministries"
      },
      "elections/appointments": {
        "text": "the 2004 Afghan constitution directed that the president should be elected by majority popular vote for a 5-year term (eligible for a second term); the Taliban have given no indication that they intend to reinstate elections or any other mechanism of democratic governance"
      },
      "most recent election date": {
        "text": "28 September 2019"
      },
      "note": "<strong>note:</strong> the United States has not yet made a decision whether to recognize the Taliban or any other entity as the government of Afghanistan"
    },
    "Legislative branch": {
      "text": "<strong>note:</strong> Afghanistan’s bicameral National Assembly consisted of the House of Elders and House of the People but was dissolved after the Taliban took control of Afghanistan in August 2021"
    },
    "Judicial branch": {
      "highest court(s)": {
        "text": "the Taliban are purported to have appointed clerics, including a \"Chief Justice\", to Afghanistan's Supreme Court"
      },
      "subordinate courts": {
        "text": "provincial courts, religious courts, and specialty courts"
      }
    },
    "Political parties": {
      "text": "the Taliban Government enforces an authoritarian state and has banned other political parties; note - before 15 August 2021, the Ministry of Justice had licensed 72 political parties as of April 2019<br><br>the Taliban have banned other political parties but have allowed some party leaders, including the head of Hezb-e-Islami, Gulbuddin Hekmatyar, to continue to live and work in Afghanistan; Hekmatyar likely continues to enjoy some political support from loyalists; leaders of other parties, including Jamiat-e-Islami’s Salahuddin Rabbani and Jumbesh’s Rashid Dostum, operate from abroad but likely also command some following within Afghanistan; note - before 15 August 2021, the Ministry of Justice had licensed 72 political parties as of April 2019"
    },
    "Diplomatic representation in the US": {
      "text": "none<strong><br><br>Note</strong>:  the Afghan Embassy closed in March 2022"
    },
    "Diplomatic representation from the US": {
      "embassy": {
        "text": "the United States does not maintain a presence in Afghanistan and its diplomatic mission to Afghanistan has relocated to Doha, Qatar"
      }
    },
    "International organization participation": {
      "text": "Afghanistan is a member of the following organizations but Taliban representatives do not participate: ADB, CICA, CP, ECO, EITI (candidate country), FAO, G-77, IAEA, IBRD, ICAO, ICC (NGOs), ICCt, ICRM, IDA, IDB, IFAD, IFC, IFRCS, ILO, IMF, Interpol, IOC, IOM, IPU, ISO (correspondent), ITSO, ITU, ITUC (NGOs), MIGA, NAM, OIC, OPCW, OSCE (partner), SAARC, SACEP, SCO (dialogue member), UN, UNAMA, UNCTAD, UNESCO, UNHCR, UNIDO, UNWTO, UPU, WCO, WFTU (NGOs), WHO, WIPO, WMO, WTO"
    },
    "Independence": {
      "text": "19 August 1919 (from UK control over Afghan foreign affairs)"
    },
    "National holiday": {
      "text": "previous: Independence Day, 19 August (1919); under the Taliban Government, 15 August (2022) is declared a national holiday, marking the anniversary of the victory of the Afghan jihad<br><br>"
    },
    "Flag description": {
      "text": "three equal vertical bands of black (hoist side), red, and green, with the national emblem in white centered on the red band and slightly overlapping the other bands; the center of the emblem features a mosque with pulpit and flags on either side; below the mosque are Eastern Arabic numerals for the solar year 1298 (1919 in the Gregorian calendar, the year of Afghan independence from the UK); this central image is circled by a border consisting of sheaves of wheat on the left and right; in the upper-center is an Arabic inscription of the Shahada (Muslim creed), below which are rays of the rising sun over the Takbir (Arabic expression meaning \"God is great\"), and at bottom center is a scroll bearing the name Afghanistan; black signifies the past, red is for the blood shed for independence, and green can represent either hope for the future, agricultural prosperity, or Islam",
      "note": "<strong>note 1: </strong>the United States has not recognized the Taliban or any other entity as the government of Afghanistan and, accordingly, continues to display the flag of Afghanistan as set forth in the country's constitution of 2004<strong><br><br>note 2:</strong> Afghanistan had more changes to its national flag in the 20th century -- 19 by one count -- than any other country; the colors black, red, and green appeared on most of them"
    },
    "National symbol(s)": {
      "text": "lion"
    },
    "National color(s)": {
      "text": "red, green, black"
    },
    "National anthem": {
      "name": {
        "text": "\"Milli Surood\" (National Anthem)"
      },
      "lyrics/music": {
        "text": "Abdul Bari JAHANI/Babrak WASA"
      },
      "note": "<strong>note:</strong> adopted 2006"
    },
    "National heritage": {
      "total World Heritage Sites": {
        "text": "2 (both cultural)"
      },
      "selected World Heritage Site locales": {
        "text": "Minaret of Jam; Buddhas of Bamyan"
      },
      "note": "<strong>note:</strong> the monumental 6th- and 7th-century statues were destroyed by the Taliban in 2001"
    }
  },
  "Economy": {
    "Economic overview": {
      "text": "<p>low-income South Asian economy; economy stable after major contraction due to Taliban takeover, but recovery remains fragile; widespread poverty and obstacles to human development; import-reliant for food, fuel, and machinery; ongoing sanctions, suspended development aid, and frozen reserve assets</p>"
    },
    "Real GDP (purchasing power parity)": {
      "Real GDP (purchasing power parity) 2023": {
        "text": "$82.595 billion (2023 est.)"
      },
      "Real GDP (purchasing power parity) 2022": {
        "text": "$80.416 billion (2022 est.)"
      },
      "Real GDP (purchasing power parity) 2021": {
        "text": "$85.768 billion (2021 est.)"
      },
      "note": "<b>note:</b> data in 2021 dollars"
    },
    "Real GDP growth rate": {
      "Real GDP growth rate 2023": {
        "text": "2.71% (2023 est.)"
      },
      "Real GDP growth rate 2022": {
        "text": "-6.24% (2022 est.)"
      },
      "Real GDP growth rate 2021": {
        "text": "-20.74% (2021 est.)"
      },
      "note": "<b>note:</b> annual GDP % growth based on constant local currency"
    },
    "Real GDP per capita": {
      "Real GDP per capita 2023": {
        "text": "$2,000 (2023 est.)"
      },
      "Real GDP per capita 2022": {
        "text": "$2,000 (2022 est.)"
      },
      "Real GDP per capita 2021": {
        "text": "$2,100 (2021 est.)"
      },
      "note": "<b>note:</b> data in 2021 dollars"
    },
    "GDP (official exchange rate)": {
      "text": "$17.233 billion (2023 est.)",
      "note": "<b>note:</b> data in current dollars at official exchange rate"
    },
    "Inflation rate (consumer prices)": {
      "Inflation rate (consumer prices) 2024": {
        "text": "-6.6% (2024 est.)"
      },
      "Inflation rate (consumer prices) 2023": {
        "text": "-4.6% (2023 est.)"
      },
      "Inflation rate (consumer prices) 2022": {
        "text": "13.7% (2022 est.)"
      },
      "note": "<b>note:</b> annual % change based on consumer prices"
    },
    "GDP - composition, by sector of origin": {
      "agriculture": {
        "text": "34.5% (2023 est.)"
      },
      "industry": {
        "text": "13.5% (2023 est.)"
      },
      "services": {
        "text": "46.5% (2023 est.)"
      },
      "note": "<b>note:</b> figures may not total 100% due to non-allocated consumption not captured in sector-reported data"
    },
    "GDP - composition, by end use": {
      "household consumption": {
        "text": "97.4% (2023 est.)"
      },
      "government consumption": {
        "text": "21.2% (2023 est.)"
      },
      "investment in fixed capital": {
        "text": "15.2% (2023 est.)"
      },
      "investment in inventories": {
        "text": "0% (2023 est.)"
      },
      "exports of goods and services": {
        "text": "16.8% (2023 est.)"
      },
      "imports of goods and services": {
        "text": "-50.5% (2023 est.)"
      },
      "note": "<strong>note:</strong> figures may not total 100% due to rounding or gaps in data collection"
    },
    "Agricultural products": {
      "text": "wheat, milk, grapes, watermelons, potatoes, cantaloupes/melons, vegetables, rice, onions, maize (2023)",
      "note": "<b>note:</b> top ten agricultural products based on tonnage"
    },
    "Industries": {
      "text": "small-scale production of bricks, textiles, soap, furniture, shoes, fertilizer, apparel, food products, non-alcoholic beverages, mineral water, cement; handwoven carpets; natural gas, coal, copper"
    },
    "Industrial production growth rate": {
      "text": "2.62% (2023 est.)",
      "note": "<b>note:</b> annual % change in industrial value added based on constant local currency"
    },
    "Labor force": {
      "text": "9.133 million (2024 est.)",
      "note": "<b>note:</b> number of people ages 15 or older who are employed or seeking work"
    },
    "Unemployment rate": {
      "Unemployment rate 2024": {
        "text": "13.3% (2024 est.)"
      },
      "Unemployment rate 2023": {
        "text": "14% (2023 est.)"
      },
      "Unemployment rate 2022": {
        "text": "14.1% (2022 est.)"
      },
      "note": "<b>note:</b> % of labor force seeking employment"
    },
    "Youth unemployment rate (ages 15-24)": {
      "total": {
        "text": "16.7% (2024 est.)"
      },
      "male": {
        "text": "15.8% (2024 est.)"
      },
      "female": {
        "text": "27% (2024 est.)"
      },
      "note": "<b>note:</b> % of labor force ages 15-24 seeking employment"
    },
    "Population below poverty line": {
      "text": "54.5% (2016 est.)",
      "note": "<b>note:</b> % of population with income below national poverty line"
    },
    "Remittances": {
      "Remittances 2023": {
        "text": "1.86% of GDP (2023 est.)"
      },
      "Remittances 2022": {
        "text": "2.21% of GDP (2022 est.)"
      },
      "Remittances 2021": {
        "text": "2.24% of GDP (2021 est.)"
      },
      "note": "<b>note:</b> personal transfers and compensation between resident and non-resident individuals/households/entities"
    },
    "Budget": {
      "revenues": {
        "text": "$9.093 billion (2017 est.)"
      },
      "expenditures": {
        "text": "$7.411 billion (2017 est.)"
      },
      "note": "<b>note:</b> central government revenues (excluding grants) and expenses converted to US dollars at average official exchange rate for year indicated"
    },
    "Public debt": {
      "Public debt 2017": {
        "text": "7% of GDP (2017 est.)"
      }
    },
    "Taxes and other revenues": {
      "text": "9.9% (of GDP) (2017 est.)",
      "note": "<b>note:</b> central government tax revenue as a % of GDP"
    },
    "Current account balance": {
      "Current account balance 2020": {
        "text": "-$3.137 billion (2020 est.)"
      },
      "Current account balance 2019": {
        "text": "-$3.792 billion (2019 est.)"
      },
      "Current account balance 2018": {
        "text": "-$3.897 billion (2018 est.)"
      },
      "note": "<b>note:</b> balance of payments - net trade and primary/secondary income in current dollars"
    },
    "Exports": {
      "Exports 2020": {
        "text": "$1.476 billion (2020 est.)"
      },
      "Exports 2019": {
        "text": "$1.516 billion (2019 est.)"
      },
      "Exports 2018": {
        "text": "$1.609 billion (2018 est.)"
      },
      "note": "<b>note:</b> balance of payments - exports of goods and services in current dollars"
    },
    "Exports - partners": {
      "text": "Pakistan 42%, India 40%, China 4%, UAE 2%, Turkey 2% (2023)",
      "note": "<b>note:</b> top five export partners based on percentage share of exports"
    },
    "Exports - commodities": {
      "text": "coal, grapes, tropical fruits, gum resins, other nuts (2023)",
      "note": "<b>note:</b> top five export commodities based on value in dollars"
    },
    "Imports": {
      "Imports 2020": {
        "text": "$6.983 billion (2020 est.)"
      },
      "Imports 2019": {
        "text": "$7.371 billion (2019 est.)"
      },
      "Imports 2018": {
        "text": "$7.988 billion (2018 est.)"
      },
      "note": "<b>note:</b> balance of payments - imports of goods and services in current dollars"
    },
    "Imports - partners": {
      "text": "UAE 28%, Pakistan 15%, China 15%, Uzbekistan 12%, Kazakhstan 9% (2023)",
      "note": "<b>note:</b> top five import partners based on percentage share of imports"
    },
    "Imports - commodities": {
      "text": "wheat flours, tobacco, palm oil, broadcasting equipment, synthetic fabric (2023)",
      "note": "<b>note:</b> top five import commodities based on value in dollars"
    },
    "Reserves of foreign exchange and gold": {
      "Reserves of foreign exchange and gold 2020": {
        "text": "$9.749 billion (2020 est.)"
      },
      "Reserves of foreign exchange and gold 2019": {
        "text": "$8.498 billion (2019 est.)"
      },
      "Reserves of foreign exchange and gold 2018": {
        "text": "$8.207 billion (2018 est.)"
      },
      "note": "<b>note:</b> holdings of gold (year-end prices)/foreign exchange/special drawing rights in current dollars"
    },
    "Debt - external": {
      "Debt - external 2023": {
        "text": "$2.717 billion (2023 est.)"
      },
      "note": "<strong>note:</strong> present value of external debt in current US dollars"
    },
    "Exchange rates": {
      "Currency": {
        "text": "afghanis (AFA) per US dollar -"
      },
      "Exchange rates 2020": {
        "text": "76.814 (2020 est.)"
      },
      "Exchange rates 2019": {
        "text": "77.738 (2019 est.)"
      },
      "Exchange rates 2018": {
        "text": "72.083 (2018 est.)"
      },
      "Exchange rates 2017": {
        "text": "68.027 (2017 est.)"
      },
      "Exchange rates 2016": {
        "text": "67.866 (2016 est.)"
      }
    }
  },
  "Energy": {
    "Electricity access": {
      "electrification - total population": {
        "text": "85.3% (2022 est.)"
      },
      "electrification - urban areas": {
        "text": "95.9%"
      },
      "electrification - rural areas": {
        "text": "81.7%"
      }
    },
    "Electricity": {
      "installed generating capacity": {
        "text": "627,000 kW (2023 est.)"
      },
      "consumption": {
        "text": "6.468 billion kWh (2023 est.)"
      },
      "imports": {
        "text": "6.221 billion kWh (2023 est.)"
      },
      "transmission/distribution losses": {
        "text": "725.652 million kWh (2023 est.)"
      }
    },
    "Electricity generation sources": {
      "fossil fuels": {
        "text": "13.3% of total installed capacity (2023 est.)"
      },
      "solar": {
        "text": "9.7% of total installed capacity (2023 est.)"
      },
      "hydroelectricity": {
        "text": "77% of total installed capacity (2023 est.)"
      }
    },
    "Coal": {
      "production": {
        "text": "767,000 metric tons (2023 est.)"
      },
      "consumption": {
        "text": "503,000 metric tons (2023 est.)"
      },
      "exports": {
        "text": "265,000 metric tons (2023 est.)"
      },
      "imports": {
        "text": "2,000 metric tons (2023 est.)"
      },
      "proven reserves": {
        "text": "66 million metric tons (2023 est.)"
      }
    },
    "Petroleum": {
      "refined petroleum consumption": {
        "text": "58,000 bbl/day (2023 est.)"
      }
    },
    "Natural gas": {
      "production": {
        "text": "80.2 million cubic meters (2020 est.)"
      },
      "consumption": {
        "text": "80.2 million cubic meters (2020 est.)"
      },
      "proven reserves": {
        "text": "49.554 billion cubic meters (2021 est.)"
      }
    },
    "Carbon dioxide emissions": {
      "total emissions": {
        "text": "7.757 million metric tonnes of CO2 (2023 est.)"
      },
      "from coal and metallurgical coke": {
        "text": "930,000 metric tonnes of CO2 (2023 est.)"
      },
      "from petroleum and other liquids": {
        "text": "6.827 million metric tonnes of CO2 (2023 est.)"
      }
    },
    "Energy consumption per capita": {
      "Total energy consumption per capita 2023": {
        "text": "3.38 million Btu/person (2023 est.)"
      }
    }
  },
  "Communications": {
    "Telephones - fixed lines": {
      "total subscriptions": {
        "text": "182,000 (2023 est.)"
      },
      "subscriptions per 100 inhabitants": {
        "text": "(2023 est.) less than 1"
      }
    },
    "Telephones - mobile cellular": {
      "total subscriptions": {
        "text": "23 million (2023 est.)"
      },
      "subscriptions per 100 inhabitants": {
        "text": "57 (2021 est.)"
      }
    },
    "Broadcast media": {
      "text": "under the Taliban, independent media outlets have decreased and are probably self-censoring; the Ministry of Information and Culture monitors all mass media; television and radio are key media platforms; only about a fifth of Afghans use the internet, mostly through smartphones (2023)"
    },
    "Internet country code": {
      "text": ".af"
    },
    "Internet users": {
      "percent of population": {
        "text": "18% (2023 est.)"
      }
    },
    "Broadband - fixed subscriptions": {
      "total": {
        "text": "33,000 (2023 est.)"
      },
      "subscriptions per 100 inhabitants": {
        "text": "(2023 est.) less than 1"
      }
    }
  },
  "Transportation": {
    "Civil aircraft registration country code prefix": {
      "text": "YA"
    },
    "Airports": {
      "text": "68 (2025)"
    },
    "Heliports": {
      "text": "8 (2025)"
    }
  },
  "Military and Security": {
    "Military and security forces": {
      "text": "the Taliban claims authority over a Ministry of Defense and a National Army (aka Army of the Islamic Emirate of Afghanistan, Islamic Emirate Army, or Afghan Army); it has also formed police forces under a Ministry of Interior (2025)"
    },
    "Military expenditures": {
      "Military Expenditures 2019": {
        "text": "3.3% of GDP (2019)"
      },
      "Military Expenditures 2018": {
        "text": "3.2% of GDP (2018)"
      },
      "Military Expenditures 2017": {
        "text": "3.3% of GDP (2017)"
      },
      "Military Expenditures 2016": {
        "text": "3.1% of GDP (2016)"
      },
      "Military Expenditures 2015": {
        "text": "2.9% of GDP (2015)"
      }
    },
    "Military and security service personnel strengths": {
      "text": "the Taliban claims to have 190,000 under the Ministry of Defense and 215,000 under the Ministry of Interior (2025)"
    },
    "Military equipment inventories and acquisitions": {
      "text": "the Taliban military/security forces are armed with weapons and equipment captured in 2021 from the Afghan National Defense and Security Forces, which was largely equipped with Russian/Soviet-era and US material (2024)"
    },
    "Military service age and obligation": {
      "text": "service is voluntary; there is no conscription (2023)",
      "note": "<strong>note: </strong>the Taliban dismissed nearly all women from the former Afghan National Defense and Security Forces, except those serving in detention facilities and assisting with body searches"
    },
    "Military - note": {
      "text": "the Taliban&rsquo;s key security priorities are border and internal security; specific issues have included rising tensions with Pakistan along their shared border, armed anti-Taliban resistance elements, and the Islamic State of Iraq and ash-Sham - Khorasan (ISIS-K) terrorist group (2025)"
    }
  },
  "Terrorism": {
    "Terrorist group(s)": {
      "text": "Haqqani Network; Harakat ul-Mujahidin; Harakat ul-Jihad-i-Islami; Islamic Jihad Union (IJU); Islamic Movement of Uzbekistan (IMU); Islamic State of Iraq and ash-Sham-Khorasan Province (ISIS-K); Islamic Revolutionary Guard Corps (IRGC)/Qods Force; Jaish-e-Mohammed; Jaysh al Adl (Jundallah); Lashkar i Jhangvi; Lashkar-e Tayyiba; al-Qa’ida; al-Qa'ida in the Indian Subcontinent (AQIS); Tehrik-e-Taliban Pakistan (TTP)",
      "note": "<strong><strong>note 1:  </strong></strong>as of 2024, Afghanistan was assessed to be a place of global significance for terrorism, with approximately 20 designated and non-designated terrorist groups operating in the country<strong><strong><br></strong></strong><strong><br>note 2:</strong> details about the history, aims, leadership, organization, areas of operation, tactics, targets, weapons, size, and sources of support of the group(s) appear(s) in the Terrorism reference guide"
    }
  },
  "Transnational Issues": {
    "Refugees and internally displaced persons": {
      "refugees (country of origin)": {
        "text": "59,486 (Pakistan) (mid-year 2022)"
      },
      "IDPs": {
        "text": "4.394 million (mostly Pashtuns and Kuchis displaced in the south and west due to natural disasters and political instability) (2022)"
      }
    },
    "Trafficking in persons": {
      "tier rating": {
        "text": "Tier 3 — Afghanistan does not fully meet the minimum standards for the elimination of trafficking and is not making significant efforts to do so, therefore, Afghanistan remained on Tier 3; for more details, go to:  https://www.state.gov/reports/2024-trafficking-in-persons-report/afghanistan/"
      }
    },
    "Illicit drugs": {
      "text": "the world&rsquo;s largest supplier of opiates, but it is not a major supplier to the United States; 233,000 hectares (ha) of opium poppy cultivated in Afghanistan in 2022; opium from poppies used to produce morphine and heroin; also produces large quantities of methamphetamine, cannabis, and cannabis products such as hashish; one of the world&rsquo;s largest populations suffering from substance abuse; major source of precursor or essential chemicals used in the production of illicit narcotics. (2022)"
    }
  }
}