{
  "Introduction": {
    "Background": {
      "text": "<p>The huge delta region at the confluence of the Ganges and Brahmaputra River systems -- now referred to as Bangladesh -- was a loosely incorporated outpost of various empires for much of the first millennium A.D. Muslim conversions and settlement in the region began in the 10th century, primarily from Arab and Persian traders and preachers. Europeans established trading posts in the area in the 16th century. Eventually the area known as Bengal, which is primarily Hindu in the western section and mostly Muslim in the eastern half, became part of British India. After the partition of India in 1947, the Muslim-majority area became East Pakistan. Calls for greater autonomy and animosity between the eastern and western areas of Pakistan led to a Bengali independence movement. That movement, led by the Awami League (AL) and supported by India, won the independence war for Bangladesh in 1971.</p> <p>The military overthrew the post-independence AL government in 1975, the first of a series of military coups that resulted in a military-backed government and the subsequent creation of the Bangladesh Nationalist Party (BNP) that took power in 1979. That government also ended in a coup in 1981, followed by military-backed rule until democratic elections were held in 1991. The BNP and AL alternated in power from 1991 to 2008, with the exception of a military-backed, emergency caretaker regime in 2007. The country returned to fully democratic rule in 2008 with the election of the AL and Prime Minister Sheikh HASINA. With the help of international development assistance, Bangladesh is on track to graduate from the UN’s Least Developed Countries (LDC) list in 2026. <br><br>The economy has grown at an annual average of about 6.25% for the last two decades. Poverty declined from 11.8 percent in 2010 to 5.0 percent in 2022, based on the international poverty line of $2.15 a day (using 2017 Purchasing Power Parity exchange rate). Moreover, human development outcomes improved along many dimensions.  The country made a rapid recovery from the COVID-19 pandemic, but faces several economic challenges.</p> <p> </p>"
    }
  },
  "Geography": {
    "Location": {
      "text": "Southern Asia, bordering the Bay of Bengal, between Burma and India"
    },
    "Geographic coordinates": {
      "text": "24 00 N, 90 00 E"
    },
    "Map references": {
      "text": "Asia"
    },
    "Area": {
      "total ": {
        "text": "148,460 sq km"
      },
      "land": {
        "text": "130,170 sq km"
      },
      "water": {
        "text": "18,290 sq km"
      }
    },
    "Area - comparative": {
      "text": "slightly larger than Pennsylvania and New Jersey combined; slightly smaller than Iowa"
    },
    "Land boundaries": {
      "total": {
        "text": "4,413 km"
      },
      "border countries": {
        "text": "Burma 271 km; India 4,142 km"
      }
    },
    "Coastline": {
      "text": "580 km"
    },
    "Maritime claims": {
      "territorial sea": {
        "text": "12 nm"
      },
      "contiguous zone": {
        "text": "18 nm"
      },
      "exclusive economic zone": {
        "text": "200 nm"
      },
      "continental shelf": {
        "text": "to the outer limits of the continental margin"
      }
    },
    "Climate": {
      "text": "tropical; mild winter (October to March); hot, humid summer (March to June); humid, warm rainy monsoon (June to October)"
    },
    "Terrain": {
      "text": "mostly flat alluvial plain; hilly in southeast"
    },
    "Elevation": {
      "highest point": {
        "text": "Mowdok Taung 1,060 m"
      },
      "lowest point": {
        "text": "Bay of Bengal 0 m"
      },
      "mean elevation": {
        "text": "85 m"
      }
    },
    "Natural resources": {
      "text": "natural gas, arable land, timber, coal"
    },
    "Land use": {
      "agricultural land": {
        "text": "72.4% (2022 est.)"
      },
      "agricultural land: arable land": {
        "text": "arable land: 60.5% (2022 est.)"
      },
      "agricultural land: permanent crops": {
        "text": "permanent crops: 7.2% (2022 est.)"
      },
      "agricultural land: permanent pasture": {
        "text": "permanent pasture: 4.6% (2022 est.)"
      },
      "forest": {
        "text": "14.5% (2022 est.)"
      },
      "other": {
        "text": "13.2% (2022 est.)"
      }
    },
    "Irrigated land": {
      "text": "83,690 sq km (2022)"
    },
    "Major rivers (by length in km)": {
      "text": "Brahmaputra river mouth (shared with China [s] and India) - 3,969 km; Ganges river mouth (shared with India [s]) - 2,704 km<br><br><strong>note: </strong>[s] after country name indicates river source; [m] after country name indicates river mouth"
    },
    "Major watersheds (area sq km)": {
      "text": "Indian Ocean drainage: Brahmaputra (651,335 sq km), Ganges (1,016,124 sq km)"
    },
    "Major aquifers": {
      "text": "Indus-Ganges-Brahmaputra Basin"
    },
    "Natural hazards": {
      "text": "droughts; cyclones; much of the country routinely inundated during the summer monsoon season"
    },
    "Geography - note": {
      "text": "most of the country is situated on deltas of large rivers flowing from the Himalayas: the Ganges unites with the Jamuna (main channel of the Brahmaputra) and later joins the Meghna to eventually empty into the Bay of Bengal"
    }
  },
  "People and Society": {
    "Population": {
      "total": {
        "text": "168,697,184 (2024 est.)"
      },
      "male": {
        "text": "82,708,252"
      },
      "female": {
        "text": "85,988,932"
      }
    },
    "Nationality": {
      "noun": {
        "text": "Bangladeshi(s)"
      },
      "adjective": {
        "text": "Bangladeshi"
      }
    },
    "Ethnic groups": {
      "text": "Bengali at least 99%, other indigenous ethnic groups 1% (2022 est.)",
      "note": "<strong>note:</strong> Bangladesh's government recognizes 27 indigenous ethnic groups under the 2010 Cultural Institution for Small Anthropological Groups Act; other sources estimate there are about 75 ethnic groups"
    },
    "Languages": {
      "Languages": {
        "text": "Bangla 98.8% (official, also known as Bengali), other 1.2% (2011 est.)"
      },
      "major-language sample(s)": {
        "text": "<p><br>বিশ্ব ফ্যাক্টবুক, মৌলিক তথ্যের অপরিহার্য উৎস (Bangla)</p> <br>The World Factbook, the indispensable source for basic information."
      }
    },
    "Religions": {
      "text": "Muslim 91%, Hindu 8%, other 1% (2022 est.)"
    },
    "Age structure": {
      "0-14 years": {
        "text": "25.1% (male 21,540,493/female 20,800,712)"
      },
      "15-64 years": {
        "text": "67.1% (male 55,071,592/female 58,180,322)"
      },
      "65 years and over": {
        "text": "7.8% (2024 est.) (male 6,096,167/female 7,007,898)"
      }
    },
    "Dependency ratios": {
      "total dependency ratio": {
        "text": "49 (2024 est.)"
      },
      "youth dependency ratio": {
        "text": "37.4 (2024 est.)"
      },
      "elderly dependency ratio": {
        "text": "11.6 (2024 est.)"
      },
      "potential support ratio": {
        "text": "8.6 (2024 est.)"
      }
    },
    "Median age": {
      "total": {
        "text": "29.6 years (2024 est.)"
      },
      "male": {
        "text": "28.7 years"
      },
      "female": {
        "text": "30.4 years"
      }
    },
    "Population growth rate": {
      "text": "0.89% (2024 est.)"
    },
    "Birth rate": {
      "text": "17.3 births/1,000 population (2024 est.)"
    },
    "Death rate": {
      "text": "5.5 deaths/1,000 population (2024 est.)"
    },
    "Net migration rate": {
      "text": "-2.9 migrant(s)/1,000 population (2024 est.)"
    },
    "Urbanization": {
      "urban population": {
        "text": "40.5% of total population (2023)"
      },
      "rate of urbanization": {
        "text": "2.88% annual rate of change (2020-25 est.)"
      }
    },
    "Major urban areas - population": {
      "text": "23.210 million DHAKA (capital), 5.380 million Chittagong, 955,000 Khulna, 962,000 Rajshahi, 964,000 Sylhet, 906,000 Bogra (2023)"
    },
    "Sex ratio": {
      "at birth": {
        "text": "1.04 male(s)/female"
      },
      "0-14 years": {
        "text": "1.04 male(s)/female"
      },
      "15-64 years": {
        "text": "0.95 male(s)/female"
      },
      "65 years and over": {
        "text": "0.87 male(s)/female"
      },
      "total population": {
        "text": "0.96 male(s)/female (2024 est.)"
      }
    },
    "Mother's mean age at first birth": {
      "text": "18.6 years (2017/18 est.)",
      "note": "<strong>note:</strong> data represents median age at first birth among women 20-49"
    },
    "Maternal mortality ratio": {
      "text": "123 deaths/100,000 live births (2020 est.)"
    },
    "Infant mortality rate": {
      "total": {
        "text": "28.8 deaths/1,000 live births (2024 est.)"
      },
      "male": {
        "text": "31.3 deaths/1,000 live births"
      },
      "female": {
        "text": "26.3 deaths/1,000 live births"
      }
    },
    "Life expectancy at birth": {
      "total population": {
        "text": "75.2 years (2024 est.)"
      },
      "male": {
        "text": "73.1 years"
      },
      "female": {
        "text": "77.5 years"
      }
    },
    "Total fertility rate": {
      "text": "2.07 children born/woman (2024 est.)"
    },
    "Gross reproduction rate": {
      "text": "1.01 (2024 est.)"
    },
    "Contraceptive prevalence rate": {
      "text": "62.7% (2019)"
    },
    "Drinking water source": {
      "improved: urban": {
        "text": "urban: 99% of population"
      },
      "improved: rural": {
        "text": "rural: 98.7% of population"
      },
      "improved: total": {
        "text": "total: 98.9% of population"
      },
      "unimproved: urban": {
        "text": "urban: 1% of population"
      },
      "unimproved: rural": {
        "text": "rural: 1.3% of population"
      },
      "unimproved: total": {
        "text": "total: 1.1% of population (2020 est.)"
      }
    },
    "Health expenditure": {
      "Health expenditure (as % of GDP)": {
        "text": "2.4% of GDP (2021)"
      },
      "Health expenditure (as % of national budget)": {
        "text": "1.2% of national budget (2022 est.)"
      }
    },
    "Physician density": {
      "text": "0.72 physicians/1,000 population (2023)"
    },
    "Hospital bed density": {
      "text": "0.9 beds/1,000 population (2019 est.)"
    },
    "Sanitation facility access": {
      "improved: urban": {
        "text": "urban: 85.3% of population"
      },
      "improved: rural": {
        "text": "rural: 73.5% of population"
      },
      "improved: total": {
        "text": "total: 78% of population"
      },
      "unimproved: urban": {
        "text": "urban: 14.7% of population"
      },
      "unimproved: rural": {
        "text": "rural: 26.5% of population"
      },
      "unimproved: total": {
        "text": "total: 22% of population (2020 est.)"
      }
    },
    "Obesity - adult prevalence rate": {
      "text": "3.6% (2016)"
    },
    "Alcohol consumption per capita": {
      "total": {
        "text": "0 liters of pure alcohol (2019 est.)"
      },
      "beer": {
        "text": "0 liters of pure alcohol (2019 est.)"
      },
      "wine": {
        "text": "0 liters of pure alcohol (2019 est.)"
      },
      "spirits": {
        "text": "0 liters of pure alcohol (2019 est.)"
      },
      "other alcohols": {
        "text": "0 liters of pure alcohol (2019 est.)"
      }
    },
    "Tobacco use": {
      "total": {
        "text": "29.7% (2025 est.)"
      },
      "male": {
        "text": "47.6% (2025 est.)"
      },
      "female": {
        "text": "12.5% (2025 est.)"
      }
    },
    "Children under the age of 5 years underweight": {
      "text": "22.6% (2019)"
    },
    "Currently married women (ages 15-49)": {
      "text": "80.1% (2023 est.)"
    },
    "Child marriage": {
      "women married by age 15": {
        "text": "15.5% (2019)"
      },
      "women married by age 18": {
        "text": "51.4% (2019)"
      }
    },
    "Education expenditure": {
      "Education expenditure (% GDP)": {
        "text": "2% of GDP (2024 est.)"
      },
      "Education expenditure (% national budget)": {
        "text": "11.6% national budget (2024 est.)"
      }
    },
    "Literacy": {
      "total population": {
        "text": "79% (2022 est.)"
      },
      "male": {
        "text": "81% (2022 est.)"
      },
      "female": {
        "text": "77% (2022 est.)"
      }
    },
    "School life expectancy (primary to tertiary education)": {
      "total": {
        "text": "12 years"
      },
      "male": {
        "text": "12 years"
      },
      "female": {
        "text": "13 years (2020)"
      }
    }
  },
  "Environment": {
    "Environment - current issues": {
      "text": "flooding; water pollution, especially of fishing areas, from the use of commercial pesticides; groundwater pollution from naturally occurring arsenic; falling water tables in the northern and central parts of the country; soil degradation and erosion; deforestation; destruction of wetlands; severe overpopulation with noise pollution"
    },
    "Environment - international agreements": {
      "party to": {
        "text": "Biodiversity, Climate Change, Climate Change-Kyoto Protocol, Climate Change-Paris Agreement, Comprehensive Nuclear Test Ban, Desertification, Endangered Species, Environmental Modification, Hazardous Wastes, Law of the Sea, Nuclear Test Ban, Ozone Layer Protection, Ship Pollution, Wetlands"
      },
      "signed, but not ratified": {
        "text": "none of the selected agreements"
      }
    },
    "Climate": {
      "text": "tropical; mild winter (October to March); hot, humid summer (March to June); humid, warm rainy monsoon (June to October)"
    },
    "Land use": {
      "agricultural land": {
        "text": "72.4% (2022 est.)"
      },
      "agricultural land: arable land": {
        "text": "arable land: 60.5% (2022 est.)"
      },
      "agricultural land: permanent crops": {
        "text": "permanent crops: 7.2% (2022 est.)"
      },
      "agricultural land: permanent pasture": {
        "text": "permanent pasture: 4.6% (2022 est.)"
      },
      "forest": {
        "text": "14.5% (2022 est.)"
      },
      "other": {
        "text": "13.2% (2022 est.)"
      }
    },
    "Urbanization": {
      "urban population": {
        "text": "40.5% of total population (2023)"
      },
      "rate of urbanization": {
        "text": "2.88% annual rate of change (2020-25 est.)"
      }
    },
    "Air pollutants": {
      "particulate matter emissions": {
        "text": "45.99 micrograms per cubic meter (2019 est.)"
      },
      "carbon dioxide emissions": {
        "text": "84.25 megatons (2016 est.)"
      },
      "methane emissions": {
        "text": "59.3 megatons (2020 est.)"
      }
    },
    "Waste and recycling": {
      "municipal solid waste generated annually": {
        "text": "14,778,497 tons (2012 est.)"
      }
    },
    "Major rivers (by length in km)": {
      "text": "Brahmaputra river mouth (shared with China [s] and India) - 3,969 km; Ganges river mouth (shared with India [s]) - 2,704 km<br><br><strong>note: </strong>[s] after country name indicates river source; [m] after country name indicates river mouth"
    },
    "Major watersheds (area sq km)": {
      "text": "Indian Ocean drainage: Brahmaputra (651,335 sq km), Ganges (1,016,124 sq km)"
    },
    "Major aquifers": {
      "text": "Indus-Ganges-Brahmaputra Basin"
    },
    "Total water withdrawal": {
      "municipal": {
        "text": "3.6 billion cubic meters (2020 est.)"
      },
      "industrial": {
        "text": "770 million cubic meters (2020 est.)"
      },
      "agricultural": {
        "text": "31.5 billion cubic meters (2020 est.)"
      }
    },
    "Total renewable water resources": {
      "text": "1.23 trillion cubic meters (2020 est.)"
    }
  },
  "Government": {
    "Country name": {
      "conventional long form": {
        "text": "People's Republic of Bangladesh"
      },
      "conventional short form": {
        "text": "Bangladesh"
      },
      "local long form": {
        "text": "Gana Prajatantri Bangladesh"
      },
      "local short form": {
        "text": "Bangladesh"
      },
      "former": {
        "text": "East Bengal, East Pakistan"
      },
      "etymology": {
        "text": "the name is a compound of the Bengali words <em>Bangla </em>(Bengali) and <em>desh </em>(country)"
      }
    },
    "Government type": {
      "text": "parliamentary republic"
    },
    "Capital": {
      "name": {
        "text": "Dhaka"
      },
      "geographic coordinates": {
        "text": "23 43 N, 90 24 E"
      },
      "time difference": {
        "text": "UTC+6 (11 hours ahead of Washington, DC, during Standard Time)"
      },
      "etymology": {
        "text": "the origins of the name are unclear, but it may be derived from either the dhak tree or Dhakeshwari, a goddess with a shrine in the city"
      }
    },
    "Administrative divisions": {
      "text": "8 divisions; Barishal, Chattogram, Dhaka, Khulna, Mymensingh, Rajshahi, Rangpur, Sylhet"
    },
    "Legal system": {
      "text": "common law, incorporating elements of English common law; since independence, statutory law has been the primary form of legislation; Islamic law applies to Muslims in family and inheritance laws, with Hindu personal law applying to Hindus and Buddhists"
    },
    "Constitution": {
      "history": {
        "text": "previous 1935, 1956, 1962 (pre-independence); latest enacted 4 November 1972, effective 16 December 1972, suspended March 1982, restored November 1986"
      },
      "amendment process": {
        "text": "proposed by the House of the Nation; approval requires at least two-thirds majority vote of the House membership and assent of the president of the republic"
      }
    },
    "International law organization participation": {
      "text": "has not submitted an ICJ jurisdiction declaration; accepts ICCt jurisdiction"
    },
    "Citizenship": {
      "citizenship by birth": {
        "text": "no"
      },
      "citizenship by descent only": {
        "text": "at least one parent must be a citizen of Bangladesh"
      },
      "dual citizenship recognized": {
        "text": "yes, but limited to select countries"
      },
      "residency requirement for naturalization": {
        "text": "5 years"
      }
    },
    "Suffrage": {
      "text": "18 years of age; universal"
    },
    "Executive branch": {
      "chief of state": {
        "text": "President Mohammad Shahabuddin CHUPPI (since 24 April 2023)"
      },
      "head of government": {
        "text": "Interim Prime Minister Muhammad YUNUS (since 8 August 2024)"
      },
      "cabinet": {
        "text": "Cabinet selected by the prime minister, appointed by the president"
      },
      "elections/appointments": {
        "text": "president indirectly elected by the National Parliament for a 5-year term (eligible for a second term); the president appoints as prime minister the majority party leader in the National Parliament"
      },
      "most recent election date": {
        "text": "13 February 2023"
      },
      "election results": {
        "text": "President Mohammad Shahabuddin CHUPPI (AL) elected unopposed by the National Parliament; Sheikh HASINA reappointed prime minister for a fifth term following the 7 January 2024 parliamentary election"
      },
      "expected date of next election": {
        "text": "2028"
      }
    },
    "Legislative branch": {
      "expected date of next election": {
        "text": "December 2025"
      },
      "note": "<strong><strong>note: </strong></strong>the Parliament (House of the Nation) was dissolved on 6 August 2024 by President Mohammad Shahabuddin CHUPPI following the resignation of Prime Minister Sheikh HASINA Wazed on 5 August 2024; new national elections may be held in late 2025 or early 2026<strong><strong><br></strong></strong>"
    },
    "Judicial branch": {
      "highest court(s)": {
        "text": "Supreme Court of Bangladesh (organized into the Appellate Division with 7 justices and the High Court Division with 99 justices)"
      },
      "judge selection and term of office": {
        "text": "chief justice and justices appointed by the president; justices serve until retirement at age 67"
      },
      "subordinate courts": {
        "text": "civil courts include: Assistant Judge's Court; Joint District Judge's Court; Additional District Judge's Court; District Judge's Court; criminal courts include: Court of Sessions; Court of Metropolitan Sessions; Metropolitan Magistrate Courts; Magistrate Court; special courts/tribunals"
      }
    },
    "Political parties": {
      "text": "<p>Awami League or AL<br>Bangladesh Jamaat-i-Islami or JIB<br>Bangladesh Nationalist Party or BNP<br>Islami Andolan Bangladesh<br>Jatiya Party or JP (Ershad faction)<br>Jatiya Party or JP (Manju faction)<br>National Socialist Party (Jatiya Samajtantrik Dal) or JSD<br>Workers Party or WP</p> <p> </p>"
    },
    "Diplomatic representation in the US": {
      "chief of mission": {
        "text": "Ambassador Asad Alam SIAM (since 13 January 2025)"
      },
      "chancery": {
        "text": "3510 International Drive NW, Washington, DC 20008"
      },
      "telephone": {
        "text": "[1] (202) 244-0183"
      },
      "FAX": {
        "text": "[1] (202) 244-2771"
      },
      "email address and website": {
        "text": "<br>mission.washington@mofa.gov.bd<br><br>Embassy of the People’s Republic of Bangladesh, Washington, DC (mofa.gov.bd)"
      },
      "consulate(s) general": {
        "text": "Los Angeles, Miami, New York"
      }
    },
    "Diplomatic representation from the US": {
      "chief of mission": {
        "text": "Ambassador (vacant); Charg&eacute; d&rsquo;Affaires Ambassador Tracey Ann JACOBSEN (since 11 January 2025)"
      },
      "embassy": {
        "text": "Madani Avenue, Baridhara, Dhaka - 1212"
      },
      "mailing address": {
        "text": "6120 Dhaka Place, Washington DC&nbsp; 20521-6120"
      },
      "telephone": {
        "text": "[880] (2) 5566-2000"
      },
      "FAX": {
        "text": "[880] (2) 5566-2907"
      },
      "email address and website": {
        "text": "<br>DhakaACS@state.gov<br><br>https://bd.usembassy.gov/"
      }
    },
    "International organization participation": {
      "text": "ADB, ARF, BIMSTEC, C, CD, CICA (observer), CP, D-8, FAO, G-77, IAEA, IBRD, ICAO, ICC (national committees), ICRM, IDA, IDB, IFAD, IFC, IFRCS, IHO, ILO, IMF, IMO, IMSO, Interpol, IOC, IOM, IPU, ISO, ITSO, ITU, ITUC (NGOs), MIGA, MINURSO, MINUSCA, MONUSCO, NAM, OIC, OPCW, PCA, SAARC, SACEP, UN, UNAMID, UNCTAD, UNESCO, UNHCR, UNIDO, UNISFA, UNIFIL, UNMISS, UNOOSA, UNWTO, UPU, WCO, WFTU (NGOs), WHO, WIPO, WMO, WTO"
    },
    "Independence": {
      "text": "16 December 1971 (from Pakistan)"
    },
    "National holiday": {
      "text": "Independence Day, 26 March (1971); Victory Day, 16 December (1971); note - 26 March 1971 is the date of the Awami League's declaration of an independent Bangladesh, and 16 December (Victory Day) memorializes the military victory over Pakistan and the official creation of the state of Bangladesh"
    },
    "Flag description": {
      "text": "green field with a large red disk shifted slightly to the hoist side; the red disk represents the rising sun and the sacrifice to achieve independence; the green field symbolizes the lush vegetation of Bangladesh"
    },
    "National symbol(s)": {
      "text": "Bengal tiger, water lily"
    },
    "National color(s)": {
      "text": "green, red"
    },
    "National coat of arms": {
      "text": "the water lily is the national flower and symbolizes promise, aesthetics, and elegance; the water under the lily, the rice sheaves on the sides, and the jute leaves at the top represent the Bangladeshi landscape and economy; the four stars represent the aims and ambition of the nation"
    },
    "National anthem": {
      "name": {
        "text": "\"Amar Shonar Bangla\" (My Golden Bengal)"
      },
      "lyrics/music": {
        "text": "Rabindranath TAGORE"
      },
      "note": "<strong>note:</strong> adopted 1971; Rabindranath TAGORE, a Nobel laureate, also wrote India's national anthem"
    },
    "National heritage": {
      "total World Heritage Sites": {
        "text": "3 (2 cultural, 1 natural)"
      },
      "selected World Heritage Site locales": {
        "text": "Bagerhat Historic Mosque (c); Ruins of the Buddhist Vihara at Paharpur (c); Sundarbans (n)"
      }
    }
  },
  "Economy": {
    "Economic overview": {
      "text": "one of the fastest growing emerging market economies; strong economic rebound following COVID-19; significant poverty reduction; exports dominated by textile industry; weakened exports and remittances resulted in declining foreign exchange reserves and 2022 IMF loan request"
    },
    "Real GDP (purchasing power parity)": {
      "Real GDP (purchasing power parity) 2023": {
        "text": "$1.413 trillion (2023 est.)"
      },
      "Real GDP (purchasing power parity) 2022": {
        "text": "$1.336 trillion (2022 est.)"
      },
      "Real GDP (purchasing power parity) 2021": {
        "text": "$1.248 trillion (2021 est.)"
      },
      "note": "<b>note:</b> data in 2021 dollars"
    },
    "Real GDP growth rate": {
      "Real GDP growth rate 2023": {
        "text": "5.78% (2023 est.)"
      },
      "Real GDP growth rate 2022": {
        "text": "7.1% (2022 est.)"
      },
      "Real GDP growth rate 2021": {
        "text": "6.94% (2021 est.)"
      },
      "note": "<b>note:</b> annual GDP % growth based on constant local currency"
    },
    "Real GDP per capita": {
      "Real GDP per capita 2023": {
        "text": "$8,200 (2023 est.)"
      },
      "Real GDP per capita 2022": {
        "text": "$7,900 (2022 est.)"
      },
      "Real GDP per capita 2021": {
        "text": "$7,400 (2021 est.)"
      },
      "note": "<b>note:</b> data in 2021 dollars"
    },
    "GDP (official exchange rate)": {
      "text": "$437.415 billion (2023 est.)",
      "note": "<b>note:</b> data in current dollars at official exchange rate"
    },
    "Inflation rate (consumer prices)": {
      "Inflation rate (consumer prices) 2024": {
        "text": "10.5% (2024 est.)"
      },
      "Inflation rate (consumer prices) 2023": {
        "text": "9.9% (2023 est.)"
      },
      "Inflation rate (consumer prices) 2022": {
        "text": "7.7% (2022 est.)"
      },
      "note": "<b>note:</b> annual % change based on consumer prices"
    },
    "GDP - composition, by sector of origin": {
      "agriculture": {
        "text": "11% (2023 est.)"
      },
      "industry": {
        "text": "34.6% (2023 est.)"
      },
      "services": {
        "text": "51.1% (2023 est.)"
      },
      "note": "<b>note:</b> figures may not total 100% due to non-allocated consumption not captured in sector-reported data"
    },
    "GDP - composition, by end use": {
      "household consumption": {
        "text": "68.6% (2023 est.)"
      },
      "government consumption": {
        "text": "5.7% (2023 est.)"
      },
      "investment in fixed capital": {
        "text": "31% (2023 est.)"
      },
      "investment in inventories": {
        "text": "0% (2023 est.)"
      },
      "exports of goods and services": {
        "text": "13.2% (2023 est.)"
      },
      "imports of goods and services": {
        "text": "-17.8% (2023 est.)"
      },
      "note": "<strong>note:</strong> figures may not total 100% due to rounding or gaps in data collection"
    },
    "Agricultural products": {
      "text": "rice, milk, potatoes, maize, sugarcane, onions, jute, vegetables, mangoes/guavas, tropical fruits (2023)",
      "note": "<b>note:</b> top ten agricultural products based on tonnage"
    },
    "Industries": {
      "text": "cotton, textiles and clothing, jute, tea, paper, cement, fertilizer, sugar, light engineering&nbsp;"
    },
    "Industrial production growth rate": {
      "text": "8.37% (2023 est.)",
      "note": "<b>note:</b> annual % change in industrial value added based on constant local currency"
    },
    "Labor force": {
      "text": "77.355 million (2024 est.)",
      "note": "<b>note:</b> number of people ages 15 or older who are employed or seeking work"
    },
    "Unemployment rate": {
      "Unemployment rate 2024": {
        "text": "4.7% (2024 est.)"
      },
      "Unemployment rate 2023": {
        "text": "4.5% (2023 est.)"
      },
      "Unemployment rate 2022": {
        "text": "4.6% (2022 est.)"
      },
      "note": "<b>note:</b> % of labor force seeking employment"
    },
    "Youth unemployment rate (ages 15-24)": {
      "total": {
        "text": "11.5% (2024 est.)"
      },
      "male": {
        "text": "13.7% (2024 est.)"
      },
      "female": {
        "text": "9.2% (2024 est.)"
      },
      "note": "<b>note:</b> % of labor force ages 15-24 seeking employment"
    },
    "Population below poverty line": {
      "text": "18.7% (2022 est.)",
      "note": "<b>note:</b> % of population with income below national poverty line"
    },
    "Gini Index coefficient - distribution of family income": {
      "Gini Index coefficient - distribution of family income 2022": {
        "text": "33.4 (2022 est.)"
      },
      "note": "<b>note:</b> index (0-100) of income distribution; higher values represent greater inequality"
    },
    "Average household expenditures": {
      "on food": {
        "text": "52.8% of household expenditures (2023 est.)"
      },
      "on alcohol and tobacco": {
        "text": "2.1% of household expenditures (2023 est.)"
      }
    },
    "Household income or consumption by percentage share": {
      "lowest 10%": {
        "text": "3.5% (2022 est.)"
      },
      "highest 10%": {
        "text": "27.4% (2022 est.)"
      },
      "note": "<b>note:</b> % share of income accruing to lowest and highest 10% of population"
    },
    "Remittances": {
      "Remittances 2023": {
        "text": "5.07% of GDP (2023 est.)"
      },
      "Remittances 2022": {
        "text": "4.67% of GDP (2022 est.)"
      },
      "Remittances 2021": {
        "text": "5.33% of GDP (2021 est.)"
      },
      "note": "<b>note:</b> personal transfers and compensation between resident and non-resident individuals/households/entities"
    },
    "Budget": {
      "revenues": {
        "text": "$39.849 billion (2021 est.)"
      },
      "expenditures": {
        "text": "$34.538 billion (2021 est.)"
      },
      "note": "<b>note:</b> central government revenues and expenses (excluding grants/extrabudgetary units/social security funds) converted to US dollars at average official exchange rate for year indicated"
    },
    "Public debt": {
      "Public debt 2017": {
        "text": "33.1% of GDP (2017 est.)"
      }
    },
    "Taxes and other revenues": {
      "text": "7.6% (of GDP) (2021 est.)",
      "note": "<b>note:</b> central government tax revenue as a % of GDP"
    },
    "Current account balance": {
      "Current account balance 2023": {
        "text": "-$7.2 billion (2023 est.)"
      },
      "Current account balance 2022": {
        "text": "-$17.532 billion (2022 est.)"
      },
      "Current account balance 2021": {
        "text": "-$15.775 billion (2021 est.)"
      },
      "note": "<b>note:</b> balance of payments - net trade and primary/secondary income in current dollars"
    },
    "Exports": {
      "Exports 2023": {
        "text": "$47.287 billion (2023 est.)"
      },
      "Exports 2022": {
        "text": "$56.794 billion (2022 est.)"
      },
      "Exports 2021": {
        "text": "$49.291 billion (2021 est.)"
      },
      "note": "<b>note:</b> balance of payments - exports of goods and services in current dollars"
    },
    "Exports - partners": {
      "text": "USA 16%, Germany 15%, UK 8%, Spain 7%, Poland 6% (2023)",
      "note": "<b>note:</b> top five export partners based on percentage share of exports"
    },
    "Exports - commodities": {
      "text": "garments, footwear, fabric, textiles, trunks and cases (2023)",
      "note": "<b>note:</b> top five export commodities based on value in dollars"
    },
    "Imports": {
      "Imports 2023": {
        "text": "$72.996 billion (2023 est.)"
      },
      "Imports 2022": {
        "text": "$93.457 billion (2022 est.)"
      },
      "Imports 2021": {
        "text": "$85.299 billion (2021 est.)"
      },
      "note": "<b>note:</b> balance of payments - imports of goods and services in current dollars"
    },
    "Imports - partners": {
      "text": "China 34%, India 17%, Indonesia 5%, Singapore 5%, Malaysia 4% (2023)",
      "note": "<b>note:</b> top five import partners based on percentage share of imports"
    },
    "Imports - commodities": {
      "text": "refined petroleum, cotton fabric, natural gas, cotton, fabric (2023)",
      "note": "<b>note:</b> top five import commodities based on value in dollars"
    },
    "Reserves of foreign exchange and gold": {
      "Reserves of foreign exchange and gold 2024": {
        "text": "$20.225 billion (2024 est.)"
      },
      "Reserves of foreign exchange and gold 2023": {
        "text": "$21.86 billion (2023 est.)"
      },
      "Reserves of foreign exchange and gold 2022": {
        "text": "$33.747 billion (2022 est.)"
      },
      "note": "<b>note:</b> holdings of gold (year-end prices)/foreign exchange/special drawing rights in current dollars"
    },
    "Debt - external": {
      "Debt - external 2023": {
        "text": "$58.02 billion (2023 est.)"
      },
      "note": "<b>note:</b> present value of external debt in current US dollars"
    },
    "Exchange rates": {
      "Currency": {
        "text": "taka (BDT) per US dollar -"
      },
      "Exchange rates 2024": {
        "text": "115.801 (2024 est.)"
      },
      "Exchange rates 2023": {
        "text": "106.309 (2023 est.)"
      },
      "Exchange rates 2022": {
        "text": "91.745 (2022 est.)"
      },
      "Exchange rates 2021": {
        "text": "85.084 (2021 est.)"
      },
      "Exchange rates 2020": {
        "text": "84.871 (2020 est.)"
      }
    }
  },
  "Energy": {
    "Electricity access": {
      "electrification - total population": {
        "text": "99.4% (2022 est.)"
      },
      "electrification - urban areas": {
        "text": "100%"
      },
      "electrification - rural areas": {
        "text": "99.3%"
      }
    },
    "Electricity": {
      "installed generating capacity": {
        "text": "22.699 million kW (2023 est.)"
      },
      "consumption": {
        "text": "107.285 billion kWh (2023 est.)"
      },
      "imports": {
        "text": "9.407 billion kWh (2023 est.)"
      },
      "transmission/distribution losses": {
        "text": "8.279 billion kWh (2023 est.)"
      }
    },
    "Electricity generation sources": {
      "fossil fuels": {
        "text": "98.4% of total installed capacity (2023 est.)"
      },
      "solar": {
        "text": "1% of total installed capacity (2023 est.)"
      },
      "hydroelectricity": {
        "text": "0.6% of total installed capacity (2023 est.)"
      }
    },
    "Nuclear energy": {
      "Number of nuclear reactors under construction": {
        "text": "2 (2025)"
      }
    },
    "Coal": {
      "production": {
        "text": "767,000 metric tons (2023 est.)"
      },
      "consumption": {
        "text": "14.05 million metric tons (2023 est.)"
      },
      "imports": {
        "text": "13.305 million metric tons (2023 est.)"
      },
      "proven reserves": {
        "text": "3.26 billion metric tons (2023 est.)"
      }
    },
    "Petroleum": {
      "total petroleum production": {
        "text": "13,000 bbl/day (2023 est.)"
      },
      "refined petroleum consumption": {
        "text": "263,000 bbl/day (2023 est.)"
      },
      "crude oil estimated reserves": {
        "text": "28 million barrels (2021 est.)"
      }
    },
    "Natural gas": {
      "production": {
        "text": "22.334 billion cubic meters (2023 est.)"
      },
      "consumption": {
        "text": "29.119 billion cubic meters (2023 est.)"
      },
      "imports": {
        "text": "6.785 billion cubic meters (2023 est.)"
      },
      "proven reserves": {
        "text": "126.293 billion cubic meters (2021 est.)"
      }
    },
    "Carbon dioxide emissions": {
      "total emissions": {
        "text": "125.956 million metric tonnes of CO2 (2023 est.)"
      },
      "from coal and metallurgical coke": {
        "text": "26.967 million metric tonnes of CO2 (2023 est.)"
      },
      "from petroleum and other liquids": {
        "text": "42.083 million metric tonnes of CO2 (2023 est.)"
      },
      "from consumed natural gas": {
        "text": "56.906 million metric tonnes of CO2 (2023 est.)"
      }
    },
    "Energy consumption per capita": {
      "Total energy consumption per capita 2023": {
        "text": "11.472 million Btu/person (2023 est.)"
      }
    }
  },
  "Communications": {
    "Telephones - fixed lines": {
      "total subscriptions": {
        "text": "302,000 (2023 est.)"
      },
      "subscriptions per 100 inhabitants": {
        "text": "(2023 est.) less than 1"
      }
    },
    "Telephones - mobile cellular": {
      "total subscriptions": {
        "text": "191 million (2023 est.)"
      },
      "subscriptions per 100 inhabitants": {
        "text": "105 (2022 est.)"
      }
    },
    "Broadcast media": {
      "text": "state-owned Bangladesh Television (BTV) broadcasts nationally; some channels operate via satellite; the government also owns a medium-wave radio channel and some private FM radio news channels; of the 41 approved TV stations, 26 are currently being used to broadcast, and 23 operate under private management via cable distribution"
    },
    "Internet country code": {
      "text": ".bd"
    },
    "Internet users": {
      "percent of population": {
        "text": "45% (2023 est.)"
      }
    },
    "Broadband - fixed subscriptions": {
      "total": {
        "text": "12.9 million (2023 est.)"
      },
      "subscriptions per 100 inhabitants": {
        "text": "8 (2023 est.)"
      }
    }
  },
  "Transportation": {
    "Civil aircraft registration country code prefix": {
      "text": "S2"
    },
    "Airports": {
      "text": "17 (2025)"
    },
    "Heliports": {
      "text": "36 (2025)"
    },
    "Railways": {
      "total": {
        "text": "2,460 km (2014)"
      },
      "narrow gauge": {
        "text": "1,801 km (2014) 1.000-m gauge"
      },
      "broad gauge": {
        "text": "659 km (2014) 1.676-m gauge"
      }
    },
    "Merchant marine": {
      "total": {
        "text": "558 (2023)"
      },
      "by type": {
        "text": "bulk carrier 68, container ship 10, general cargo 170, oil tanker 162, other 148"
      }
    },
    "Ports": {
      "total ports": {
        "text": "2 (2024)"
      },
      "large": {
        "text": "0"
      },
      "medium": {
        "text": "1"
      },
      "small": {
        "text": "1"
      },
      "very small": {
        "text": "0"
      },
      "ports with oil terminals": {
        "text": "0"
      },
      "key ports": {
        "text": "Chittagong, Mongla"
      }
    }
  },
  "Military and Security": {
    "Military and security forces": {
      "text": "Armed Forces of Bangladesh (aka Bangladesh Defense Force): Bangladesh Army, Bangladesh Navy, Bangladesh Air Force<br><br>Ministry of Home Affairs: Bangladesh Police, Border Guard Bangladesh (BGB), Bangladesh Coast Guard, Rapid Action Battalion (RAB), Ansars, Village Defense Party (VDP) (2025)",
      "note": "<strong>note 1: </strong>the Armed Forces of Bangladesh are jointly administered by the Ministry of Defense (MOD) and the Armed Forces Division (AFD), both under the Prime Minister's Office; the AFD has ministerial status and parallel functions with MOD; the AFD is a joint coordinating headquarters for the three services and also functions as a joint command center during wartime; to coordinate policy, the prime minister and the president are advised by a six-member board, which includes the three service chiefs of staff, the principal staff officer of the AFD, and the military secretaries to the prime minister and president<br><br><strong>note 2: </strong>the RAB, Ansars, and VDP are paramilitary organizations for internal security; the RAB is a joint task force comprised of Police, Army, Navy, Air Force, and Border Guards personnel seconded to the RAB; its mandate includes internal security, intelligence gathering related to criminal activities, and government-directed investigations"
    },
    "Military expenditures": {
      "Military Expenditures 2024": {
        "text": "0.9% of GDP (2024 est.)"
      },
      "Military Expenditures 2023": {
        "text": "1% of GDP (2023 est.)"
      },
      "Military Expenditures 2022": {
        "text": "1.1% of GDP (2022 est.)"
      },
      "Military Expenditures 2021": {
        "text": "1.2% of GDP (2021 est.)"
      },
      "Military Expenditures 2020": {
        "text": "1.3% of GDP (2020 est.)"
      }
    },
    "Military and security service personnel strengths": {
      "text": "information varies; approximately 170,000 active Armed Forces (2025)"
    },
    "Military equipment inventories and acquisitions": {
      "text": "much of the military's inventory is comprised of Chinese- and Russian-origin equipment; in recent years, China has been the leading provider of arms to Bangladesh (2024)"
    },
    "Military service age and obligation": {
      "text": "generally 17-21 for voluntary military service; length of service varies by military service&nbsp; (2024)"
    },
    "Military deployments": {
      "text": "approximately 1,400 Central African Republic (MINUSCA); 1,650 Democratic Republic of the Congo (MONUSCO; plus about 200 police); 120 Lebanon (UNIFIL); 100 Mali (MINUSMA; plus about 150 police); 1,600 South Sudan (UNMISS); 500 Sudan (UNISFA) (2024)",
      "note": "<strong>note:</strong> as of early 2024, Bangladesh had nearly 6,000 total military and police personnel deployed on UN missions"
    },
    "Military - note": {
      "text": "the military’s primary responsibility is external defense but it also has a domestic security role; following widespread domestic protests in September 2024, the Army was given law enforcement powers, including making arrests, conducting searches, and dispersing unlawful assemblies; the military has traditionally been a significant player in the country's politics and has commercial business interests in such areas as banking, food, hotels, manufacturing, real estate, and shipbuilding, and manages government infrastructure and construction projects<br><br>the military has a long history of participating in UN peacekeeping missions, which has provided operational experience and a source of funding; it runs an international institute for the training of peacekeepers; the military also conducts multinational and bilateral exercises with foreign partners, particularly India (2025)"
    }
  },
  "Space": {
    "Space agency/agencies": {
      "text": "Bangladesh Space Research and Remote Sensing Organization (SPARRSO; established 1980) (2024)"
    },
    "Space program overview": {
      "text": "has a modest space program focused on designing, building, and operating satellites, particularly those with remote sensing (RS) capabilities; researching a variety of other space-related capabilities and technologies; has a government-owned company for acquiring and operating satellites (Bangladesh Satellite Company Limited or BSCL, established in 2017); has relations with several foreign space agencies and commercial entities, including those of France, Japan, Russia, and the US (2024)",
      "note": "<strong>note:</strong> further details about the key activities, programs, and milestones of the country’s space program, as well as government spending estimates on the space sector, appear in the Space Programs reference guide"
    }
  },
  "Terrorism": {
    "Terrorist group(s)": {
      "text": "Harakat ul-Jihad-i-Islami/Bangladesh (HUJI-B); Islamic State of Iraq and ash-Sham (ISIS) in Bangladesh (ISB); al-Qa'ida; al-Qa'ida in the Indian Subcontinent (AQIS)",
      "note": "<strong>note:</strong> details about the history, aims, leadership, organization, areas of operation, tactics, targets, weapons, size, and sources of support of the group(s) appear(s) in the Terrorism reference guide"
    }
  },
  "Transnational Issues": {
    "Refugees and internally displaced persons": {
      "refugees (country of origin)": {
        "text": "976,507 (Burma) (2024)"
      },
      "IDPs": {
        "text": "427,000 (conflict, development, human rights violations, religious persecution, natural disasters) (2022)"
      },
      "stateless persons": {
        "text": "929,606 (2022)"
      }
    },
    "Illicit drugs": {
      "text": "<p>transit country for illegal drugs produced in neighboring countries; does not manufacture precursor chemicals with the exception of sulphuric acid, hydrochloric acid, and toluene</p>"
    }
  }
}