{
  "Introduction": {
    "Background": {
      "text": "What is now Ecuador formed part of the northern Inca Empire until the Spanish conquest in 1533. Quito -- the traditional name for the area -- became a seat of Spanish colonial government in 1563 and part of the Viceroyalty of New Granada in 1717. The territories of the Viceroyalty -- New Granada (Colombia), Venezuela, and Quito -- gained their independence between 1819 and 1822 and formed a federation known as Gran Colombia. When Quito withdrew to become an independent republic in 1830, the traditional name was changed to the \"Republic of the Equator.\" Between 1904 and 1942, Ecuador lost territories in a series of conflicts with its neighbors. A border war with Peru that flared in 1995 was resolved in 1999. Although Ecuador has had nearly 50 years of civilian governance, the period has been marked by political instability."
    }
  },
  "Geography": {
    "Location": {
      "text": "Western South America, bordering the Pacific Ocean at the Equator, between Colombia and Peru"
    },
    "Geographic coordinates": {
      "text": "2 00 S, 77 30 W"
    },
    "Map references": {
      "text": "South America"
    },
    "Area": {
      "total ": {
        "text": "283,561 sq km"
      },
      "land": {
        "text": "276,841 sq km"
      },
      "water": {
        "text": "6,720 sq km"
      },
      "note": "<strong>note:</strong> includes Galapagos Islands"
    },
    "Area - comparative": {
      "text": "slightly smaller than Nevada"
    },
    "Land boundaries": {
      "total": {
        "text": "2,237 km"
      },
      "border countries": {
        "text": "Colombia 708 km; Peru 1529 km"
      }
    },
    "Coastline": {
      "text": "2,237 km"
    },
    "Maritime claims": {
      "territorial sea": {
        "text": "12 nm"
      },
      "exclusive economic zone": {
        "text": "200 nm"
      },
      "continental shelf": {
        "text": "200 nm"
      },
      "note": "<strong>note:</strong> Ecuador has declared its right to extend its continental shelf to 350 nm measured from the baselines of the Galapagos Archipelago"
    },
    "Climate": {
      "text": "tropical along coast, becoming cooler inland at higher elevations; tropical in Amazonian jungle lowlands"
    },
    "Terrain": {
      "text": "coastal plain (costa), inter-Andean central highlands (sierra), and flat to rolling eastern jungle (oriente)"
    },
    "Elevation": {
      "highest point": {
        "text": "Chimborazo 6,267"
      },
      "lowest point": {
        "text": "Pacific Ocean 0 m"
      },
      "mean elevation": {
        "text": "1,117 m"
      },
      "note": "<strong>note:</strong> because the earth is not a perfect sphere and has an equatorial bulge, the highest point on the planet farthest from its center is Mount Chimborazo not Mount Everest, which is merely the highest peak above sea level"
    },
    "Natural resources": {
      "text": "petroleum, fish, timber, hydropower"
    },
    "Land use": {
      "agricultural land": {
        "text": "21.5% (2022 est.)"
      },
      "agricultural land: arable land": {
        "text": "arable land: 3.9% (2022 est.)"
      },
      "agricultural land: permanent crops": {
        "text": "permanent crops: 5.5% (2022 est.)"
      },
      "agricultural land: permanent pasture": {
        "text": "permanent pasture: 12.1% (2022 est.)"
      },
      "forest": {
        "text": "49.8% (2022 est.)"
      },
      "other": {
        "text": "28.7% (2022 est.)"
      }
    },
    "Irrigated land": {
      "text": "12,520 sq km (2022)"
    },
    "Major watersheds (area sq km)": {
      "text": "Atlantic Ocean drainage: Amazon (6,145,186 sq km)"
    },
    "Population distribution": {
      "text": "nearly half of the population is concentrated in the interior, with large concentrations also found along the western coastal strip; the rainforests of the east remain sparsely populated"
    },
    "Natural hazards": {
      "text": "<p>frequent earthquakes; landslides; volcanic activity; floods; periodic droughts</p><p><strong>volcanism:</strong> volcanic activity concentrated along the Andes Mountains; Sangay (5,230 m), which erupted in 2010, is mainland Ecuador's most active volcano; other historically active volcanoes in the Andes include Antisana, Cayambe, Chacana, Cotopaxi, Guagua Pichincha, Reventador, Sumaco, and Tungurahua; Fernandina (1,476 m), a shield volcano that last erupted in 2009, is the most active of the many Galapagos volcanoes; other historically active Galapagos volcanoes include Wolf, Sierra Negra, Cerro Azul, Pinta, Marchena, and Santiago</p>"
    },
    "Geography - note": {
      "text": "Cotopaxi in the Andes is highest active volcano in world"
    }
  },
  "People and Society": {
    "Population": {
      "total": {
        "text": "18,309,984 (2024 est.)"
      },
      "male": {
        "text": "9,023,170"
      },
      "female": {
        "text": "9,286,814"
      }
    },
    "Nationality": {
      "noun": {
        "text": "Ecuadorian(s)"
      },
      "adjective": {
        "text": "Ecuadorian"
      }
    },
    "Ethnic groups": {
      "text": "Mestizo (mixed Indigenous and White) 77.5%, Montubio 7.7%, Indigenous 7.7%, White 2.2%, Afroecuadorian 2%, Mulatto 1.4%, Black 1.3%, other 0.1% (2022 est.)"
    },
    "Languages": {
      "Languages": {
        "text": "Spanish (Castilian; official) 98.6%, indigenous 3.9% (Quechua 3.2%, other indigenous 0.7%), foreign 2.8%, other 0.6% (includes Ecuadorian sign language) (2022 est.)"
      },
      "major-language sample(s)": {
        "text": "<br>La Libreta Informativa del Mundo, la fuente indispensable de información básica. (Spanish)<br><br>The World Factbook, the indispensable source for basic information."
      },
      "note": "<strong>note 1:</strong> shares sum to more than 100% because some respondents gave more than one answer on the census<br><br><strong>note 2:</strong> Quechua and Shuar are official languages of intercultural relations; other indigenous languages are in official use by indigenous peoples in the areas they inhabit"
    },
    "Religions": {
      "text": "Roman Catholic 68.2%, Protestant 19% (Evangelical 18.3%, Adventist 0.6%, other Protestant 0.2%), Jehovah's Witness 1.4%, other 2.3%, none 8.2% don't know/no response 1% (2023 est.)"
    },
    "Age structure": {
      "0-14 years": {
        "text": "26.8% (male 2,505,729/female 2,395,198)"
      },
      "15-64 years": {
        "text": "64.1% (male 5,771,234/female 5,972,938)"
      },
      "65 years and over": {
        "text": "9.1% (2024 est.) (male 746,207/female 918,678)"
      }
    },
    "Dependency ratios": {
      "total dependency ratio": {
        "text": "55.9 (2024 est.)"
      },
      "youth dependency ratio": {
        "text": "41.7 (2024 est.)"
      },
      "elderly dependency ratio": {
        "text": "14.2 (2024 est.)"
      },
      "potential support ratio": {
        "text": "7.1 (2024 est.)"
      }
    },
    "Median age": {
      "total": {
        "text": "28 years (2024 est.)"
      },
      "male": {
        "text": "27 years"
      },
      "female": {
        "text": "28.9 years"
      }
    },
    "Population growth rate": {
      "text": "0.94% (2024 est.)"
    },
    "Birth rate": {
      "text": "17.7 births/1,000 population (2024 est.)"
    },
    "Death rate": {
      "text": "7.2 deaths/1,000 population (2024 est.)"
    },
    "Net migration rate": {
      "text": "-1.1 migrant(s)/1,000 population (2024 est.)"
    },
    "Population distribution": {
      "text": "nearly half of the population is concentrated in the interior, with large concentrations also found along the western coastal strip; the rainforests of the east remain sparsely populated"
    },
    "Urbanization": {
      "urban population": {
        "text": "64.8% of total population (2023)"
      },
      "rate of urbanization": {
        "text": "1.62% annual rate of change (2020-25 est.)"
      }
    },
    "Major urban areas - population": {
      "text": "3.142 million Guayaquil, 1.957 million QUITO (capital) (2023)"
    },
    "Sex ratio": {
      "at birth": {
        "text": "1.05 male(s)/female"
      },
      "0-14 years": {
        "text": "1.05 male(s)/female"
      },
      "15-64 years": {
        "text": "0.97 male(s)/female"
      },
      "65 years and over": {
        "text": "0.81 male(s)/female"
      },
      "total population": {
        "text": "0.97 male(s)/female (2024 est.)"
      }
    },
    "Maternal mortality ratio": {
      "text": "66 deaths/100,000 live births (2020 est.)"
    },
    "Infant mortality rate": {
      "total": {
        "text": "11.2 deaths/1,000 live births (2024 est.)"
      },
      "male": {
        "text": "12.2 deaths/1,000 live births"
      },
      "female": {
        "text": "10.2 deaths/1,000 live births"
      }
    },
    "Life expectancy at birth": {
      "total population": {
        "text": "74.9 years (2024 est.)"
      },
      "male": {
        "text": "69.7 years"
      },
      "female": {
        "text": "80.4 years"
      }
    },
    "Total fertility rate": {
      "text": "2.21 children born/woman (2024 est.)"
    },
    "Gross reproduction rate": {
      "text": "1.08 (2024 est.)"
    },
    "Contraceptive prevalence rate": {
      "text": "77.9% (2018/19)",
      "note": "<strong>note:</strong> percent of women aged 15-50"
    },
    "Drinking water source": {
      "improved: urban": {
        "text": "urban: 100% of population"
      },
      "improved: rural": {
        "text": "rural: 87.1% of population"
      },
      "improved: total": {
        "text": "total: 95.4% of population"
      },
      "unimproved: urban": {
        "text": "urban: 0% of population"
      },
      "unimproved: rural": {
        "text": "rural: 12.9% of population"
      },
      "unimproved: total": {
        "text": "total: 4.6% of population (2020 est.)"
      }
    },
    "Health expenditure": {
      "Health expenditure (as % of GDP)": {
        "text": "8.3% of GDP (2021)"
      },
      "Health expenditure (as % of national budget)": {
        "text": "11.9% of national budget (2022 est.)"
      }
    },
    "Physician density": {
      "text": "2.31 physicians/1,000 population (2020)"
    },
    "Hospital bed density": {
      "text": "1.3 beds/1,000 population (2021 est.)"
    },
    "Sanitation facility access": {
      "improved: urban": {
        "text": "urban: 100% of population"
      },
      "improved: rural": {
        "text": "rural: 96.9% of population"
      },
      "improved: total": {
        "text": "total: 98.9% of population"
      },
      "unimproved: urban": {
        "text": "urban: 0% of population"
      },
      "unimproved: rural": {
        "text": "rural: 3.1% of population"
      },
      "unimproved: total": {
        "text": "total: 1.1% of population (2020 est.)"
      }
    },
    "Obesity - adult prevalence rate": {
      "text": "19.9% (2016)"
    },
    "Alcohol consumption per capita": {
      "total": {
        "text": "3.05 liters of pure alcohol (2019 est.)"
      },
      "beer": {
        "text": "2.32 liters of pure alcohol (2019 est.)"
      },
      "wine": {
        "text": "0.09 liters of pure alcohol (2019 est.)"
      },
      "spirits": {
        "text": "0.61 liters of pure alcohol (2019 est.)"
      },
      "other alcohols": {
        "text": "0.03 liters of pure alcohol (2019 est.)"
      }
    },
    "Tobacco use": {
      "total": {
        "text": "9.7% (2025 est.)"
      },
      "male": {
        "text": "17.2% (2025 est.)"
      },
      "female": {
        "text": "2.4% (2025 est.)"
      }
    },
    "Children under the age of 5 years underweight": {
      "text": "5.2% (2018/19)"
    },
    "Currently married women (ages 15-49)": {
      "text": "55.1% (2023 est.)"
    },
    "Child marriage": {
      "women married by age 15": {
        "text": "3.8% (2018)"
      },
      "women married by age 18": {
        "text": "22.2% (2018)"
      }
    },
    "Education expenditure": {
      "Education expenditure (% GDP)": {
        "text": "3.9% of GDP (2023 est.)"
      },
      "Education expenditure (% national budget)": {
        "text": "9.7% national budget (2023 est.)"
      }
    },
    "Literacy": {
      "total population": {
        "text": "94% (2022 est.)"
      },
      "male": {
        "text": "95% (2022 est.)"
      },
      "female": {
        "text": "93% (2022 est.)"
      }
    },
    "School life expectancy (primary to tertiary education)": {
      "total": {
        "text": "15 years"
      },
      "male": {
        "text": "14 years"
      },
      "female": {
        "text": "15 years (2020)"
      }
    }
  },
  "Environment": {
    "Environment - current issues": {
      "text": "deforestation; soil erosion; desertification; water pollution; pollution from oil production wastes in areas of the Amazon Basin and Galapagos Islands"
    },
    "Environment - international agreements": {
      "party to": {
        "text": "Antarctic-Environmental Protection, Antarctic Treaty, Biodiversity, Climate Change, Climate Change-Kyoto Protocol, Climate Change-Paris Agreement, Comprehensive Nuclear Test Ban, Desertification, Endangered Species, Hazardous Wastes, Law of the Sea, Nuclear Test Ban, Ozone Layer Protection, Ship Pollution, Tropical Timber 2006, Wetlands, Whaling"
      },
      "signed, but not ratified": {
        "text": "none of the selected agreements"
      }
    },
    "Climate": {
      "text": "tropical along coast, becoming cooler inland at higher elevations; tropical in Amazonian jungle lowlands"
    },
    "Land use": {
      "agricultural land": {
        "text": "21.5% (2022 est.)"
      },
      "agricultural land: arable land": {
        "text": "arable land: 3.9% (2022 est.)"
      },
      "agricultural land: permanent crops": {
        "text": "permanent crops: 5.5% (2022 est.)"
      },
      "agricultural land: permanent pasture": {
        "text": "permanent pasture: 12.1% (2022 est.)"
      },
      "forest": {
        "text": "49.8% (2022 est.)"
      },
      "other": {
        "text": "28.7% (2022 est.)"
      }
    },
    "Urbanization": {
      "urban population": {
        "text": "64.8% of total population (2023)"
      },
      "rate of urbanization": {
        "text": "1.62% annual rate of change (2020-25 est.)"
      }
    },
    "Air pollutants": {
      "particulate matter emissions": {
        "text": "16.55 micrograms per cubic meter (2019 est.)"
      },
      "carbon dioxide emissions": {
        "text": "41.15 megatons (2016 est.)"
      },
      "methane emissions": {
        "text": "23.51 megatons (2020 est.)"
      }
    },
    "Waste and recycling": {
      "municipal solid waste generated annually": {
        "text": "5,297,211 tons (2015 est.)"
      },
      "municipal solid waste recycled annually": {
        "text": "683,340 tons (2015 est.)"
      },
      "percent of municipal solid waste recycled": {
        "text": "12.9% (2015 est.)"
      }
    },
    "Major watersheds (area sq km)": {
      "text": "Atlantic Ocean drainage: Amazon (6,145,186 sq km)"
    },
    "Total water withdrawal": {
      "municipal": {
        "text": "1.29 billion cubic meters (2020 est.)"
      },
      "industrial": {
        "text": "550 million cubic meters (2020 est.)"
      },
      "agricultural": {
        "text": "8.8 billion cubic meters (2020 est.)"
      }
    },
    "Total renewable water resources": {
      "text": "442.4 billion cubic meters (2020 est.)"
    },
    "Geoparks": {
      "total global geoparks and regional networks": {
        "text": "1"
      },
      "global geoparks and regional networks": {
        "text": "Imbabura (2023)"
      }
    }
  },
  "Government": {
    "Country name": {
      "conventional long form": {
        "text": "Republic of Ecuador"
      },
      "conventional short form": {
        "text": "Ecuador"
      },
      "local long form": {
        "text": "Rep&uacute;blica del Ecuador"
      },
      "local short form": {
        "text": "Ecuador"
      },
      "former": {
        "text": "Quito"
      },
      "etymology": {
        "text": "the name is the Spanish word for \"equator,\" referring to its geographic position"
      }
    },
    "Government type": {
      "text": "presidential republic"
    },
    "Capital": {
      "name": {
        "text": "Quito"
      },
      "geographic coordinates": {
        "text": "0 13 S, 78 30 W"
      },
      "time difference": {
        "text": "UTC-5 (same time as Washington, DC, during Standard Time)"
      },
      "time zone note": {
        "text": "Ecuador has two time zones, including the Galapagos Islands (UTC-6)"
      },
      "etymology": {
        "text": "named after the Quitu, a Pre-Columbian people who lived in the area; the meaning of their name is unknown"
      }
    },
    "Administrative divisions": {
      "text": "24 provinces (<em>provincias</em>, singular - <em>provincia</em>); Azuay, Bolivar, Canar, Carchi, Chimborazo, Cotopaxi, El Oro, Esmeraldas, Galapagos, Guayas, Imbabura, Loja, Los Rios, Manabi, Morona Santiago, Napo, Orellana, Pastaza, Pichincha, Santa Elena, Santo Domingo de los Tsachilas, Sucumbios, Tungurahua, Zamora Chinchipe"
    },
    "Legal system": {
      "text": "civil law based on the Chilean civil code with modifications; traditional law in ethnic communities"
    },
    "Constitution": {
      "history": {
        "text": "many previous; latest approved 20 October 2008"
      },
      "amendment process": {
        "text": "proposed by the president of the republic through a referendum, by public petition of at least 1% of registered voters, or by agreement of at least one-third membership of the National Assembly; passage requires two separate readings a year apart and approval by at least two-thirds majority vote of the Assembly, and approval by absolute majority in a referendum; amendments such as changes to the structure of the state, constraints on personal rights and guarantees, or constitutional amendment procedures are not allowed"
      }
    },
    "International law organization participation": {
      "text": "has not submitted an ICJ jurisdiction declaration; accepts ICCt jurisdiction"
    },
    "Citizenship": {
      "citizenship by birth": {
        "text": "yes"
      },
      "citizenship by descent only": {
        "text": "yes"
      },
      "dual citizenship recognized": {
        "text": "no"
      },
      "residency requirement for naturalization": {
        "text": "3 years"
      }
    },
    "Suffrage": {
      "text": "18-65 years of age; universal and compulsory; 16-18, over 65, and other eligible voters, voluntary"
    },
    "Executive branch": {
      "chief of state": {
        "text": "President Daniel NOBOA Azin (since 23 November 2023)"
      },
      "head of government": {
        "text": "President Daniel NOBOA Azin (since 23 November 2023)"
      },
      "cabinet": {
        "text": "Cabinet appointed by the president"
      },
      "elections/appointments": {
        "text": "president and vice president directly elected on the same ballot by absolute-majority popular vote in 2 rounds, if needed, for a 4-year term (eligible for a second term)"
      },
      "most recent election date": {
        "text": "9 February 2025, with a runoff on 13 April 2025"
      },
      "election results": {
        "text": "<br><em>2025: </em>Daniel NOBOA Azin reelected president; percent of vote in the first round - Daniel NOBOA Azin (ADN) 44.2%, Luisa GONZÁLEZ Alcivar (MRC) 44%, Leonidas IZA (MUPP) 5.3%, other 6.5%; percent of vote in the second round - Daniel NOBOA Azin 55.6%, Luisa GONZÁLEZ Alcivar 44.4%<br><em><br>2023:</em> Daniel NOBOA Azin elected president; percent of vote in the first round - Luisa GONZÁLEZ Alcivar (MRC) 33.6%, Daniel NOBOA Azin (ADN) 23.5%, Christian Gustavo ZURITA Ron (Construye) 16.4%, Jan Tomislav TOPIĆ Feraud (Por Un País Sin Miedo) 14.7%, Otto Ramón SONNENHOLZNER Sper (Avanza) 7.1%, other 4.7%; percent of vote in the second round - Daniel NOBOA Azin 51.8%, Luisa GONZÁLEZ Alcivar 48.2%<br><br><em>2021:</em> Guillermo LASSO Mendoza elected president; percent of vote in the first round - Andres ARAUZ (UNES) 32.7%, Guillermo LASSO Mendoza (CREO) 19.7%, Yaku PEREZ Guartambel (MUPP) 19.4%, Xavier HERVAS Mora (ID) 15.7%, other 12.5%; percent of vote in the second round - Guillermo LASSO Mendoza (CREO) 52.5%, Andres ARAUZ (UNES) 47.5%"
      },
      "expected date of next election": {
        "text": "28 February 2029"
      },
      "note": "<strong>note 1:</strong> the president is both chief of state and head of government<br><br><strong>note 2:</strong> though eligible for a second term, former president Guillermo LASSO announced that he would not run in the 2023 election; President Daniel NOBOA Azin is serving out the remainder of the presidential term (2021–2025)"
    },
    "Legislative branch": {
      "legislature name": {
        "text": "National Assembly (Asamblea Nacional)"
      },
      "legislative structure": {
        "text": "unicameral"
      },
      "number of seats": {
        "text": "151 (all directly elected)"
      },
      "electoral system": {
        "text": "proportional representation"
      },
      "scope of elections": {
        "text": "full renewal"
      },
      "term in office": {
        "text": "4 years"
      },
      "most recent election date": {
        "text": "2/9/2025"
      },
      "parties elected and seats per party": {
        "text": "Citizen Revolution Movement (RC) - Renewal Movement (RETO) (67); National Democratic Action (ADN) (66); Pachakutik (9); Other (9)"
      },
      "percentage of women in chamber": {
        "text": "45%"
      },
      "expected date of next election": {
        "text": "February 2029"
      },
      "note": "<strong>note 1:</strong> all Assembly members have alternates from the same party who cast votes when a primary member is absent, resigns, or is removed from office<br><br><strong>note 2:</strong> on 18 May 2023, Ecuador’s National Electoral Council announced that the legislative and presidential elections - originally scheduled for February 2025 - would be held on 20 August 2023 after President Guillermo LASSO dissolved the National Assembly by decree on 17 May 2023; a return to a regular election cycle will occur in February 2025"
    },
    "Judicial branch": {
      "highest court(s)": {
        "text": "National Court of Justice or Corte Nacional de Justicia (consists of 21 judges, including the chief justice and organized into 5 specialized chambers); Constitutional Court or Corte Constitucional (consists of the court president and 8 judges)"
      },
      "judge selection and term of office": {
        "text": "candidates for the National Court of Justice evaluated and appointed justices by the Judicial Council, a 9-member independent body of law professionals; justices elected for 9-year, non-renewable terms, with one third of the membership renewed every 3 years; candidates for the Constitutional Court evaluated and appointed judges by a 6-member independent body of law professionals; judges appointed for 4-year renewable terms"
      },
      "subordinate courts": {
        "text": "provincial courts (one for each province except Galapagos); fiscal, criminal, and administrative tribunals; Election Dispute Settlement Courts; cantonal courts"
      }
    },
    "Political parties": {
      "text": "Actuemos Ecuador or Actuemos<br>AMIGO movement, Independent Mobilizing Action Generating Opportunities (Movimiento AMIGO (Acción Movilizadora Independiente Generando Oportunidades)) or AM16O<br>Avanza Party or AVANZA<br>Central Democratic Movement or CD<br>Citizen Revolution Movement or MRC or RC5<br>Creating Opportunities Movement or CREO<br>Democratic Left or ID<br>Democracy Yes Movement (Movimiento Democracia Si)<br>For A Country Without Fear (Por Un País Sin Miedo) (an alliance including PSC, CD, and PSP)<br>Green Movement (Movimiento Verde)<br>Movimiento Construye or Construye<br>National Democratic Action (Acción Democrática Nacional) or ADN<br>Pachakutik Plurinational Unity Movement or MUPP<br>Patriotic Society Party or PSP<br>People, Equality, and Democracy Party (Partido Pueblo, Igualdad y Democracia) or PID<br>Popular Unity Party (Partido Unidad Popular) or UP<br>Revolutionary and Democratic Ethical Green Movement (Movimiento Verde Ético Revolucionario y Democrático) or MOVER<strong><br></strong>Social Christian Party or PSC<br>Socialist Party<br>Society United for More Action or SUMA<br>Total Renovation Movement (Movimiento Renovacion Total) or RETO"
    },
    "Diplomatic representation in the US": {
      "chief of mission": {
        "text": "Ambassador-designate Pablo ZAMBRANO Albuja (since 20 March 2025)"
      },
      "chancery": {
        "text": "2535 15th Street NW, Washington, DC 20009"
      },
      "telephone": {
        "text": "[1] (202) 234-7200"
      },
      "FAX": {
        "text": "[1] (202) 333-2893"
      },
      "email address and website": {
        "text": "<br>eecuusanotifications@mmrree.gob.ec<br><br>Contact – Washington (cancilleria.gob.ec)"
      },
      "consulate(s) general": {
        "text": "Atlanta, Chicago, Houston, Los Angeles, Miami, Minneapolis (MN), New Haven (CT), New York, Newark (NJ), Phoenix, San Juan (PR)"
      }
    },
    "Diplomatic representation from the US": {
      "chief of mission": {
        "text": "Ambassador (vacant); Charg&eacute; d&rsquo;Affaires Lawrence PETRONI (since 17 April 2025)"
      },
      "embassy": {
        "text": "E12-170 Avenida Avigiras y Avenida Eloy Alfaro, Quito"
      },
      "mailing address": {
        "text": "3420 Quito Place, Washington DC&nbsp; 20521-3420"
      },
      "telephone": {
        "text": "[593] (2) 398-5000"
      },
      "email address and website": {
        "text": "<br>ACSQuito@state.gov<br><br>https://ec.usembassy.gov/"
      },
      "consulate(s) general": {
        "text": "Guayaquil"
      }
    },
    "International organization participation": {
      "text": "CAN, CD, CELAC, FAO, G-11, G-77, IADB, IAEA, IBRD, ICAO, ICC (national committees), ICCt, ICRM, IDA, IFAD, IFC, IFRCS, IHO, ILO, IMF, IMO, Interpol, IOC, IOM, IPU, ISO, ITSO, ITU, ITUC (NGOs), LAES, LAIA, Mercosur (associate), MIGA, MINUSTAH, NAM, OAS, OPANAL, OPCW, OPEC, Pacific Alliance (observer), PCA, PROSUR, SICA (observer), UN, UNCTAD, UNESCO, UNHCR, UNIDO, Union Latina, UNISFA, UNMIL, UNMISS, UNOCI, UNOOSA, UNWTO, UPU, WCO, WFTU (NGOs), WHO, WIPO, WMO, WTO"
    },
    "Independence": {
      "text": "24 May 1822 (from Spain)"
    },
    "National holiday": {
      "text": "Independence Day (independence of Quito), 10 August (1809)"
    },
    "Flag description": {
      "text": "three horizontal bands of yellow (top, double-width), blue, and red, with the coat of arms at the center of the flag; yellow stands for sunshine, grain, and mineral wealth; blue for the sky, sea, and rivers; red for the blood of patriots spilled in the struggle for freedom and justice",
      "note": "<strong>note:</strong> similar to the flag of Colombia, which is shorter and does not have a coat of arms"
    },
    "National symbol(s)": {
      "text": "Andean condor"
    },
    "National color(s)": {
      "text": "yellow, blue, red"
    },
    "National anthem": {
      "name": {
        "text": "\"Salve, Oh Patria!\" (We Salute You, Our Homeland)"
      },
      "lyrics/music": {
        "text": "Juan Leon MERA/Antonio NEUMANE"
      },
      "note": "<strong>note:</strong> adopted 1948; Juan Leon MERA wrote the lyrics in 1865; only the chorus and second verse are sung"
    },
    "National heritage": {
      "total World Heritage Sites": {
        "text": "5 (3 cultural, 2 natural)"
      },
      "selected World Heritage Site locales": {
        "text": "Historic Quito (c); Galápagos Islands (n); Historic Cuenca (c); Qhapaq Ñan/Andean Road System (c); Sangay National Park (n)"
      }
    }
  },
  "Economy": {
    "Economic overview": {
      "text": "highly informal South American economy; USD currency user; major banana exporter; hard hit by COVID-19; macroeconomic fragility from oil dependency; successful debt restructuring; China funding budget deficits; social unrest hampering economic activity"
    },
    "Real GDP (purchasing power parity)": {
      "Real GDP (purchasing power parity) 2023": {
        "text": "$260.213 billion (2023 est.)"
      },
      "Real GDP (purchasing power parity) 2022": {
        "text": "$254.226 billion (2022 est.)"
      },
      "Real GDP (purchasing power parity) 2021": {
        "text": "$239.415 billion (2021 est.)"
      },
      "note": "<b>note:</b> data in 2021 dollars"
    },
    "Real GDP growth rate": {
      "Real GDP growth rate 2023": {
        "text": "2.36% (2023 est.)"
      },
      "Real GDP growth rate 2022": {
        "text": "6.19% (2022 est.)"
      },
      "Real GDP growth rate 2021": {
        "text": "9.82% (2021 est.)"
      },
      "note": "<b>note:</b> annual GDP % growth based on constant local currency"
    },
    "Real GDP per capita": {
      "Real GDP per capita 2023": {
        "text": "$14,500 (2023 est.)"
      },
      "Real GDP per capita 2022": {
        "text": "$14,300 (2022 est.)"
      },
      "Real GDP per capita 2021": {
        "text": "$13,500 (2021 est.)"
      },
      "note": "<b>note:</b> data in 2021 dollars"
    },
    "GDP (official exchange rate)": {
      "text": "$118.845 billion (2023 est.)",
      "note": "<b>note:</b> data in current dollars at official exchange rate"
    },
    "Inflation rate (consumer prices)": {
      "Inflation rate (consumer prices) 2024": {
        "text": "1.5% (2024 est.)"
      },
      "Inflation rate (consumer prices) 2023": {
        "text": "2.2% (2023 est.)"
      },
      "Inflation rate (consumer prices) 2022": {
        "text": "3.5% (2022 est.)"
      },
      "note": "<b>note:</b> annual % change based on consumer prices"
    },
    "GDP - composition, by sector of origin": {
      "agriculture": {
        "text": "7.7% (2023 est.)"
      },
      "industry": {
        "text": "26.9% (2023 est.)"
      },
      "services": {
        "text": "59.7% (2023 est.)"
      },
      "note": "<b>note:</b> figures may not total 100% due to non-allocated consumption not captured in sector-reported data"
    },
    "GDP - composition, by end use": {
      "household consumption": {
        "text": "64.3% (2023 est.)"
      },
      "government consumption": {
        "text": "13.9% (2023 est.)"
      },
      "investment in fixed capital": {
        "text": "19.7% (2023 est.)"
      },
      "investment in inventories": {
        "text": "1.8% (2023 est.)"
      },
      "exports of goods and services": {
        "text": "29.1% (2023 est.)"
      },
      "imports of goods and services": {
        "text": "-28.8% (2023 est.)"
      },
      "note": "<b>note:</b> figures may not total 100% due to rounding or gaps in data collection"
    },
    "Agricultural products": {
      "text": "bananas, sugarcane, milk, oil palm fruit, maize, rice, plantains, chicken, pineapples, cocoa beans (2023)",
      "note": "<b>note:</b> top ten agricultural products based on tonnage"
    },
    "Industries": {
      "text": "petroleum, food processing, textiles, wood products, chemicals"
    },
    "Industrial production growth rate": {
      "text": "-0.64% (2023 est.)",
      "note": "<b>note:</b> annual % change in industrial value added based on constant local currency"
    },
    "Labor force": {
      "text": "8.821 million (2024 est.)",
      "note": "<b>note:</b> number of people ages 15 or older who are employed or seeking work"
    },
    "Unemployment rate": {
      "Unemployment rate 2024": {
        "text": "4.8% (2024 est.)"
      },
      "Unemployment rate 2023": {
        "text": "3.5% (2023 est.)"
      },
      "Unemployment rate 2022": {
        "text": "3.8% (2022 est.)"
      },
      "note": "<b>note:</b> % of labor force seeking employment"
    },
    "Youth unemployment rate (ages 15-24)": {
      "total": {
        "text": "10.1% (2024 est.)"
      },
      "male": {
        "text": "8.3% (2024 est.)"
      },
      "female": {
        "text": "13% (2024 est.)"
      },
      "note": "<b>note:</b> % of labor force ages 15-24 seeking employment"
    },
    "Population below poverty line": {
      "text": "25.2% (2022 est.)",
      "note": "<b>note:</b> % of population with income below national poverty line"
    },
    "Gini Index coefficient - distribution of family income": {
      "Gini Index coefficient - distribution of family income 2023": {
        "text": "44.6 (2023 est.)"
      },
      "note": "<b>note:</b> index (0-100) of income distribution; higher values represent greater inequality"
    },
    "Average household expenditures": {
      "on food": {
        "text": "25.9% of household expenditures (2023 est.)"
      },
      "on alcohol and tobacco": {
        "text": "0.9% of household expenditures (2023 est.)"
      }
    },
    "Household income or consumption by percentage share": {
      "lowest 10%": {
        "text": "1.6% (2023 est.)"
      },
      "highest 10%": {
        "text": "33.2% (2023 est.)"
      },
      "note": "<b>note:</b> % share of income accruing to lowest and highest 10% of population"
    },
    "Remittances": {
      "Remittances 2023": {
        "text": "4.59% of GDP (2023 est.)"
      },
      "Remittances 2022": {
        "text": "4.07% of GDP (2022 est.)"
      },
      "Remittances 2021": {
        "text": "4.07% of GDP (2021 est.)"
      },
      "note": "<b>note:</b> personal transfers and compensation between resident and non-resident individuals/households/entities"
    },
    "Budget": {
      "revenues": {
        "text": "$35.962 billion (2022 est.)"
      },
      "expenditures": {
        "text": "$35.347 billion (2022 est.)"
      },
      "note": "<b>note:</b> central government revenues (excluding grants) and expenses converted to US dollars at average official exchange rate for year indicated"
    },
    "Public debt": {
      "Public debt 2017": {
        "text": "45.4% of GDP (2017 est.)"
      }
    },
    "Taxes and other revenues": {
      "text": "13% (of GDP) (2022 est.)",
      "note": "<b>note:</b> central government tax revenue as a % of GDP"
    },
    "Current account balance": {
      "Current account balance 2023": {
        "text": "$2.346 billion (2023 est.)"
      },
      "Current account balance 2022": {
        "text": "$2.137 billion (2022 est.)"
      },
      "Current account balance 2021": {
        "text": "$2.939 billion (2021 est.)"
      },
      "note": "<b>note:</b> balance of payments - net trade and primary/secondary income in current dollars"
    },
    "Exports": {
      "Exports 2023": {
        "text": "$35.687 billion (2023 est.)"
      },
      "Exports 2022": {
        "text": "$36.588 billion (2022 est.)"
      },
      "Exports 2021": {
        "text": "$29.284 billion (2021 est.)"
      },
      "note": "<b>note:</b> balance of payments - exports of goods and services in current dollars"
    },
    "Exports - partners": {
      "text": "USA 22%, China 21%, Panama 12%, Japan 3%, Peru 3% (2023)",
      "note": "<b>note:</b> top five export partners based on percentage share of exports"
    },
    "Exports - commodities": {
      "text": "crude petroleum, shellfish, bananas, fish, gold (2023)",
      "note": "<b>note:</b> top five export commodities based on value in dollars"
    },
    "Imports": {
      "Imports 2023": {
        "text": "$35.421 billion (2023 est.)"
      },
      "Imports 2022": {
        "text": "$36.644 billion (2022 est.)"
      },
      "Imports 2021": {
        "text": "$28.471 billion (2021 est.)"
      },
      "note": "<b>note:</b> balance of payments - imports of goods and services in current dollars"
    },
    "Imports - partners": {
      "text": "USA 27%, China 20%, Colombia 7%, Brazil 4%, Peru 4% (2023)",
      "note": "<b>note:</b> top five import partners based on percentage share of imports"
    },
    "Imports - commodities": {
      "text": "refined petroleum, coal tar oil, cars, packaged medicine, plastics (2023)",
      "note": "<b>note:</b> top five import commodities based on value in dollars"
    },
    "Reserves of foreign exchange and gold": {
      "Reserves of foreign exchange and gold 2024": {
        "text": "$4.703 billion (2024 est.)"
      },
      "Reserves of foreign exchange and gold 2023": {
        "text": "$4.442 billion (2023 est.)"
      },
      "Reserves of foreign exchange and gold 2022": {
        "text": "$8.459 billion (2022 est.)"
      },
      "note": "<b>note:</b> holdings of gold (year-end prices)/foreign exchange/special drawing rights in current dollars"
    },
    "Debt - external": {
      "Debt - external 2023": {
        "text": "$39.658 billion (2023 est.)"
      },
      "note": "<b>note:</b> present value of external debt in current US dollars"
    },
    "Exchange rates": {
      "text": "<p>the US dollar became Ecuador's currency in 2001</p>"
    }
  },
  "Energy": {
    "Electricity access": {
      "electrification - total population": {
        "text": "100% (2022 est.)"
      }
    },
    "Electricity": {
      "installed generating capacity": {
        "text": "8.438 million kW (2023 est.)"
      },
      "consumption": {
        "text": "29.305 billion kWh (2023 est.)"
      },
      "exports": {
        "text": "192 million kWh (2023 est.)"
      },
      "imports": {
        "text": "466 million kWh (2023 est.)"
      },
      "transmission/distribution losses": {
        "text": "5.119 billion kWh (2023 est.)"
      }
    },
    "Electricity generation sources": {
      "fossil fuels": {
        "text": "23.2% of total installed capacity (2023 est.)"
      },
      "solar": {
        "text": "0.1% of total installed capacity (2023 est.)"
      },
      "wind": {
        "text": "0.2% of total installed capacity (2023 est.)"
      },
      "hydroelectricity": {
        "text": "75.4% of total installed capacity (2023 est.)"
      },
      "biomass and waste": {
        "text": "1.1% of total installed capacity (2023 est.)"
      }
    },
    "Coal": {
      "consumption": {
        "text": "14,000 metric tons (2023 est.)"
      },
      "exports": {
        "text": "200 metric tons (2023 est.)"
      },
      "imports": {
        "text": "14,000 metric tons (2023 est.)"
      },
      "proven reserves": {
        "text": "24 million metric tons (2023 est.)"
      }
    },
    "Petroleum": {
      "total petroleum production": {
        "text": "480,000 bbl/day (2023 est.)"
      },
      "refined petroleum consumption": {
        "text": "272,000 bbl/day (2023 est.)"
      },
      "crude oil estimated reserves": {
        "text": "8.273 billion barrels (2021 est.)"
      }
    },
    "Natural gas": {
      "production": {
        "text": "271.053 million cubic meters (2023 est.)"
      },
      "consumption": {
        "text": "271.053 million cubic meters (2023 est.)"
      },
      "proven reserves": {
        "text": "10.902 billion cubic meters (2021 est.)"
      }
    },
    "Carbon dioxide emissions": {
      "total emissions": {
        "text": "38.286 million metric tonnes of CO2 (2023 est.)"
      },
      "from coal and metallurgical coke": {
        "text": "39,000 metric tonnes of CO2 (2023 est.)"
      },
      "from petroleum and other liquids": {
        "text": "37.711 million metric tonnes of CO2 (2023 est.)"
      },
      "from consumed natural gas": {
        "text": "536,000 metric tonnes of CO2 (2023 est.)"
      }
    },
    "Energy consumption per capita": {
      "Total energy consumption per capita 2023": {
        "text": "35.7 million Btu/person (2023 est.)"
      }
    }
  },
  "Communications": {
    "Telephones - fixed lines": {
      "total subscriptions": {
        "text": "1.434 million (2023 est.)"
      },
      "subscriptions per 100 inhabitants": {
        "text": "8 (2023 est.)"
      }
    },
    "Telephones - mobile cellular": {
      "total subscriptions": {
        "text": "18.2 million (2023 est.)"
      },
      "subscriptions per 100 inhabitants": {
        "text": "97 (2022 est.)"
      }
    },
    "Broadcast media": {
      "text": "956 media outlets, of which 89% are private, 5% are public, and 6% belong to small communities; government controls most of the 44 public media stations, including national media and multiple local radio stations; most media outlets are concentrated in Guayas and Pichincha (2022)"
    },
    "Internet country code": {
      "text": ".ec"
    },
    "Internet users": {
      "percent of population": {
        "text": "77% (2024 est.)"
      },
      "note": "according to 2021 statistics from Ecuador's Ministry of Telecommunications and Information Society, 50% of homes do not have access to fixed internet"
    },
    "Broadband - fixed subscriptions": {
      "total": {
        "text": "2.89 million (2023 est.)"
      },
      "subscriptions per 100 inhabitants": {
        "text": "16 (2023 est.)"
      }
    }
  },
  "Transportation": {
    "Civil aircraft registration country code prefix": {
      "text": "HC"
    },
    "Airports": {
      "text": "317 (2025)"
    },
    "Heliports": {
      "text": "28 (2025)"
    },
    "Railways": {
      "total": {
        "text": "965 km (2022)"
      },
      "narrow gauge": {
        "text": "965 km (2022) 1.067-m gauge"
      },
      "note": "<strong>note:</strong> passenger service limited to certain sections of track, mostly for tourist trains"
    },
    "Merchant marine": {
      "total": {
        "text": "154 (2023)"
      },
      "by type": {
        "text": "container ship 1, general cargo 8, oil tanker 28, other 117"
      }
    },
    "Ports": {
      "total ports": {
        "text": "6 (2024)"
      },
      "large": {
        "text": "0"
      },
      "medium": {
        "text": "0"
      },
      "small": {
        "text": "2"
      },
      "very small": {
        "text": "4"
      },
      "ports with oil terminals": {
        "text": "5"
      },
      "key ports": {
        "text": "Esmeraldas, Guayaquil, La Libertad, Manta, Puerto Bolivar, Puerto Maritimo de Guayaquil"
      }
    }
  },
  "Military and Security": {
    "Military and security forces": {
      "text": "Ecuadorian Armed Forces (Fuerzas Armadas del Ecuador): Ground Force (Fuerza Terrestre), Naval Force (Fuerza Naval; includes naval infantry, naval aviation, coast guard), Ecuadorian Air Force (Fuerza Aérea Ecuatoriana) (2025)",
      "note": "<strong>note:</strong> the National Police of Ecuador (Policía Nacional del Ecuador) is under the Ministry of Government/Interior"
    },
    "Military expenditures": {
      "Military Expenditures 2024": {
        "text": "2.2% of GDP (2024 est.)"
      },
      "Military Expenditures 2023": {
        "text": "2.3% of GDP (2023 est.)"
      },
      "Military Expenditures 2022": {
        "text": "2.2% of GDP (2022 est.)"
      },
      "Military Expenditures 2021": {
        "text": "2.4% of GDP (2021 est.)"
      },
      "Military Expenditures 2020": {
        "text": "2.3% of GDP (2020 est.)"
      }
    },
    "Military and security service personnel strengths": {
      "text": "approximately 40,000 active Ecuadorian Armed Forces (2025)"
    },
    "Military equipment inventories and acquisitions": {
      "text": "the military's inventory includes a diverse mix of older and smaller quantities of more modern equipment derived from a variety of sources such as Brazil, China, France, Italy, Germany, Russia/Soviet-Union, Spain, Turkey, the UK, and the US (2024)"
    },
    "Military service age and obligation": {
      "text": "18-22 years of age for selective conscript military service for men, although conscription was suspended in 2008; 18 years of age for voluntary military service for men and women; 12-month service obligation (2023)",
      "note": "<strong>note: </strong>in 2022, women made up an estimated 3-4% of the military"
    },
    "Military - note": {
      "text": "the military is responsible for preserving Ecuador’s national sovereignty and defending the integrity of the state; it also has some domestic security responsibilities and may complement police operations in maintaining public order if required; the military shares responsibility for border enforcement with the National Police; it participates in bilateral and multinational training exercises and has sent troops on UN peacekeeping missions; the military has defense ties to regional countries, such as Chile, Colombia, and Peru<br><br>border conflicts with Peru dominated the military’s focus until the late 1990s and border security remains a priority, but in more recent years, security challenges have included counterinsurgency and counternarcotics operations, particularly in the northern border area where violence and other criminal activity related to terrorism, insurgency, and narco-trafficking in Colombia, as well as refugees from Venezuela, have spilled over the border; the military has established a joint service task force for counterinsurgency and counternarcotics operations and boosted troop deployments along those borders; other missions include countering illegal mining, smuggling, and maritime piracy; since 2012, the Ecuadorian Government has expanded the military’s role in general public security and domestic crime operations, in part due to rising violence, police corruption, and police ineffectiveness; in 2024, Ecuador passed a constitutional amendment formally authorizing the military to participate in complementary security roles such as supporting law enforcement in high-risk areas, conducting joint operations against organized crime, and providing logistical assistance in maintaining public order <br><br>the military ruled the country from 1963-1966 and 1972-1979, and supported a dictatorship in 1970-1972; during the 1980s, the military remained loyal to the civilian government, but civilian-military relations were at times tenuous, and the military had considerable autonomy from civilian oversight; it was involved in coup attempts in 2000 and 2010 (2025)"
    }
  },
  "Space": {
    "Space agency/agencies": {
      "text": "Ecuadorian Civilian Space Agency (EXA; a civilian independent research and development institution in charge of the administration and execution of Ecuador&rsquo;s space program, established 2007); Ecuadorian Space Institute (established 2012, disbanded 2018) (2024)"
    },
    "Space program overview": {
      "text": "has a small program focused on acquiring or manufacturing satellites; builds scientific satellites; conducts research and develops some space-related technologies; has established relations with the space agencies and industries of China and Russia, as well as the Latin American and Caribbean Space Agency (ALCE) and its member states (2024)",
      "note": "<strong>note:</strong> further details about the key activities, programs, and milestones of the country’s space program, as well as government spending estimates on the space sector, appear in the Space Programs reference guide"
    }
  },
  "Transnational Issues": {
    "Refugees and internally displaced persons": {
      "refugees (country of origin)": {
        "text": "65,854 (Colombia) (refugees and asylum seekers) (2021); 474,945 (Venezuela) (economic and political crisis; includes Venezuelans who have claimed asylum, are recognized as refugees, or have received alternative legal stay) (2023)"
      }
    },
    "Illicit drugs": {
      "text": "<p>Ecuador is a major transit country for cocaine destined for the United States and other international destinations; criminal groups traffic cocaine precursor chemicals for drug gangs; not a major drug producing country; a major source of precursor or essential chemicals used in the production of illicit narcotics</p>"
    }
  }
}