{
  "Introduction": {
    "Background": {
      "text": "The Arctic Ocean is the smallest of the world's five ocean basins (after the Pacific Ocean, Atlantic Ocean, Indian Ocean, and the Southern Ocean). The Northwest Passage (US and Canada) and Northern Sea Route (Norway and Russia) are two important seasonal waterways. In recent years, the polar ice pack has receded in the summer allowing for increased navigation and raising the possibility of future sovereignty and shipping disputes among the Arctic coastal states affected (Canada, Denmark (Greenland), Iceland, Norway, Russia, US)."
    }
  },
  "Geography": {
    "Location": {
      "text": "body of water between Europe, Asia, and North America, mostly north of the Arctic Circle"
    },
    "Geographic coordinates": {
      "text": "90 00 N, 0 00 E"
    },
    "Map references": {
      "text": "Arctic Region"
    },
    "Area": {
      "total ": {
        "text": "15.558 million sq km"
      },
      "note": "<strong>note:</strong> includes Barents Sea, Beaufort Sea, Chukchi Sea, East Siberian Sea, Greenland Sea, Kara Sea, Laptev Sea, Northwest Passage, Norwegian Sea, and other tributary water bodies"
    },
    "Area - comparative": {
      "text": "slightly less than 1.5 times the size of the US"
    },
    "Coastline": {
      "text": "45,389 km"
    },
    "Climate": {
      "text": "polar climate characterized by persistent cold and relatively narrow annual temperature range; winters characterized by continuous darkness, cold and stable weather conditions, and clear skies; summers characterized by continuous daylight, damp and foggy weather, and weak cyclones with rain or snow"
    },
    "Ocean volume": {
      "ocean volume": {
        "text": "18.75 million cu km"
      },
      "percent of World Ocean total volume": {
        "text": "1.4%"
      }
    },
    "Major ocean currents": {
      "text": "<p>two major, slow-moving, wind-driven currents (drift streams) dominate: a clockwise drift pattern in the Beaufort Gyre in the western part of the Arctic Ocean and a nearly straight line Transpolar Drift Stream that moves eastward across the ocean from the New Siberian Islands (Russia) to the Fram Strait (between Greenland and Svalbard); sea ice that lies close to the center of the gyre can complete a 360 degree circle in about 2 years, while ice on the gyre periphery will complete the same circle in about 7-8 years; sea ice in the Transpolar Drift crosses the ocean in about 3 years</p>"
    },
    "Bathymetry": {
      "continental shelf": {
        "text": "more than one quarter of the Arctic sea floor; the Eurasian shelf is very wide, extending out 1,500 km (930 mi), and is the largest continental shelf in the world<br><br>the following are examples of continental-shelf features in the Arctic Ocean (see Figure 2):<br><br>Barents Shelf<br>Beaufort Shelf<br>Davis Sill<br>Chukchi Shelf<br>East Siberian Shelf<br>Kara Shelf<br>Laptev Shelf<br>Lincoln Shelf"
      },
      "continental slope": {
        "text": "the following are examples of continental-slope features found in the Arctic Ocean (see Figure 2):<br><br>Litke Trough<br>Novaya Zemlya Trough<br>Svyataya Anna Trough (Saint Anna Trough)<br>Voronin Trough"
      },
      "abyssal plains": {
        "text": "the following are examples of abyssal-plain features found in the Arctic Ocean (see Figure 2):<br><br>Baffin Basin<br>Canada Basin<br>Fram/Amundsen Basin<br>Greenland Abyssal Plain<br>Iceland Basin<br>Makarov Basin<br>Molloy Deep (deepest point in the Arctic Ocean)<br>Nansen Basin<br>Norwegian Basin"
      },
      "mid-ocean ridge": {
        "text": "the following are examples of <em>mid-ocean ridges</em> found in the Arctic Ocean (see Figure 2):<br><br>Gakkel Ridge<br>Mohns Ridge"
      },
      "undersea terrain features": {
        "text": "<p>the following are examples of undersea terrain features found on the floor of the Arctic Ocean (see Figure 2):<br><br>Lomonosov Ridge<br>Gakkel Ridge<br>Alpha Ridge<br>Mendeleev Rise<br>Chukchi Plateau</p>"
      },
      "ocean trenches": {
        "text": "there are no ocean trenches on the Arctic sea floor"
      },
      "atolls": {
        "text": "there are no atolls found in the Arctic Ocean"
      }
    },
    "Elevation": {
      "highest point": {
        "text": "sea level"
      },
      "lowest point": {
        "text": "Molloy Deep -5,577 m"
      },
      "mean depth": {
        "text": "-1,205 m"
      },
      "ocean zones": {
        "text": "Composed of water and in a fluid state, the ocean is delimited differently than the solid continents. It is divided into three zones based on depth and light level. Sunlight entering the water may travel about 1,000 m into the oceans under the right conditions, but there is rarely any significant light beyond 200 m.<br><br>The upper 200 m (656 ft) of the ocean is called the euphotic, or \"sunlight,\" zone. This zone contains the vast majority of commercial fisheries and is home to many protected marine mammals and sea turtles. Only a small amount of light penetrates beyond this depth. <br><br>The zone between 200 m (656 ft) and 1,000 m (3,280 ft) is usually referred to as the \"twilight\" zone, but is officially the dysphotic zone. In this zone, the intensity of light rapidly dissipates as depth increases. Such a minuscule amount of light penetrates beyond a depth of 200 m that photosynthesis is no longer possible.<br><br>The aphotic, or \"midnight,\" zone exists in depths below 1,000 m (3,280 ft). Sunlight does not penetrate to these depths, and the zone is bathed in darkness."
      }
    },
    "Natural resources": {
      "text": "sand and gravel aggregates, placer deposits, polymetallic nodules, oil and gas fields, fish, marine mammals (seals and whales)"
    },
    "Natural hazards": {
      "text": "ice islands occasionally break away from northern Ellesmere Island; icebergs calved from glaciers in western Greenland and extreme northeastern Canada; permafrost in islands; virtually ice locked from October to June; ships subject to superstructure icing from October to May"
    },
    "Geography - note": {
      "text": "major chokepoint is the southern Chukchi Sea (northern access to the Pacific Ocean via the Bering Strait); strategic location between North America and Russia; shortest marine link between the extremes of eastern and western Russia; floating research stations operated by the US and Russia; maximum snow cover in March or April about 20 to 50 centimeters over the frozen ocean; snow cover lasts about 10 months"
    }
  },
  "People and Society": {
  },
  "Environment": {
    "Environment - current issues": {
      "text": "changes in biodiversity and temperature; water pollution from use of toxic chemicals; endangered marine species; ecosystem slow to recover from disruptions or damage; thinning polar icepack"
    },
    "Climate": {
      "text": "polar climate characterized by persistent cold and relatively narrow annual temperature range; winters characterized by continuous darkness, cold and stable weather conditions, and clear skies; summers characterized by continuous daylight, damp and foggy weather, and weak cyclones with rain or snow"
    },
    "Marine fisheries": {
      "text": "the Arctic fishery region (Region 18) is the smallest in the world with a catch of only 708 mt in 2019, although the Food and Agriculture Organization assesses that some Arctic catches are reported in adjacent regions; Russia and Canada were historically the major producers; in 2017, Canada, Denmark (Greenland), Iceland, Norway, Russia, and the US, along with the People’s Republic of China, the European Union, Japan, and the Republic of Korea, agreed to a 16-year ban on fishing in the Central Arctic Ocean to allow for time to study the ecological system of these waters<br><br><strong>Regional fisheries bodies:</strong> International Council for the Exploration of the Seas; Agreement to Prevent Unregulated High Seas Fisheries in the Central Arctic Ocean"
    }
  },
  "Government": {
    "Country name": {
      "etymology": {
        "text": "the name comes from the Greek word <em>arktikos </em>meaning \"near the bear\" or \"northern,\" and that word derives from <em>arktos</em>, meaning \"bear\"; the name refers either to the constellation Ursa Major, the \"Great Bear,\" which is prominent in the northern celestial sphere, or to the constellation Ursa Minor, the \"Little Bear,\" which contains Polaris, the North (Pole) Star"
      }
    }
  },
  "Economy": {
  },
  "Transportation": {
    "Transportation - note": {
      "text": "sparse network of air, ocean, river, and land routes; the Northwest Passage (North America) and Northern Sea Route (Eurasia) are important seasonal waterways"
    }
  },
  "Transnational Issues": {
    "Disputes - international": {
      "note": "<strong>note: </strong>record levels of summer melting of sea ice in the Arctic has renewed interest in maritime shipping lanes and sea floor exploration"
    }
  }
}