{
  "Introduction": {
    "Background": {
      "text": "<p>The regularity and richness of the annual Nile River flood, coupled with semi-isolation provided by deserts to the east and west, allowed for the development of one of the world's great civilizations in Egypt. A unified kingdom arose circa 3200 B.C., and a series of dynasties ruled in Egypt for the next three millennia. The last native dynasty fell to the Persians in 341 B.C., who in turn were replaced by the Greeks, Romans, and Byzantines. Arab conquerors introduced Islam and the Arabic language in the 7th century and ruled for the next six centuries. The Mamluks, a local military caste, took control around 1250 and continued to govern after the Ottoman Turks conquered Egypt in 1517.<br><br>Completion of the Suez Canal in 1869 elevated Egypt as an important world transportation hub. Ostensibly to protect its investments, Britain seized control of Egypt's government in 1882, but the country's nominal allegiance to the Ottoman Empire continued until 1914. Egypt gained partial independence from the UK in 1922 and full sovereignty in 1952. British forces evacuated the Suez Canal Zone in 1956. The completion of the Aswan High Dam in 1971 and the resultant Lake Nasser have reaffirmed the time-honored place of the Nile River in the agriculture and ecology of Egypt. A rapidly growing population (the largest in the Arab world), limited arable land, and dependence on the Nile all continue to overtax resources and stress society. The government has struggled to meet the demands of Egypt's fast-growing population as it implements large-scale infrastructure projects, energy cooperation, and foreign direct investment appeals.</p> <p>Inspired by the 2010 Tunisian revolution, Egyptian opposition groups led demonstrations and labor strikes countrywide, culminating in President Hosni MUBARAK's ouster in 2011. Egypt's military assumed national leadership until a new legislature was in place in early 2012; later that same year, Muslim Brotherhood candidate Mohamed MORSI won the presidential election. Following protests throughout the spring of 2013 against MORSI's government and the Muslim Brotherhood, the Egyptian Armed Forces intervened and removed MORSI from power in July 2013 and replaced him with interim president Adly MANSOUR. Simultaneously, the government began enacting laws to limit freedoms of assembly and expression. In 2014, voters approved a new constitution by referendum and then elected former defense minister Abdel Fattah EL-SISI president. EL-SISI was reelected to a second four-year term in 2018 and a third term in December 2023. </p> <p> </p> <p> </p>"
    }
  },
  "Geography": {
    "Location": {
      "text": "Northern Africa, bordering the Mediterranean Sea, between Libya and the Gaza Strip, and the Red Sea north of Sudan, and includes the Asian Sinai Peninsula"
    },
    "Geographic coordinates": {
      "text": "27 00 N, 30 00 E"
    },
    "Map references": {
      "text": "Africa"
    },
    "Area": {
      "total ": {
        "text": "1,001,450 sq km"
      },
      "land": {
        "text": "995,450 sq km"
      },
      "water": {
        "text": "6,000 sq km"
      }
    },
    "Area - comparative": {
      "text": "more than eight times the size of Ohio; slightly more than three times the size of New Mexico"
    },
    "Land boundaries": {
      "total": {
        "text": "2,612 km"
      },
      "border countries": {
        "text": "Gaza Strip 13 km; Israel 208 km; Libya 1,115 km; Sudan 1,276 km"
      }
    },
    "Coastline": {
      "text": "2,450 km"
    },
    "Maritime claims": {
      "territorial sea": {
        "text": "12 nm"
      },
      "contiguous zone": {
        "text": "24 nm"
      },
      "exclusive economic zone": {
        "text": "200 nm or the equidistant median line with Cyprus"
      },
      "continental shelf": {
        "text": "200 nm"
      }
    },
    "Climate": {
      "text": "desert; hot, dry summers with moderate winters"
    },
    "Terrain": {
      "text": "vast desert plateau interrupted by Nile valley and delta"
    },
    "Elevation": {
      "highest point": {
        "text": "Mount Catherine 2,629 m"
      },
      "lowest point": {
        "text": "Qattara Depression -133 m"
      },
      "mean elevation": {
        "text": "321 m"
      }
    },
    "Natural resources": {
      "text": "petroleum, natural gas, iron ore, phosphates, manganese, limestone, gypsum, talc, asbestos, lead, rare earth elements, zinc"
    },
    "Land use": {
      "agricultural land": {
        "text": "4.1% (2022 est.)"
      },
      "agricultural land: arable land": {
        "text": "arable land: 3.1% (2022 est.)"
      },
      "agricultural land: permanent crops": {
        "text": "permanent crops: 1% (2022 est.)"
      },
      "agricultural land: permanent pasture": {
        "text": "permanent pasture: 0% (2022 est.)"
      },
      "forest": {
        "text": "0% (2022 est.)"
      },
      "other": {
        "text": "95.9% (2022 est.)"
      }
    },
    "Irrigated land": {
      "text": "36,500 sq km (2012)"
    },
    "Major lakes (area sq km)": {
      "salt water lake(s)": {
        "text": "Lake Manzala - 1,360 sq km<br>note - largest of Nile Delta lakes"
      }
    },
    "Major rivers (by length in km)": {
      "text": "An Nīl (Nile) river mouth (shared with Rwanda [s], Tanzania, Uganda, South Sudan, and Sudan) - 6,650 km<br><br><strong>note:</strong> [s] after country name indicates river source; [m] after country name indicates river mouth"
    },
    "Major watersheds (area sq km)": {
      "text": "Atlantic Ocean drainage: <em>(Mediterranean Sea)</em> Nile (3,254,853 sq km)"
    },
    "Major aquifers": {
      "text": "Nubian Aquifer System"
    },
    "Population distribution": {
      "text": "approximately 95% of the population lives within 20 km (12 mi) of the Nile River and its delta; vast areas of the country remain sparsely populated or uninhabited, as shown in this population distribution map"
    },
    "Natural hazards": {
      "text": "periodic droughts; frequent earthquakes; flash floods; landslides; hot, driving windstorms called khamsin occur in spring; dust storms; sandstorms"
    },
    "Geography - note": {
      "text": "controls Sinai Peninsula, the only land bridge between Africa and remainder of Eastern Hemisphere; controls Suez Canal, a sea link between Indian Ocean and Mediterranean Sea"
    }
  },
  "People and Society": {
    "Population": {
      "total": {
        "text": "111,247,248 (2024 est.)"
      },
      "male": {
        "text": "57,142,484"
      },
      "female": {
        "text": "54,104,764"
      }
    },
    "Nationality": {
      "noun": {
        "text": "Egyptian(s)"
      },
      "adjective": {
        "text": "Egyptian"
      }
    },
    "Ethnic groups": {
      "text": "Egyptian 99.7%, other 0.3% (2006 est.)",
      "note": "<strong>note:</strong> data represent respondents by nationality"
    },
    "Languages": {
      "Languages": {
        "text": "Arabic (official); English and French widely understood by educated classes"
      },
      "major-language sample(s)": {
        "text": "<br>كتاب حقائق العالم، أفضل مصدر للمعلومات الأساسية (Arabic)<br><br>The World Factbook, the indispensable source for basic information."
      }
    },
    "Religions": {
      "text": "Muslim (predominantly Sunni) 90%, Christian (majority Coptic Orthodox, other Christians include Armenian Apostolic, Catholic, Maronite, Orthodox, and Anglican) 10%"
    },
    "Age structure": {
      "0-14 years": {
        "text": "33.8% (male 19,349,395/female 18,243,571)"
      },
      "15-64 years": {
        "text": "60.6% (male 34,646,369/female 32,792,151)"
      },
      "65 years and over": {
        "text": "5.6% (2024 est.) (male 3,146,720/female 3,069,042)"
      }
    },
    "Dependency ratios": {
      "total dependency ratio": {
        "text": "65 (2024 est.)"
      },
      "youth dependency ratio": {
        "text": "55.7 (2024 est.)"
      },
      "elderly dependency ratio": {
        "text": "9.2 (2024 est.)"
      },
      "potential support ratio": {
        "text": "10.8 (2024 est.)"
      }
    },
    "Median age": {
      "total": {
        "text": "24.4 years (2024 est.)"
      },
      "male": {
        "text": "24.3 years"
      },
      "female": {
        "text": "24.4 years"
      }
    },
    "Population growth rate": {
      "text": "1.49% (2024 est.)"
    },
    "Birth rate": {
      "text": "19.5 births/1,000 population (2024 est.)"
    },
    "Death rate": {
      "text": "4.3 deaths/1,000 population (2024 est.)"
    },
    "Net migration rate": {
      "text": "-0.3 migrant(s)/1,000 population (2024 est.)"
    },
    "Population distribution": {
      "text": "approximately 95% of the population lives within 20 km (12 mi) of the Nile River and its delta; vast areas of the country remain sparsely populated or uninhabited, as shown in this population distribution map"
    },
    "Urbanization": {
      "urban population": {
        "text": "43.1% of total population (2023)"
      },
      "rate of urbanization": {
        "text": "1.9% annual rate of change (2020-25 est.)"
      }
    },
    "Major urban areas - population": {
      "text": "22.183 million CAIRO (capital), 5.588 million Alexandria, 778,000 Bur Sa'id (2023)"
    },
    "Sex ratio": {
      "at birth": {
        "text": "1.06 male(s)/female"
      },
      "0-14 years": {
        "text": "1.06 male(s)/female"
      },
      "15-64 years": {
        "text": "1.06 male(s)/female"
      },
      "65 years and over": {
        "text": "1.03 male(s)/female"
      },
      "total population": {
        "text": "1.06 male(s)/female (2024 est.)"
      }
    },
    "Mother's mean age at first birth": {
      "text": "22.6 years (2014 est.)",
      "note": "<strong>note:</strong> data represents median age at first birth among women 25-49"
    },
    "Maternal mortality ratio": {
      "text": "17 deaths/100,000 live births (2020 est.)"
    },
    "Infant mortality rate": {
      "total": {
        "text": "16.8 deaths/1,000 live births (2024 est.)"
      },
      "male": {
        "text": "17.8 deaths/1,000 live births"
      },
      "female": {
        "text": "15.9 deaths/1,000 live births"
      }
    },
    "Life expectancy at birth": {
      "total population": {
        "text": "75 years (2024 est.)"
      },
      "male": {
        "text": "73.8 years"
      },
      "female": {
        "text": "76.2 years"
      }
    },
    "Total fertility rate": {
      "text": "2.65 children born/woman (2024 est.)"
    },
    "Gross reproduction rate": {
      "text": "1.28 (2024 est.)"
    },
    "Contraceptive prevalence rate": {
      "text": "58.5% (2014)"
    },
    "Drinking water source": {
      "improved: urban": {
        "text": "urban: 99.7% of population"
      },
      "improved: rural": {
        "text": "rural: 99.7% of population"
      },
      "improved: total": {
        "text": "total: 99.7% of population"
      },
      "unimproved: urban": {
        "text": "urban: 0.3% of population"
      },
      "unimproved: rural": {
        "text": "rural: 0.3% of population"
      },
      "unimproved: total": {
        "text": "total: 0.3% of population (2020 est.)"
      }
    },
    "Health expenditure": {
      "Health expenditure (as % of GDP)": {
        "text": "4.6% of GDP (2021)"
      },
      "Health expenditure (as % of national budget)": {
        "text": "7.2% of national budget (2022 est.)"
      }
    },
    "Physician density": {
      "text": "0.67 physicians/1,000 population (2020)"
    },
    "Hospital bed density": {
      "text": "1.1 beds/1,000 population (2020 est.)"
    },
    "Sanitation facility access": {
      "improved: urban": {
        "text": "urban: 99.9% of population"
      },
      "improved: rural": {
        "text": "rural: 98.2% of population"
      },
      "improved: total": {
        "text": "total: 98.9% of population"
      },
      "unimproved: urban": {
        "text": "urban: 0.1% of population"
      },
      "unimproved: rural": {
        "text": "rural: 1.8% of population"
      },
      "unimproved: total": {
        "text": "total: 1.1% of population (2020 est.)"
      }
    },
    "Obesity - adult prevalence rate": {
      "text": "32% (2016)"
    },
    "Alcohol consumption per capita": {
      "total": {
        "text": "0.14 liters of pure alcohol (2019 est.)"
      },
      "beer": {
        "text": "0.09 liters of pure alcohol (2019 est.)"
      },
      "wine": {
        "text": "0.01 liters of pure alcohol (2019 est.)"
      },
      "spirits": {
        "text": "0.04 liters of pure alcohol (2019 est.)"
      },
      "other alcohols": {
        "text": "0 liters of pure alcohol (2019 est.)"
      }
    },
    "Tobacco use": {
      "total": {
        "text": "25.8% (2025 est.)"
      },
      "male": {
        "text": "51% (2025 est.)"
      },
      "female": {
        "text": "0.3% (2025 est.)"
      }
    },
    "Currently married women (ages 15-49)": {
      "text": "71.1% (2023 est.)"
    },
    "Child marriage": {
      "women married by age 15": {
        "text": "1.8% (2021)"
      },
      "women married by age 18": {
        "text": "15.8% (2021)"
      }
    },
    "Education expenditure": {
      "Education expenditure (% GDP)": {
        "text": "3.9% of GDP (2015 est.)"
      },
      "Education expenditure (% national budget)": {
        "text": "12% national budget (2015 est.)"
      }
    },
    "Literacy": {
      "total population": {
        "text": "71% (2017 est.)"
      },
      "male": {
        "text": "76% (2017 est.)"
      },
      "female": {
        "text": "66% (2017 est.)"
      }
    },
    "School life expectancy (primary to tertiary education)": {
      "total": {
        "text": "14 years"
      },
      "male": {
        "text": "14 years"
      },
      "female": {
        "text": "14 years (2018)"
      }
    }
  },
  "Environment": {
    "Environment - current issues": {
      "text": "rapid growth in population straining natural resources; increasing soil salination below Aswan High Dam; desertification; oil pollution in coastal ecosystems; water pollution from agricultural pesticides, raw sewage, and industrial effluents; limited natural freshwater resources away from the Nile"
    },
    "Environment - international agreements": {
      "party to": {
        "text": "Biodiversity, Climate Change, Climate Change-Kyoto Protocol, Climate Change-Paris Agreement, Desertification, Endangered Species, Environmental Modification, Hazardous Wastes, Law of the Sea, Marine Dumping-London Convention, Marine Dumping-London Protocol, Nuclear Test Ban, Ozone Layer Protection, Ship Pollution, Wetlands"
      },
      "signed, but not ratified": {
        "text": "Comprehensive Nuclear Test Ban"
      }
    },
    "Climate": {
      "text": "desert; hot, dry summers with moderate winters"
    },
    "Land use": {
      "agricultural land": {
        "text": "4.1% (2022 est.)"
      },
      "agricultural land: arable land": {
        "text": "arable land: 3.1% (2022 est.)"
      },
      "agricultural land: permanent crops": {
        "text": "permanent crops: 1% (2022 est.)"
      },
      "agricultural land: permanent pasture": {
        "text": "permanent pasture: 0% (2022 est.)"
      },
      "forest": {
        "text": "0% (2022 est.)"
      },
      "other": {
        "text": "95.9% (2022 est.)"
      }
    },
    "Urbanization": {
      "urban population": {
        "text": "43.1% of total population (2023)"
      },
      "rate of urbanization": {
        "text": "1.9% annual rate of change (2020-25 est.)"
      }
    },
    "Air pollutants": {
      "particulate matter emissions": {
        "text": "63.16 micrograms per cubic meter (2019 est.)"
      },
      "carbon dioxide emissions": {
        "text": "238.56 megatons (2016 est.)"
      },
      "methane emissions": {
        "text": "59.68 megatons (2020 est.)"
      }
    },
    "Waste and recycling": {
      "municipal solid waste generated annually": {
        "text": "21 million tons (2012 est.)"
      },
      "municipal solid waste recycled annually": {
        "text": "2.625 million tons (2013 est.)"
      },
      "percent of municipal solid waste recycled": {
        "text": "12.5% (2013 est.)"
      }
    },
    "Major lakes (area sq km)": {
      "salt water lake(s)": {
        "text": "Lake Manzala - 1,360 sq km<br>note - largest of Nile Delta lakes"
      }
    },
    "Major rivers (by length in km)": {
      "text": "An Nīl (Nile) river mouth (shared with Rwanda [s], Tanzania, Uganda, South Sudan, and Sudan) - 6,650 km<br><br><strong>note:</strong> [s] after country name indicates river source; [m] after country name indicates river mouth"
    },
    "Major watersheds (area sq km)": {
      "text": "Atlantic Ocean drainage: <em>(Mediterranean Sea)</em> Nile (3,254,853 sq km)"
    },
    "Major aquifers": {
      "text": "Nubian Aquifer System"
    },
    "Total water withdrawal": {
      "municipal": {
        "text": "10.75 billion cubic meters (2020 est.)"
      },
      "industrial": {
        "text": "5.4 billion cubic meters (2020 est.)"
      },
      "agricultural": {
        "text": "61.35 billion cubic meters (2020 est.)"
      }
    },
    "Total renewable water resources": {
      "text": "57.5 billion cubic meters (2020 est.)"
    }
  },
  "Government": {
    "Country name": {
      "conventional long form": {
        "text": "Arab Republic of Egypt"
      },
      "conventional short form": {
        "text": "Egypt"
      },
      "local long form": {
        "text": "Jumhuriyat Misr al-Arabiyah"
      },
      "local short form": {
        "text": "Misr"
      },
      "former": {
        "text": "United Arab Republic (short-lived unification with Syria)"
      },
      "etymology": {
        "text": "the English name Egypt derives from the ancient Greek name for the country, \"Aguptos,\" and the ancient Roman name, \"Aegyptus,\" with the Greek form coming from the words <em>aia gupos</em>, or \"land of the vulture;\" the Arabic name for the country, Misr, can be traced to the Assyrian word <em>misir</em>, meaning \"fort\""
      }
    },
    "Government type": {
      "text": "presidential republic"
    },
    "Capital": {
      "name": {
        "text": "Cairo"
      },
      "geographic coordinates": {
        "text": "30 03 N, 31 15 E"
      },
      "time difference": {
        "text": "UTC+2 (7 hours ahead of Washington, DC, during Standard Time)"
      },
      "daylight saving time": {
        "text": "+1hr, begins last Friday in April; ends last Friday in October"
      },
      "etymology": {
        "text": "the ancient Egyptian name of the original city was Khere-ohe or Kheri-aha; the modern city's name may also derive from the Arabic <em>al-qahir</em>, meaning \"the victorious;\" this is an Arabic name for the planet Mars, which was in the ascendant on the day in 969 A.D. when construction on the new part of the city began"
      }
    },
    "Administrative divisions": {
      "text": "27 governorates (<em>muhafazat</em>, singular - <em>muhafazat</em>); Ad Daqahliyah, Al Bahr al Ahmar (Red Sea), Al Buhayrah, Al Fayyum, Al Gharbiyah, Al Iskandariyah (Alexandria), Al Isma'iliyah (Ismailia), Al Jizah (Giza), Al Minufiyah, Al Minya, Al Qahirah (Cairo), Al Qalyubiyah, Al Uqsur (Luxor), Al Wadi al Jadid (New Valley), As Suways (Suez), Ash Sharqiyah, Aswan, Asyut, Bani Suwayf, Bur Sa'id (Port Said), Dumyat (Damietta), Janub Sina' (South Sinai), Kafr ash Shaykh, Matruh, Qina, Shamal Sina' (North Sinai), Suhaj"
    },
    "Legal system": {
      "text": "mixed system based on Napoleonic civil and penal law, Islamic religious law, and vestiges of colonial-era laws; Supreme Constitutional Court reviews laws"
    },
    "Constitution": {
      "history": {
        "text": "several previous; latest approved by a constitutional committee in December 2013, approved by referendum held on 14-15 January 2014, ratified by interim president on 19 January 2014"
      },
      "amendment process": {
        "text": "proposed by the president of the republic or by one fifth of the House of Representatives members; a decision to accept the proposal requires majority vote by House members; passage of amendment requires a two-thirds majority vote by House members and passage by majority vote in a referendum; articles of reelection of the president and principles of freedom are not amendable unless the amendment \"brings more guarantees\"&nbsp;"
      }
    },
    "International law organization participation": {
      "text": "accepts compulsory ICJ jurisdiction with reservations; non-party state to the ICCt"
    },
    "Citizenship": {
      "citizenship by birth": {
        "text": "no"
      },
      "citizenship by descent only": {
        "text": "if the father was born in Egypt"
      },
      "dual citizenship recognized": {
        "text": "only with prior permission from the government"
      },
      "residency requirement for naturalization": {
        "text": "10 years"
      }
    },
    "Suffrage": {
      "text": "18 years of age; universal and compulsory"
    },
    "Executive branch": {
      "chief of state": {
        "text": "President Abdel Fattah EL-SISI (since 8 June 2014)"
      },
      "head of government": {
        "text": "Prime Minister Mostafa MADBOULY (since 7 June 2018)"
      },
      "cabinet": {
        "text": "Cabinet ministers nominated by the executive branch and approved by the House of Representatives"
      },
      "elections/appointments": {
        "text": "president elected by absolute-majority popular vote in 2 rounds, if needed, for a 6-year term (eligible for 3 consecutive terms); prime minister appointed by the president, approved by the House of Representatives"
      },
      "most recent election date": {
        "text": "10-12 December 2023"
      },
      "election results": {
        "text": "<em><br>2023:</em> Abdel Fattah EL-SISI reelected president in first round; percent of valid votes cast - Abdel Fattah EL-SISI (independent) 89.6%, Hazam OMAR (Republican People’s Party) 4.5%, Farid ZAHRAN (Egyptian Social Democratic Party 4%, Abdel-Samad YAMAMA 1.9%<br><br><em>2018:</em> Abdelfattah ELSISI reelected president in first round; percent of valid votes cast - Abdelfattah ELSISI (independent) 97.1%, Moussa Mostafa MOUSSA (El Ghad Party) 2.9%; note - more than 7% of ballots cast were deemed invalid"
      },
      "expected date of next election": {
        "text": "2029"
      }
    },
    "Legislative branch": {
      "legislative structure": {
        "text": "bicameral"
      }
    },
    "Legislative branch - lower chamber": {
      "chamber name": {
        "text": "House of Representatives (Majlis Al-Nuwab)"
      },
      "number of seats": {
        "text": "596 (568 directly elected; 28 appointed)"
      },
      "electoral system": {
        "text": "mixed system"
      },
      "scope of elections": {
        "text": "full renewal"
      },
      "term in office": {
        "text": "5 years"
      },
      "most recent election date": {
        "text": "10/24/2020 to 12/8/2020"
      },
      "parties elected and seats per party": {
        "text": "Future of the Nation (Mostakbal Watan) (317); Republican People's party (El Shaab el Gomhory) (49); Independents (117); Other (109)"
      },
      "percentage of women in chamber": {
        "text": "27.7%"
      },
      "expected date of next election": {
        "text": "October 2025"
      }
    },
    "Legislative branch - upper chamber": {
      "chamber name": {
        "text": "Senate (Majlis Al-Shiyoukh)"
      },
      "number of seats": {
        "text": "300 (200 directly elected; 100 appointed)"
      },
      "electoral system": {
        "text": "mixed system"
      },
      "scope of elections": {
        "text": "full renewal"
      },
      "term in office": {
        "text": "5 years"
      },
      "most recent election date": {
        "text": "8/11/2020 to 9/9/2020"
      },
      "parties elected and seats per party": {
        "text": "Future of the Nation (Mostakbal Watan) (148); Republican People's party (17); Independents (88); Other (47)"
      },
      "percentage of women in chamber": {
        "text": "13.7%"
      },
      "expected date of next election": {
        "text": "August 2025"
      }
    },
    "Judicial branch": {
      "highest court(s)": {
        "text": "Supreme Constitutional Court (SCC) (consists of the court president and 10 justices); the SCC serves as the final court of arbitration on the constitutionality of laws and conflicts between lower courts regarding jurisdiction and rulings; Court of Cassation (CC) (consists of the court president and 550 judges organized in circuits with cases heard by panels of 5 judges); the CC is the highest appeals body for civil and criminal cases, also known as \"ordinary justices\"; Supreme Administrative Court (SAC) (consists of the court president and NA judges and organized in circuits with cases heard by panels of 5 judges); the SAC is the highest court of the State Council"
      },
      "judge selection and term of office": {
        "text": "under the 2014 constitution, all judges and justices selected and appointed by the Supreme Judiciary Council and approved as a formality by the president of the Republic; judges appointed for life; under the 2019 amendments, the president has the power to appoint heads of judiciary authorities and courts, the prosecutor general, and the head of the Supreme Constitutional Court"
      },
      "subordinate courts": {
        "text": "Courts of Appeal; Courts of First Instance; courts of limited jurisdiction; Family Court (established in 2004)"
      }
    },
    "Political parties": {
      "text": "Al-Nour<br>Arab Democratic Nasserist Party<br>Congress Party<br>Conservative Party<br>Democratic Peace Party<br>Egyptian National Movement Party<br>Egyptian Social Democratic Party<br>El Ghad Party<br>El Serh El Masry el Hor<br>Eradet Geel Party<br>Free Egyptians Party<br>Freedom Party<br>Justice Party<br>Homeland’s Protector Party<br>Modern Egypt Party<br>My Homeland Egypt Party<br>Nation's Future Party (Mostaqbal Watan)<br>National Progressive Unionist (Tagammu) Party<br>Reform and Development Party<br>Republican People’s Party<br>Revolutionary Guards Party<br>Wafd Party"
    },
    "Diplomatic representation in the US": {
      "chief of mission": {
        "text": "Ambassador Motaz Mounir ZAHRAN (since 17 September 2020)"
      },
      "chancery": {
        "text": "3521 International Court NW, Washington, DC 20008"
      },
      "telephone": {
        "text": "[1] (202) 895-5400"
      },
      "FAX": {
        "text": "(202) 244-4319"
      },
      "email address and website": {
        "text": "<br>embassy@egyptembassy.net<br><br>https://www.egyptembassy.net/"
      },
      "consulate(s) general": {
        "text": "Chicago, Houston, Los Angeles, New York"
      }
    },
    "Diplomatic representation from the US": {
      "chief of mission": {
        "text": "Ambassador Herro MUSTAFA GARG (since 15 November 2023)"
      },
      "embassy": {
        "text": "5 Tawfik Diab St., Garden City, Cairo"
      },
      "mailing address": {
        "text": "7700 Cairo Place, Washington DC 20512-7700"
      },
      "telephone": {
        "text": "[20-2] 2797-3300"
      },
      "FAX": {
        "text": "[20-2] 2797-3200"
      },
      "email address and website": {
        "text": "<br>ConsularCairoACS@state.gov<br><br>https://eg.usembassy.gov/"
      },
      "consulate(s) general": {
        "text": "Alexandria"
      }
    },
    "International organization participation": {
      "text": "ABEDA, AfDB, AFESD, AMF, AU, BRICS, BSEC (observer), CAEU, CD, CICA, COMESA, D-8, EBRD, FAO, G-15, G-24, G-77, IAEA, IBRD, ICAO, ICC (national committees), ICRM, IDA, IDB, IFAD, IFC, IFRCS, IHO, ILO, IMF, IMO, IMSO, Interpol, IOC, IOM, IPU, ISO, ITSO, ITU, LAS, LCBC (observer), MIGA, MINURSO, MONUSCO, NAM, OAPEC, OAS (observer), OIC, OIF, OSCE (partner), PCA, UN, UNAMID, UNCTAD, UNESCO, UNHCR, UNIDO, UNISFA, UNMISS, UNOCI, UNOOSA, UNRWA, UNWTO, UPU, WCO, WFTU (NGOs), WHO, WIPO, WMO, WTO"
    },
    "Independence": {
      "text": "28 February 1922 (from UK protectorate status; the military-led revolution that began on 23 July 1952 led to a republic being declared on 18 June 1953 and all British troops withdrawn on 18 June 1956)",
      "note": "<strong>note:</strong>  the Two Lands of Upper (southern) and Lower (northern) Egypt were first united politically around 3200 B.C."
    },
    "National holiday": {
      "text": "Revolution Day, 23 July (1952)"
    },
    "Flag description": {
      "text": "three equal horizontal bands of red (top), white, and black; centered in the white band is the national emblem, a gold Eagle of Saladin facing the hoist side with a shield on its chest above a scroll with the country's name in Arabic; the band colors derive from the Arab Liberation flag and represent oppression (black) overcome through bloody struggle (red), to be replaced by a bright future (white)",
      "note": "<strong>note:</strong> similar to the flags of Syria (two green stars in the white band), Iraq (an Arabic inscription centered in the white band), and Yemen (plain white band)"
    },
    "National symbol(s)": {
      "text": "golden eagle, white lotus"
    },
    "National color(s)": {
      "text": "red, white, black"
    },
    "National anthem": {
      "name": {
        "text": "\"Bilady, Bilady, Bilady\" (My Homeland, My Homeland, My Homeland)"
      },
      "lyrics/music": {
        "text": "Younis-al QADI/Sayed DARWISH"
      },
      "note": "<strong>note:</strong> adopted 1979; the current anthem, less militaristic than the previous one, was created after the signing of the 1979 peace treaty with Israel; Sayed DARWISH, commonly considered the father of modern Egyptian music, composed the anthem"
    },
    "National heritage": {
      "total World Heritage Sites": {
        "text": "7 (6 cultural, 1 natural)"
      },
      "selected World Heritage Site locales": {
        "text": "Memphis and its Necropolis (c); Ancient Thebes with its Necropolis (c); Nubian Monuments (c); Saint Catherine Area (c); Abu Mena (c); Historic Cairo (c); Wadi Al-Hitan (Whale Valley) (n)"
      }
    }
  },
  "Economy": {
    "Economic overview": {
      "text": "Africa&rsquo;s second-largest economy; 2030 Vision to diversify markets and energy infrastructure; improving fiscal, external, and current accounts; underperforming private sector; poor labor force participation; expanded credit access"
    },
    "Real GDP (purchasing power parity)": {
      "Real GDP (purchasing power parity) 2023": {
        "text": "$1.912 trillion (2023 est.)"
      },
      "Real GDP (purchasing power parity) 2022": {
        "text": "$1.842 trillion (2022 est.)"
      },
      "Real GDP (purchasing power parity) 2021": {
        "text": "$1.729 trillion (2021 est.)"
      },
      "note": "<b>note:</b> data in 2021 dollars"
    },
    "Real GDP growth rate": {
      "Real GDP growth rate 2023": {
        "text": "3.76% (2023 est.)"
      },
      "Real GDP growth rate 2022": {
        "text": "6.59% (2022 est.)"
      },
      "Real GDP growth rate 2021": {
        "text": "3.29% (2021 est.)"
      },
      "note": "<b>note:</b> annual GDP % growth based on constant local currency"
    },
    "Real GDP per capita": {
      "Real GDP per capita 2023": {
        "text": "$16,700 (2023 est.)"
      },
      "Real GDP per capita 2022": {
        "text": "$16,400 (2022 est.)"
      },
      "Real GDP per capita 2021": {
        "text": "$15,600 (2021 est.)"
      },
      "note": "<b>note:</b> data in 2021 dollars"
    },
    "GDP (official exchange rate)": {
      "text": "$396.002 billion (2023 est.)",
      "note": "<b>note:</b> data in current dollars at official exchange rate"
    },
    "Inflation rate (consumer prices)": {
      "Inflation rate (consumer prices) 2023": {
        "text": "33.9% (2023 est.)"
      },
      "Inflation rate (consumer prices) 2022": {
        "text": "13.9% (2022 est.)"
      },
      "Inflation rate (consumer prices) 2021": {
        "text": "5.2% (2021 est.)"
      },
      "note": "<b>note:</b> annual % change based on consumer prices"
    },
    "GDP - composition, by sector of origin": {
      "agriculture": {
        "text": "11.6% (2023 est.)"
      },
      "industry": {
        "text": "32.1% (2023 est.)"
      },
      "services": {
        "text": "51.3% (2023 est.)"
      },
      "note": "<b>note:</b> figures may not total 100% due to non-allocated consumption not captured in sector-reported data"
    },
    "GDP - composition, by end use": {
      "household consumption": {
        "text": "82.6% (2023 est.)"
      },
      "government consumption": {
        "text": "6.8% (2023 est.)"
      },
      "investment in fixed capital": {
        "text": "11.5% (2023 est.)"
      },
      "investment in inventories": {
        "text": "1.4% (2023 est.)"
      },
      "exports of goods and services": {
        "text": "19.1% (2023 est.)"
      },
      "imports of goods and services": {
        "text": "-21.3% (2023 est.)"
      },
      "note": "<b>note:</b> figures may not total 100% due to rounding or gaps in data collection"
    },
    "Agricultural products": {
      "text": "sugarcane, sugar beets, wheat, maize, potatoes, tomatoes, rice, milk, onions, oranges (2023)",
      "note": "<b>note:</b> top ten agricultural products based on tonnage"
    },
    "Industries": {
      "text": "textiles, food processing, tourism, chemicals, pharmaceuticals, hydrocarbons, construction, cement, metals, light manufactures"
    },
    "Industrial production growth rate": {
      "text": "-0.57% (2023 est.)",
      "note": "<b>note:</b> annual % change in industrial value added based on constant local currency"
    },
    "Labor force": {
      "text": "33.749 million (2024 est.)",
      "note": "<b>note:</b> number of people ages 15 or older who are employed or seeking work"
    },
    "Unemployment rate": {
      "Unemployment rate 2024": {
        "text": "7.2% (2024 est.)"
      },
      "Unemployment rate 2023": {
        "text": "7.3% (2023 est.)"
      },
      "Unemployment rate 2022": {
        "text": "7.3% (2022 est.)"
      },
      "note": "<b>note:</b> % of labor force seeking employment"
    },
    "Youth unemployment rate (ages 15-24)": {
      "total": {
        "text": "18.7% (2024 est.)"
      },
      "male": {
        "text": "12.4% (2024 est.)"
      },
      "female": {
        "text": "47.1% (2024 est.)"
      },
      "note": "<b>note:</b> % of labor force ages 15-24 seeking employment"
    },
    "Population below poverty line": {
      "text": "29.7% (2019 est.)",
      "note": "<b>note:</b> % of population with income below national poverty line"
    },
    "Gini Index coefficient - distribution of family income": {
      "Gini Index coefficient - distribution of family income 2019": {
        "text": "31.9 (2019 est.)"
      },
      "note": "<b>note:</b> index (0-100) of income distribution; higher values represent greater inequality"
    },
    "Average household expenditures": {
      "on food": {
        "text": "36.9% of household expenditures (2023 est.)"
      },
      "on alcohol and tobacco": {
        "text": "4.6% of household expenditures (2023 est.)"
      }
    },
    "Household income or consumption by percentage share": {
      "lowest 10%": {
        "text": "3.8% (2019 est.)"
      },
      "highest 10%": {
        "text": "27.5% (2019 est.)"
      },
      "note": "<b>note:</b> % share of income accruing to lowest and highest 10% of population"
    },
    "Remittances": {
      "Remittances 2023": {
        "text": "4.93% of GDP (2023 est.)"
      },
      "Remittances 2022": {
        "text": "5.94% of GDP (2022 est.)"
      },
      "Remittances 2021": {
        "text": "7.41% of GDP (2021 est.)"
      },
      "note": "<b>note:</b> personal transfers and compensation between resident and non-resident individuals/households/entities"
    },
    "Budget": {
      "revenues": {
        "text": "$69.999 billion (2015 est.)"
      },
      "expenditures": {
        "text": "$96.057 billion (2015 est.)"
      },
      "note": "<b>note:</b> central government revenues (excluding grants) and expenses converted to US dollars at average official exchange rate for year indicated"
    },
    "Public debt": {
      "Public debt 2017": {
        "text": "103% of GDP (2017 est.)"
      },
      "note": "<strong>note:</strong> data cover central government debt and include debt instruments issued (or owned) by government entities other than the treasury; the data include treasury debt held by foreign entities; the data include debt issued by subnational entities, as well as intragovernmental debt; intragovernmental debt consists of treasury borrowings from surpluses in the social funds, such as for retirement, medical care, and unemployment; debt instruments for the social funds are sold at public auctions"
    },
    "Taxes and other revenues": {
      "text": "12.5% (of GDP) (2015 est.)",
      "note": "<b>note:</b> central government tax revenue as a % of GDP"
    },
    "Current account balance": {
      "Current account balance 2023": {
        "text": "-$12.564 billion (2023 est.)"
      },
      "Current account balance 2022": {
        "text": "-$10.537 billion (2022 est.)"
      },
      "Current account balance 2021": {
        "text": "-$18.611 billion (2021 est.)"
      },
      "note": "<b>note:</b> balance of payments - net trade and primary/secondary income in current dollars"
    },
    "Exports": {
      "Exports 2023": {
        "text": "$68.218 billion (2023 est.)"
      },
      "Exports 2022": {
        "text": "$76.295 billion (2022 est.)"
      },
      "Exports 2021": {
        "text": "$58.339 billion (2021 est.)"
      },
      "note": "<b>note:</b> balance of payments - exports of goods and services in current dollars"
    },
    "Exports - partners": {
      "text": "Saudi Arabia 10%, Turkey 9%, Italy 6%, USA 5%, UAE 5% (2023)",
      "note": "<b>note:</b> top five export partners based on percentage share of exports"
    },
    "Exports - commodities": {
      "text": "refined petroleum, natural gas, fertilizers, garments, crude petroleum (2023)",
      "note": "<b>note:</b> top five export commodities based on value in dollars"
    },
    "Imports": {
      "Imports 2023": {
        "text": "$82.265 billion (2023 est.)"
      },
      "Imports 2022": {
        "text": "$97.144 billion (2022 est.)"
      },
      "Imports 2021": {
        "text": "$94.039 billion (2021 est.)"
      },
      "note": "<b>note:</b> balance of payments - imports of goods and services in current dollars"
    },
    "Imports - partners": {
      "text": "China 16%, Saudi Arabia 6%, Russia 6%, USA 6%, Germany 5% (2023)",
      "note": "<b>note:</b> top five import partners based on percentage share of imports"
    },
    "Imports - commodities": {
      "text": "refined petroleum, wheat, plastics, natural gas, packaged medicine (2023)",
      "note": "<b>note:</b> top five import commodities based on value in dollars"
    },
    "Reserves of foreign exchange and gold": {
      "Reserves of foreign exchange and gold 2024": {
        "text": "$34.278 billion (2024 est.)"
      },
      "Reserves of foreign exchange and gold 2023": {
        "text": "$33.07 billion (2023 est.)"
      },
      "Reserves of foreign exchange and gold 2022": {
        "text": "$32.144 billion (2022 est.)"
      },
      "note": "<b>note:</b> holdings of gold (year-end prices)/foreign exchange/special drawing rights in current dollars"
    },
    "Debt - external": {
      "Debt - external 2023": {
        "text": "$117.272 billion (2023 est.)"
      },
      "note": "<b>note:</b> present value of external debt in current US dollars"
    },
    "Exchange rates": {
      "Currency": {
        "text": "Egyptian pounds (EGP) per US dollar -"
      },
      "Exchange rates 2024": {
        "text": "45.299 (2024 est.)"
      },
      "Exchange rates 2023": {
        "text": "30.626 (2023 est.)"
      },
      "Exchange rates 2022": {
        "text": "19.16 (2022 est.)"
      },
      "Exchange rates 2021": {
        "text": "15.645 (2021 est.)"
      },
      "Exchange rates 2020": {
        "text": "15.759 (2020 est.)"
      }
    }
  },
  "Energy": {
    "Electricity access": {
      "electrification - total population": {
        "text": "100% (2022 est.)"
      }
    },
    "Electricity": {
      "installed generating capacity": {
        "text": "59.68 million kW (2023 est.)"
      },
      "consumption": {
        "text": "162.026 billion kWh (2023 est.)"
      },
      "exports": {
        "text": "1.785 billion kWh (2023 est.)"
      },
      "imports": {
        "text": "187 million kWh (2023 est.)"
      },
      "transmission/distribution losses": {
        "text": "45.67 billion kWh (2023 est.)"
      }
    },
    "Electricity generation sources": {
      "fossil fuels": {
        "text": "87.9% of total installed capacity (2023 est.)"
      },
      "solar": {
        "text": "2.2% of total installed capacity (2023 est.)"
      },
      "wind": {
        "text": "2.8% of total installed capacity (2023 est.)"
      },
      "hydroelectricity": {
        "text": "7% of total installed capacity (2023 est.)"
      },
      "biomass and waste": {
        "text": "0.2% of total installed capacity (2023 est.)"
      }
    },
    "Nuclear energy": {
      "Number of nuclear reactors under construction": {
        "text": "4 (2025)"
      }
    },
    "Coal": {
      "production": {
        "text": "69,000 metric tons (2023 est.)"
      },
      "consumption": {
        "text": "3.262 million metric tons (2023 est.)"
      },
      "exports": {
        "text": "68,000 metric tons (2023 est.)"
      },
      "imports": {
        "text": "3.263 million metric tons (2023 est.)"
      },
      "proven reserves": {
        "text": "182 million metric tons (2023 est.)"
      }
    },
    "Petroleum": {
      "total petroleum production": {
        "text": "667,000 bbl/day (2023 est.)"
      },
      "refined petroleum consumption": {
        "text": "830,000 bbl/day (2023 est.)"
      },
      "crude oil estimated reserves": {
        "text": "3.3 billion barrels (2021 est.)"
      }
    },
    "Natural gas": {
      "production": {
        "text": "57.181 billion cubic meters (2023 est.)"
      },
      "consumption": {
        "text": "58.695 billion cubic meters (2023 est.)"
      },
      "exports": {
        "text": "5.344 billion cubic meters (2023 est.)"
      },
      "imports": {
        "text": "9.126 billion cubic meters (2023 est.)"
      },
      "proven reserves": {
        "text": "1.784 trillion cubic meters (2021 est.)"
      }
    },
    "Carbon dioxide emissions": {
      "total emissions": {
        "text": "236.618 million metric tonnes of CO2 (2023 est.)"
      },
      "from coal and metallurgical coke": {
        "text": "6.966 million metric tonnes of CO2 (2023 est.)"
      },
      "from petroleum and other liquids": {
        "text": "114.507 million metric tonnes of CO2 (2023 est.)"
      },
      "from consumed natural gas": {
        "text": "115.144 million metric tonnes of CO2 (2023 est.)"
      }
    },
    "Energy consumption per capita": {
      "Total energy consumption per capita 2023": {
        "text": "34.975 million Btu/person (2023 est.)"
      }
    }
  },
  "Communications": {
    "Telephones - fixed lines": {
      "total subscriptions": {
        "text": "12.475 million (2023 est.)"
      },
      "subscriptions per 100 inhabitants": {
        "text": "11 (2023 est.)"
      }
    },
    "Telephones - mobile cellular": {
      "total subscriptions": {
        "text": "106 million (2023 est.)"
      },
      "subscriptions per 100 inhabitants": {
        "text": "93 (2022 est.)"
      }
    },
    "Broadcast media": {
      "text": "mix of state-run and private broadcast media; state-run TV operates 2 national and 6 regional terrestrial networks, as well as a few satellite channels; dozens of private satellite channels and a large number of Arabic satellite channels are available for free; some limited satellite services are also available via subscription; state-run radio operates about 30 stations belonging to 8 networks; privately-owned radio includes 8 major stations (2019)"
    },
    "Internet country code": {
      "text": ".eg"
    },
    "Internet users": {
      "percent of population": {
        "text": "73% (2023 est.)"
      }
    },
    "Broadband - fixed subscriptions": {
      "total": {
        "text": "13.6 million (2023 est.)"
      },
      "subscriptions per 100 inhabitants": {
        "text": "12 (2023 est.)"
      }
    }
  },
  "Transportation": {
    "Civil aircraft registration country code prefix": {
      "text": "SU"
    },
    "Airports": {
      "text": "73 (2025)"
    },
    "Heliports": {
      "text": "60 (2025)"
    },
    "Railways": {
      "total": {
        "text": "5,085 km (2014)"
      },
      "standard gauge": {
        "text": "5,085 km (2014) 1.435-m gauge (62 km electrified)"
      }
    },
    "Merchant marine": {
      "total": {
        "text": "441 (2023)"
      },
      "by type": {
        "text": "bulk carrier 14, container ship 6, general cargo 23, oil tanker 42, other 356"
      }
    },
    "Ports": {
      "total ports": {
        "text": "31 (2024)"
      },
      "large": {
        "text": "5"
      },
      "medium": {
        "text": "1"
      },
      "small": {
        "text": "8"
      },
      "very small": {
        "text": "16"
      },
      "size unknown": {
        "text": "1"
      },
      "ports with oil terminals": {
        "text": "17"
      },
      "key ports": {
        "text": "Ain Sukhna Terminal, Al Iskandariyh (Alexandria), As Suways, Bur Sa'id, Damietta, Ras Shukhier"
      }
    }
  },
  "Military and Security": {
    "Military and security forces": {
      "text": "Egyptian Armed Forces (EAF): Army (includes Republican Guard), Navy (includes Coast Guard), Air Force, Air Defense Forces, Border Guard Forces<br><br>Interior Ministry: Public Security Sector Police, the Central Security Force, National Security Agency (2024)",
      "note": "<strong>note:</strong> the Public Security Sector Police are responsible for law enforcement nationwide; the Central Security Force protects infrastructure and is responsible for crowd control; the National Security Agency is responsible for internal security threats and counterterrorism along with other security services<br>"
    },
    "Military expenditures": {
      "Military Expenditures 2024": {
        "text": "0.8% of GDP (2024 est.)"
      },
      "Military Expenditures 2023": {
        "text": "1% of GDP (2023 est.)"
      },
      "Military Expenditures 2022": {
        "text": "1.2% of GDP (2022 est.)"
      },
      "Military Expenditures 2021": {
        "text": "1.3% of GDP (2021 est.)"
      },
      "Military Expenditures 2020": {
        "text": "1.3% of GDP (2020 est.)"
      }
    },
    "Military and security service personnel strengths": {
      "text": "estimated 450,000 active Armed Forces (2025)"
    },
    "Military equipment inventories and acquisitions": {
      "text": "the EAF's inventory is comprised of a mix of domestically produced, Soviet-era, and more modern, particularly Western, weapons systems; in recent years, the EAF has embarked on an equipment modernization program with significant purchases from foreign suppliers; major suppliers have included China, France, Germany, Italy, Russia, and the US; Egypt has an established defense industry that produces a range of products from small arms to armored vehicles and naval vessels; it also has licensed and co-production agreements with several countries, including Germany and the US (2024)"
    },
    "Military service age and obligation": {
      "text": "voluntary enlistment possible from age 16 for men and 17 for women; 18-30 years of age for conscript service for men; service obligation 14-36 months, followed by a 9-year reserve obligation; active service length depends on education; high school drop-outs serve for the full 36 months, while college graduates serve for lesser periods of time, depending on their education level (2023)",
      "note": "<strong>note:</strong> conscripts make up a considerable portion of the military and the Central Security Force"
    },
    "Military deployments": {
      "text": "1,000 (plus nearly 200 police) Central African Republic (MINUSCA); also has about 350 police deployed to the Democratic Republic of the Congo under MONUSCO; slated to have about 1,100 personnel in Somalia under AUSSOM in 2025 (2024)"
    },
    "Military - note": {
      "text": "the Egyptian Armed Forces (EAF) are responsible for external defense but also have an internal role assisting police and paramilitary security forces during emergencies and in anti-terrorism operations; the EAF also participates in foreign peacekeeping and other security missions, as well as both bilateral and multinational exercises; the military has considerable political power and independence; it has long had a crucial role in Egypt’s politics and has a large stake in the civilian economy, including running banks, businesses, gas stations, shipping lines, and utilities, and producing consumer and industrial goods, importing commodities, and building and managing infrastructure projects, such as bridges, roads, hospitals, and housing<br><br>key areas of concern for the EAF include Islamist militant groups operating out of the Sinai Peninsula, regional challenges such as ongoing conflicts and instability, and maritime security; since 2011, the EAF has been conducting operations alongside other security forces in the North Sinai governorate against several militant groups, particularly the Islamic State of Iraq and ash-Sham (ISIS); over the past decade, it has deployed additional units along the border with Libya, provided air support to the Saudi-led coalition's intervention in Yemen, and most recently boosted its presence on the border with Gaza in response to the HAMAS-Israel conflict; the Navy in recent years has sought to modernize and expand its capabilities and profile in the Eastern Mediterranean and Red Sea, including the acquisition of helicopter carriers, modern frigates, and attack submarines, as well as the establishment of a joint service military base on the Red Sea<br><br>the Multinational Force &amp; Observers (MFO) has operated in the Sinai since 1982 as a peacekeeping and monitoring force to supervise the implementation of the security provisions of the 1979 Egyptian-Israeli Treaty of Peace; the MFO is an independent international organization, created by agreement between Egypt and Israel; it has about 1,150 troops from 13 countries; Colombia, Fiji, and the US are the leading providers of troops to the MFO (2025)"
    }
  },
  "Space": {
    "Space agency/agencies": {
      "text": "Egyptian Space Agency (EgSA; public economic authority established 2019); National Authority for Remote Sensing and Space Science (NARSS; formed in 1994 from the Remote Sensing Center, which was established in 1971) (2024)"
    },
    "Space program overview": {
      "text": "has a growing program with a focus on developing the capabilities to manufacture satellites and associated support infrastructure; seeks to become a regional space power; operates satellites; builds satellites jointly with foreign partners but developing localized satellite manufacturing capabilities; acquiring through technology transfers and domestic development programs other space-related technologies, including those related to communications, Earth imaging/remote sensing (RS), and satellite payloads and components; cooperating on space-related issues with a variety of foreign governments and commercial space companies, including those of Belarus, Canada, China, the European Space Agency and its member states (particularly France, Germany, Italy), Ghana, India, Japan, Kazakhstan, Kenya, Nigeria, Russia, South Africa, Sudan, Uganda, Ukraine, the UAE, and the US; also a member of the Arab Space Coordination Group, established by the UAE in 2019; has a commercial space sector that focuses on satellite communications, satellite design and production, RS, and space applications (2024)",
      "note": "<strong>note:</strong> further details about the key activities, programs, and milestones of the country’s space program, as well as government spending estimates on the space sector, appear in the Space Programs reference guide"
    }
  },
  "Terrorism": {
    "Terrorist group(s)": {
      "text": "Army of Islam; Harakat Sawa'd Misr (HASM); Islamic State of Iraq and ash-Sham – Sinai Province (ISIS-SP); al-Qa’ida",
      "note": "<strong>note:</strong> details about the history, aims, leadership, organization, areas of operation, tactics, targets, weapons, size, and sources of support of the group(s) appear(s) in the Terrorism reference guide"
    }
  },
  "Transnational Issues": {
    "Refugees and internally displaced persons": {
      "refugees (country of origin)": {
        "text": "70,021 (West Bank and Gaza Strip) (mid-year 2022); 52,446 (Sudan) (refugees and asylum seekers), 20,970 (South Sudan) (refugees and asylum seekers), 21,105 (Eritrea) (refugees and asylum seekers), 15,585 (Ethiopia) (refugees and asylum seekers), 10,025 (Yemen) (refugees and asylum seekers), 6,815 (Iraq) (refugees and asylum seekers), 6,802 (Somalia) (refugees and asylum seekers) (2022); 464,827 (Sudan) (refugees since 15 April 2023), 156,159 (Syria) (2024)"
      },
      "stateless persons": {
        "text": "10 (2022)"
      }
    },
    "Illicit drugs": {
      "text": "<p>major source of precursor chemicals used in the production of illicit narcotics</p>"
    }
  }
}