{
  "Introduction": {
    "Background": {
      "text": "<p>Guinea's deep Muslim heritage arrived via the neighboring Almoravid Empire in the 11th century. Following Almoravid decline, Guinea existed on the fringe of several African kingdoms, all competing for regional dominance. In the 13th century, the Mali Empire took control of Guinea and encouraged its already growing Muslim faith. After the fall of the West African empires, various smaller kingdoms controlled Guinea. In the 18th century, Fulani Muslims established an Islamic state in central Guinea that provided one of the earliest examples of a written constitution and alternating leadership. European traders first arrived in the 16th century, and the French secured colonial rule in the 19th century.</p> <p>In 1958, Guinea achieved independence from France. Sekou TOURE became Guinea’s first post-independence president; he established a dictatorial regime and ruled until his death in 1984, after which General Lansana CONTE staged a coup and seized the government. He too established an authoritarian regime and manipulated presidential elections until his death in 2008, when Captain Moussa Dadis CAMARA led a military coup, seized power, and suspended the constitution. In 2009, CAMARA was wounded in an assassination attempt and was exiled to Burkina Faso. In 2010 and 2013 respectively, the country held its first free and fair presidential and legislative elections. Alpha CONDE won the 2010 and 2015 presidential elections, and his first cabinet was the first all-civilian government in Guinean history. CONDE won a third term in 2020 after a constitutional change to term limits. In 2021, Col Mamady DOUMBOUYA led another successful military coup, establishing the National Committee for Reconciliation and Development (CNRD), suspending the constitution, and dissolving the government and the legislature. DOUMBOUYA was sworn in as transition president and appointed Mohamed BEAVOGUI as transition prime minister. The National Transition Council (CNT), which acts as the legislative body for the transition, was formed in 2022 and consists of appointed members representing a broad swath of Guinean society.</p>"
    }
  },
  "Geography": {
    "Location": {
      "text": "Western Africa, bordering the North Atlantic Ocean, between Guinea-Bissau and Sierra Leone"
    },
    "Geographic coordinates": {
      "text": "11 00 N, 10 00 W"
    },
    "Map references": {
      "text": "Africa"
    },
    "Area": {
      "total ": {
        "text": "245,857 sq km"
      },
      "land": {
        "text": "245,717 sq km"
      },
      "water": {
        "text": "140 sq km"
      }
    },
    "Area - comparative": {
      "text": "slightly smaller than Oregon; slightly larger than twice the size of Pennsylvania"
    },
    "Land boundaries": {
      "total": {
        "text": "4,046 km"
      },
      "border countries": {
        "text": "Cote d'Ivoire 816 km; Guinea-Bissau 421 km; Liberia 590 km; Mali 1062 km; Senegal 363 km; Sierra Leone 794 km"
      }
    },
    "Coastline": {
      "text": "320 km"
    },
    "Maritime claims": {
      "territorial sea": {
        "text": "12 nm"
      },
      "exclusive economic zone": {
        "text": "200 nm"
      }
    },
    "Climate": {
      "text": "generally hot and humid; monsoonal-type rainy season (June to November) with southwesterly winds; dry season (December to May) with northeasterly harmattan winds"
    },
    "Terrain": {
      "text": "generally flat coastal plain, hilly to mountainous interior"
    },
    "Elevation": {
      "highest point": {
        "text": "Mont Nimba 1,752 m"
      },
      "lowest point": {
        "text": "Atlantic Ocean 0 m"
      },
      "mean elevation": {
        "text": "472 m"
      }
    },
    "Natural resources": {
      "text": "bauxite, iron ore, diamonds, gold, uranium, hydropower, fish, salt"
    },
    "Land use": {
      "agricultural land": {
        "text": "70% (2022 est.)"
      },
      "agricultural land: arable land": {
        "text": "arable land: 20.7% (2022 est.)"
      },
      "agricultural land: permanent crops": {
        "text": "permanent crops: 5.8% (2022 est.)"
      },
      "agricultural land: permanent pasture": {
        "text": "permanent pasture: 43.5% (2022 est.)"
      },
      "forest": {
        "text": "24.9% (2022 est.)"
      },
      "other": {
        "text": "5.2% (2022 est.)"
      }
    },
    "Irrigated land": {
      "text": "949 sq km (2017)"
    },
    "Major rivers (by length in km)": {
      "text": "Niger river source (shared with Mali, and Nigeria [m]) - 4,200 km; Gambie (Gambia) river source (shared with Senegal and The Gambia [m]) - 1,094 km<br><br><strong>note:</strong> [s] after country name indicates river source; [m] after country name indicates river mouth"
    },
    "Major watersheds (area sq km)": {
      "text": "Atlantic Ocean drainage: Niger (2,261,741 sq km), Senegal (456,397 sq km)"
    },
    "Population distribution": {
      "text": "areas of highest density are in the west and south; interior is sparsely populated, as shown in this population distribution map"
    },
    "Natural hazards": {
      "text": "hot, dry, dusty harmattan haze may reduce visibility during dry season"
    },
    "Geography - note": {
      "text": "the Niger and its important tributary, the Milo River, have their sources in the Guinean highlands"
    }
  },
  "People and Society": {
    "Population": {
      "total": {
        "text": "13,986,179 (2024 est.)"
      },
      "male": {
        "text": "6,985,606"
      },
      "female": {
        "text": "7,000,573"
      }
    },
    "Nationality": {
      "noun": {
        "text": "Guinean(s)"
      },
      "adjective": {
        "text": "Guinean"
      }
    },
    "Ethnic groups": {
      "text": "Fulani (Peuhl) 33.4%, Malinke 29.4%, Susu 21.2%, Guerze 7.8%, Kissi 6.2%, Toma 1.6%, other/foreign 0.4% (2018 est.)"
    },
    "Languages": {
      "text": "French (official), Pular, Maninka, Susu, other native languages",
      "note": "<strong>note:</strong> about 40 languages are spoken; each ethnic group has its own language"
    },
    "Religions": {
      "text": "Muslim 85.2%, Christian 13.4%, animist 0.2%, none 1.2% (2018 est.)"
    },
    "Age structure": {
      "0-14 years": {
        "text": "40.9% (male 2,884,146/female 2,835,794)"
      },
      "15-64 years": {
        "text": "55.1% (male 3,846,852/female 3,856,366)"
      },
      "65 years and over": {
        "text": "4% (2024 est.) (male 254,608/female 308,413)"
      }
    },
    "Dependency ratios": {
      "total dependency ratio": {
        "text": "81.6 (2024 est.)"
      },
      "youth dependency ratio": {
        "text": "74.3 (2024 est.)"
      },
      "elderly dependency ratio": {
        "text": "7.3 (2024 est.)"
      },
      "potential support ratio": {
        "text": "13.7 (2024 est.)"
      }
    },
    "Median age": {
      "total": {
        "text": "19.4 years (2024 est.)"
      },
      "male": {
        "text": "19.2 years"
      },
      "female": {
        "text": "19.6 years"
      }
    },
    "Population growth rate": {
      "text": "2.74% (2024 est.)"
    },
    "Birth rate": {
      "text": "35.3 births/1,000 population (2024 est.)"
    },
    "Death rate": {
      "text": "7.8 deaths/1,000 population (2024 est.)"
    },
    "Net migration rate": {
      "text": "0 migrant(s)/1,000 population (2024 est.)"
    },
    "Population distribution": {
      "text": "areas of highest density are in the west and south; interior is sparsely populated, as shown in this population distribution map"
    },
    "Urbanization": {
      "urban population": {
        "text": "38.1% of total population (2023)"
      },
      "rate of urbanization": {
        "text": "3.64% annual rate of change (2020-25 est.)"
      }
    },
    "Major urban areas - population": {
      "text": "2.111 million CONAKRY (capital) (2023)"
    },
    "Sex ratio": {
      "at birth": {
        "text": "1.03 male(s)/female"
      },
      "0-14 years": {
        "text": "1.02 male(s)/female"
      },
      "15-64 years": {
        "text": "1 male(s)/female"
      },
      "65 years and over": {
        "text": "0.83 male(s)/female"
      },
      "total population": {
        "text": "1 male(s)/female (2024 est.)"
      }
    },
    "Mother's mean age at first birth": {
      "text": "19.9 years (2018 est.)",
      "note": "<strong>note:</strong> data represents median age at first birth among women 20-49"
    },
    "Maternal mortality ratio": {
      "text": "553 deaths/100,000 live births (2020 est.)"
    },
    "Infant mortality rate": {
      "total": {
        "text": "47 deaths/1,000 live births (2024 est.)"
      },
      "male": {
        "text": "51.6 deaths/1,000 live births"
      },
      "female": {
        "text": "42.3 deaths/1,000 live births"
      }
    },
    "Life expectancy at birth": {
      "total population": {
        "text": "64.6 years (2024 est.)"
      },
      "male": {
        "text": "62.7 years"
      },
      "female": {
        "text": "66.6 years"
      }
    },
    "Total fertility rate": {
      "text": "4.78 children born/woman (2024 est.)"
    },
    "Gross reproduction rate": {
      "text": "2.36 (2024 est.)"
    },
    "Contraceptive prevalence rate": {
      "text": "10.9% (2018)"
    },
    "Drinking water source": {
      "improved: urban": {
        "text": "urban: 99.5% of population"
      },
      "improved: rural": {
        "text": "rural: 76.9% of population"
      },
      "improved: total": {
        "text": "total: 85.2% of population"
      },
      "unimproved: urban": {
        "text": "urban: 0.5% of population"
      },
      "unimproved: rural": {
        "text": "rural: 23.1% of population"
      },
      "unimproved: total": {
        "text": "total: 14.8% of population (2020 est.)"
      }
    },
    "Health expenditure": {
      "Health expenditure (as % of GDP)": {
        "text": "3.8% of GDP (2021)"
      },
      "Health expenditure (as % of national budget)": {
        "text": "5% of national budget (2022 est.)"
      }
    },
    "Physician density": {
      "text": "0.21 physicians/1,000 population (2022)"
    },
    "Sanitation facility access": {
      "improved: urban": {
        "text": "urban: 90.9% of population"
      },
      "improved: rural": {
        "text": "rural: 38.7% of population"
      },
      "improved: total": {
        "text": "total: 58% of population"
      },
      "unimproved: urban": {
        "text": "urban: 9.1% of population"
      },
      "unimproved: rural": {
        "text": "rural: 61.3% of population"
      },
      "unimproved: total": {
        "text": "total: 42% of population (2020 est.)"
      }
    },
    "Obesity - adult prevalence rate": {
      "text": "7.7% (2016)"
    },
    "Alcohol consumption per capita": {
      "total": {
        "text": "0.33 liters of pure alcohol (2019 est.)"
      },
      "beer": {
        "text": "0.29 liters of pure alcohol (2019 est.)"
      },
      "wine": {
        "text": "0.01 liters of pure alcohol (2019 est.)"
      },
      "spirits": {
        "text": "0.03 liters of pure alcohol (2019 est.)"
      },
      "other alcohols": {
        "text": "0 liters of pure alcohol (2019 est.)"
      }
    },
    "Children under the age of 5 years underweight": {
      "text": "16.3% (2018)"
    },
    "Currently married women (ages 15-49)": {
      "text": "68.7% (2023 est.)"
    },
    "Child marriage": {
      "women married by age 15": {
        "text": "17% (2018)"
      },
      "women married by age 18": {
        "text": "46.5% (2018)"
      },
      "men married by age 18": {
        "text": "1.9% (2018)"
      }
    },
    "Education expenditure": {
      "Education expenditure (% GDP)": {
        "text": "1.7% of GDP (2023 est.)"
      },
      "Education expenditure (% national budget)": {
        "text": "9.3% national budget (2024 est.)"
      }
    },
    "Literacy": {
      "total population": {
        "text": "40% (2018 est.)"
      },
      "male": {
        "text": "54% (2018 est.)"
      },
      "female": {
        "text": "28% (2018 est.)"
      }
    },
    "School life expectancy (primary to tertiary education)": {
      "total": {
        "text": "9 years"
      },
      "male": {
        "text": "10 years"
      },
      "female": {
        "text": "8 years (2014)"
      }
    }
  },
  "Environment": {
    "Environment - current issues": {
      "text": "deforestation; inadequate potable water; desertification; soil contamination and erosion; overfishing, overpopulation in forest region; poor mining practices; water pollution; improper waste disposal"
    },
    "Environment - international agreements": {
      "party to": {
        "text": "Biodiversity, Climate Change, Climate Change-Kyoto Protocol, Climate Change-Paris Agreement, Comprehensive Nuclear Test Ban, Desertification, Endangered Species, Hazardous Wastes, Law of the Sea, Ozone Layer Protection, Ship Pollution, Wetlands, Whaling"
      },
      "signed, but not ratified": {
        "text": "none of the selected agreements"
      }
    },
    "Climate": {
      "text": "generally hot and humid; monsoonal-type rainy season (June to November) with southwesterly winds; dry season (December to May) with northeasterly harmattan winds"
    },
    "Land use": {
      "agricultural land": {
        "text": "70% (2022 est.)"
      },
      "agricultural land: arable land": {
        "text": "arable land: 20.7% (2022 est.)"
      },
      "agricultural land: permanent crops": {
        "text": "permanent crops: 5.8% (2022 est.)"
      },
      "agricultural land: permanent pasture": {
        "text": "permanent pasture: 43.5% (2022 est.)"
      },
      "forest": {
        "text": "24.9% (2022 est.)"
      },
      "other": {
        "text": "5.2% (2022 est.)"
      }
    },
    "Urbanization": {
      "urban population": {
        "text": "38.1% of total population (2023)"
      },
      "rate of urbanization": {
        "text": "3.64% annual rate of change (2020-25 est.)"
      }
    },
    "Air pollutants": {
      "particulate matter emissions": {
        "text": "37.57 micrograms per cubic meter (2019 est.)"
      },
      "carbon dioxide emissions": {
        "text": "3 megatons (2016 est.)"
      },
      "methane emissions": {
        "text": "11.13 megatons (2020 est.)"
      }
    },
    "Waste and recycling": {
      "municipal solid waste generated annually": {
        "text": "596,911 tons (1996 est.)"
      },
      "municipal solid waste recycled annually": {
        "text": "29,846 tons (2005 est.)"
      },
      "percent of municipal solid waste recycled": {
        "text": "5% (2005 est.)"
      }
    },
    "Major rivers (by length in km)": {
      "text": "Niger river source (shared with Mali, and Nigeria [m]) - 4,200 km; Gambie (Gambia) river source (shared with Senegal and The Gambia [m]) - 1,094 km<br><br><strong>note:</strong> [s] after country name indicates river source; [m] after country name indicates river mouth"
    },
    "Major watersheds (area sq km)": {
      "text": "Atlantic Ocean drainage: Niger (2,261,741 sq km), Senegal (456,397 sq km)"
    },
    "Total water withdrawal": {
      "municipal": {
        "text": "230 million cubic meters (2020 est.)"
      },
      "industrial": {
        "text": "60 million cubic meters (2020 est.)"
      },
      "agricultural": {
        "text": "600 million cubic meters (2020 est.)"
      }
    },
    "Total renewable water resources": {
      "text": "226 billion cubic meters (2020 est.)"
    }
  },
  "Government": {
    "Country name": {
      "conventional long form": {
        "text": "Republic of Guinea"
      },
      "conventional short form": {
        "text": "Guinea"
      },
      "local long form": {
        "text": "R&eacute;publique de Guin&eacute;e"
      },
      "local short form": {
        "text": "Guin&eacute;e"
      },
      "former": {
        "text": "French Guinea"
      },
      "etymology": {
        "text": "the country is named after the Guinea region of West Africa that lies along the Gulf of Guinea, but the name itself derives from the Tuareg word <em>aginaw</em>, meaning \"black people\""
      }
    },
    "Government type": {
      "text": "presidential republic"
    },
    "Capital": {
      "name": {
        "text": "Conakry"
      },
      "geographic coordinates": {
        "text": "9 30 N, 13 42 W"
      },
      "time difference": {
        "text": "UTC 0 (5 hours ahead of Washington, DC, during Standard Time)"
      },
      "etymology": {
        "text": "<p>the name derives from <em>konakri</em>, a Susu word meaning \"over the water\" and referring to the city's location on a peninsula; it was originally the name of a local village</p>"
      }
    },
    "Administrative divisions": {
      "text": "7 administrative regions (<em>régions administratives</em><em>, </em>singular - <em>région administrative</em>) and 1 governorate (<em>gouvenorat</em>)*; Boke, Conakry*, Faranah, Kankan, Kindia, Labe, Mamou, N'Zerekore"
    },
    "Legal system": {
      "text": "civil law system based on the French model"
    },
    "Constitution": {
      "history": {
        "text": "previous 1958, 1990; 2010 and a referendum in 2020, which was suspended on 5 September 2021 via a coup d'&eacute;tat; on 27 September, the Transitional Charter was released, which supersedes the constitution until a new constitution is promulgated"
      }
    },
    "International law organization participation": {
      "text": "accepts compulsory ICJ jurisdiction with reservations; accepts ICCt jurisdiction"
    },
    "Citizenship": {
      "citizenship by birth": {
        "text": "no"
      },
      "citizenship by descent only": {
        "text": "at least one parent must be a citizen of Guinea"
      },
      "dual citizenship recognized": {
        "text": "no"
      },
      "residency requirement for naturalization": {
        "text": "na"
      }
    },
    "Suffrage": {
      "text": "18 years of age; universal"
    },
    "Executive branch": {
      "chief of state": {
        "text": "Interim President Col. Mamady DOUMBOUYA (since 1 October 2021)"
      },
      "head of government": {
        "text": "Prime Minister Mamadou Oury BAH (since 27 February 2024)"
      },
      "cabinet": {
        "text": "formerly the Council of Ministers appointed by the president"
      },
      "elections/appointments": {
        "text": "formerly, the president was directly elected by absolute-majority popular vote in 2 rounds, if needed, for a 5-year term (eligible for a second term), and the prime minister was appointed by the president"
      },
      "most recent election date": {
        "text": "18 October 2020"
      },
      "election results": {
        "text": "<em><br>2020: </em>Alpha CONDE reelected president in the first round; percent of vote - Alpha CONDE (RPG) 59.5%, Cellou Dalein DIALLO (UFDG) 33.5%, other 7%<br><br><em>2015: </em>Alpha CONDE reelected president in the first round; percent of vote - Alpha CONDE (RPG) 57.8%, Cellou Dalein DIALLO (UFDG) 31.4%, other 10.8%"
      },
      "note": "<strong>note 1:</strong> in 2021, the military arrested and detained the president, suspended the constitution, and dissolved the government and legislature<br><br><strong>note 2:</strong> the transitional government has not announced a new election timetable"
    },
    "Legislative branch": {
      "legislature name": {
        "text": "Transitional National Council (Conseil national de transition)"
      },
      "legislative structure": {
        "text": "unicameral"
      },
      "number of seats": {
        "text": "81 (all appointed)"
      },
      "electoral system": {
        "text": "mixed system"
      },
      "scope of elections": {
        "text": "full renewal"
      },
      "most recent election date": {
        "text": "1/22/2022"
      },
      "percentage of women in chamber": {
        "text": "29.6%"
      },
      "expected date of next election": {
        "text": "December 2025"
      },
      "note": "<strong>note:</strong> on 5 September 2021, Col. Mamady DOUMBOUYA led a military coup in which President CONDE was arrested and detained, the constitution suspended, and the government and People's National Assembly dissolved; in January 2022, an 81-member Transitional National Council was installed; in February 2024, Guinea's military leaders dissolved the government"
    },
    "Judicial branch": {
      "highest court(s)": {
        "text": "Supreme Court or Cour Supr&ecirc;me (organized into Administrative Chamber and Civil, Penal, and Social Chamber; court consists of the first president, 2 chamber presidents, 10 councilors, the solicitor general, and NA deputies); Constitutional Court - suspended on 5 September 2021"
      },
      "judge selection and term of office": {
        "text": "Supreme Court first president appointed by the national president after consultation with the National Assembly; other members appointed by presidential decree; members serve 9-year terms until age 65"
      },
      "subordinate courts": {
        "text": "Court of Appeal or Cour d'Appel; High Court of Justice or Cour d'Assises; Court of Account (Court of Auditors); Courts of First Instance (Tribunal de Premi&egrave;re Instance); labor court; military tribunal; justices of the peace; specialized courts"
      }
    },
    "Political parties": {
      "text": "African Congress for Democracy and Renewal or CADRE <br>Alliance for National Renewal or ARN <br>Alliance for National Renewal or ARENA <br>Bloc Liberal or BL <br>Citizen Generation or GECI <br>Citizen Party for the Defense of Collective Interests or PCDIC <br>Democratic Alliance for Renewal or ADR <br>Democratic National Movement or MND<br>Democratic Union for Renewal and Progress or UDRP <br>Democratic Union of Guinea or UDG <br>Democratic People's Movement of Guinea or MPDG <br>Democratic Workers' Party of Guinea or PDTG <br>Front for the National Alliance or FAN <br>Generation for Reconciliation Union and Prosperity or GRUP <br>Guinea for Democracy and Balance or GDE <br>Guinean Party for Peaceful Coexistence and Development or PGCD <br>Guinean Party for Solidarity and Democracy or PGSD <br>Guinean Union for Democracy and Development or UGDD <br>Guinean Rally for Development or RGD <br>Guinean Rally for Unity and Development or RGUD <br>Guinean Renaissance Party or PGR <br>Modern Guinea <br>Movement for Solidarity and Development or MSD <br>National Committee for Reconciliation and Development <br>National Front for Development or FND <br>National Union for Prosperity or UNP <br>National Party for Hope and Development or PEDN <br>New Democratic Forces or NFD <br>New Generation for the Republic or NGR <br>New Guinea or NG <br>New Political Generation or NGP <br>Party for Progress and Change or PPC <br>Party of Citizen Action through Labor or PACT <br>Party of Democrats for Hope or PADES <br>Party of Freedom and Progress or PLP <br>Party of Hope for National Development or PEDN <br>Rally for Renaissance and Development or RRD <br>Rally for the Guinean People or RPG <br>Rally for the Integrated Development of Guinea or RDIG <br>Rally for the Republic or RPR <br>Union of Democratic Forces of Guinea or UFDG<br>Union for Progress and Renewal or UPR <br>Union for the Defense of Republican Interests or UDIR <br>Union for the Progress of Guinea or UPG <br>Union of Democratic Forces or UFD a or UFDG <br>Union of Democrats for the Renaissance of Guinea or UDRG <br>Union of Republican Forces or UFR <br>Unity and Progress Party or PUP"
    },
    "Diplomatic representation in the US": {
      "chief of mission": {
        "text": "Ambassador Fatoumata KABA (since 19 April 2023)"
      },
      "chancery": {
        "text": "2112 Leroy Place NW, Washington, DC 20008"
      },
      "telephone": {
        "text": "[1] (202) 986-4300"
      },
      "FAX": {
        "text": "[1] (202) 986-3800"
      },
      "email address and website": {
        "text": "<br>http://guineaembassyusa.org/en/welcome-to-the-embassy-of-guinea-washington-usa/"
      },
      "consulate(s)": {
        "text": "Los Angelos"
      }
    },
    "Diplomatic representation from the US": {
      "chief of mission": {
        "text": "Ambassador Troy Damian FITRELL (since January 2022)"
      },
      "embassy": {
        "text": "Transversale No. 2, Centre Administratif de Koloma, Commune de Ratoma, Conakry"
      },
      "mailing address": {
        "text": "2110 Conakry Place, Washington DC&nbsp; 20521-2110"
      },
      "telephone": {
        "text": "[224] 65-10-40-00"
      },
      "FAX": {
        "text": "[224] 65-10-42-97"
      },
      "email address and website": {
        "text": "<br>ConakryACS@state.gov<br><br>https://gn.usembassy.gov/"
      }
    },
    "International organization participation": {
      "text": "ACP, AfDB, EITI (compliant country), FAO, G-77, IBRD, ICAO, ICCt, ICRM, IDA, IDB, IFAD, IFC, IFRCS, ILO, IMF, IMO, Interpol, IOC, IOM, IPU, ISO (correspondent), ITSO, ITU, ITUC (NGOs), MIGA, MINURSO, MONUSCO, NAM, OIC, OIF, OPCW, UN, UNCTAD, UNESCO, UNHCR, UNIDO, UNISFA, UNMISS, UNOCI, UNWTO, UPU, WCO, WFTU (NGOs), WHO, WIPO, WMO, WTO"
    },
    "Independence": {
      "text": "2 October 1958 (from France)"
    },
    "National holiday": {
      "text": "Independence Day, 2 October (1958)"
    },
    "Flag description": {
      "text": "three equal vertical bands of red (hoist side), yellow, and green; red stands for the people's sacrifice for liberation and work; yellow for the sun, the riches of the earth, and justice; green for the country's vegetation and unity",
      "note": "<strong>note:</strong> uses the popular pan-African colors of Ethiopia; the colors from left to right are the reverse of those on the flags of neighboring Mali and Senegal"
    },
    "National symbol(s)": {
      "text": "elephant"
    },
    "National color(s)": {
      "text": "red, yellow, green"
    },
    "National anthem": {
      "name": {
        "text": "\"Liberte\" (Liberty)"
      },
      "lyrics/music": {
        "text": "unknown/Fodeba KEITA"
      },
      "note": "<strong>note:</strong> adopted 1958"
    },
    "National heritage": {
      "total World Heritage Sites": {
        "text": "1 (natural)"
      },
      "selected World Heritage Site locales": {
        "text": "Mount Nimba Strict Nature Reserve"
      }
    }
  },
  "Economy": {
    "Economic overview": {
      "text": "growing but primarily agrarian West African economy; major mining sector; improving fiscal and debt balances prior to COVID-19; economy increasingly vulnerable to climate change; slow infrastructure improvements; gender wealth and human capital gaps"
    },
    "Real GDP (purchasing power parity)": {
      "Real GDP (purchasing power parity) 2023": {
        "text": "$56.892 billion (2023 est.)"
      },
      "Real GDP (purchasing power parity) 2022": {
        "text": "$53.297 billion (2022 est.)"
      },
      "Real GDP (purchasing power parity) 2021": {
        "text": "$51.261 billion (2021 est.)"
      },
      "note": "<b>note:</b> data in 2021 dollars"
    },
    "Real GDP growth rate": {
      "Real GDP growth rate 2023": {
        "text": "6.74% (2023 est.)"
      },
      "Real GDP growth rate 2022": {
        "text": "3.97% (2022 est.)"
      },
      "Real GDP growth rate 2021": {
        "text": "3.9% (2021 est.)"
      },
      "note": "<b>note:</b> annual GDP % growth based on constant local currency"
    },
    "Real GDP per capita": {
      "Real GDP per capita 2023": {
        "text": "$3,900 (2023 est.)"
      },
      "Real GDP per capita 2022": {
        "text": "$3,800 (2022 est.)"
      },
      "Real GDP per capita 2021": {
        "text": "$3,700 (2021 est.)"
      },
      "note": "<b>note:</b> data in 2021 dollars"
    },
    "GDP (official exchange rate)": {
      "text": "$22.199 billion (2023 est.)",
      "note": "<b>note:</b> data in current dollars at official exchange rate"
    },
    "Inflation rate (consumer prices)": {
      "Inflation rate (consumer prices) 2024": {
        "text": "8.1% (2024 est.)"
      },
      "Inflation rate (consumer prices) 2023": {
        "text": "7.8% (2023 est.)"
      },
      "Inflation rate (consumer prices) 2022": {
        "text": "10.5% (2022 est.)"
      },
      "note": "<b>note:</b> annual % change based on consumer prices"
    },
    "GDP - composition, by sector of origin": {
      "agriculture": {
        "text": "29.1% (2023 est.)"
      },
      "industry": {
        "text": "26.3% (2023 est.)"
      },
      "services": {
        "text": "36.9% (2023 est.)"
      },
      "note": "<b>note:</b> figures may not total 100% due to non-allocated consumption not captured in sector-reported data"
    },
    "GDP - composition, by end use": {
      "household consumption": {
        "text": "72.9% (2023 est.)"
      },
      "government consumption": {
        "text": "13.6% (2023 est.)"
      },
      "investment in fixed capital": {
        "text": "21.9% (2023 est.)"
      },
      "investment in inventories": {
        "text": "-1.1% (2023 est.)"
      },
      "exports of goods and services": {
        "text": "41.6% (2023 est.)"
      },
      "imports of goods and services": {
        "text": "-49% (2023 est.)"
      },
      "note": "<strong>note:</strong> figures may not total 100% due to rounding or gaps in data collection"
    },
    "Agricultural products": {
      "text": "rice, cassava, maize, groundnuts, oil palm fruit, plantains, potatoes, fonio, yams, sweet potatoes (2023)",
      "note": "<b>note:</b> top ten agricultural products based on tonnage"
    },
    "Industries": {
      "text": "bauxite, gold, diamonds, iron ore; light manufacturing, agricultural processing"
    },
    "Industrial production growth rate": {
      "text": "10.9% (2023 est.)",
      "note": "<b>note:</b> annual % change in industrial value added based on constant local currency"
    },
    "Labor force": {
      "text": "4.534 million (2024 est.)",
      "note": "<b>note:</b> number of people ages 15 or older who are employed or seeking work"
    },
    "Unemployment rate": {
      "Unemployment rate 2024": {
        "text": "5.2% (2024 est.)"
      },
      "Unemployment rate 2023": {
        "text": "5.2% (2023 est.)"
      },
      "Unemployment rate 2022": {
        "text": "5.3% (2022 est.)"
      },
      "note": "<b>note:</b> % of labor force seeking employment"
    },
    "Youth unemployment rate (ages 15-24)": {
      "total": {
        "text": "7.1% (2024 est.)"
      },
      "male": {
        "text": "6.2% (2024 est.)"
      },
      "female": {
        "text": "8% (2024 est.)"
      },
      "note": "<b>note:</b> % of labor force ages 15-24 seeking employment"
    },
    "Population below poverty line": {
      "text": "43.7% (2018 est.)",
      "note": "<b>note:</b> % of population with income below national poverty line"
    },
    "Gini Index coefficient - distribution of family income": {
      "Gini Index coefficient - distribution of family income 2018": {
        "text": "29.6 (2018 est.)"
      },
      "note": "<b>note:</b> index (0-100) of income distribution; higher values represent greater inequality"
    },
    "Household income or consumption by percentage share": {
      "lowest 10%": {
        "text": "3.5% (2018 est.)"
      },
      "highest 10%": {
        "text": "23.1% (2018 est.)"
      },
      "note": "<b>note:</b> % share of income accruing to lowest and highest 10% of population"
    },
    "Remittances": {
      "Remittances 2023": {
        "text": "2.24% of GDP (2023 est.)"
      },
      "Remittances 2022": {
        "text": "2.65% of GDP (2022 est.)"
      },
      "Remittances 2021": {
        "text": "2.01% of GDP (2021 est.)"
      },
      "note": "<b>note:</b> personal transfers and compensation between resident and non-resident individuals/households/entities"
    },
    "Budget": {
      "revenues": {
        "text": "$1.949 billion (2019 est.)"
      },
      "expenditures": {
        "text": "$2.014 billion (2019 est.)"
      }
    },
    "Public debt": {
      "Public debt 2017": {
        "text": "37.9% of GDP (2017 est.)"
      }
    },
    "Taxes and other revenues": {
      "text": "16.6% (of GDP) (2017 est.)"
    },
    "Current account balance": {
      "Current account balance 2023": {
        "text": "$2.288 billion (2023 est.)"
      },
      "Current account balance 2022": {
        "text": "$3.35 billion (2022 est.)"
      },
      "Current account balance 2021": {
        "text": "$4.639 billion (2021 est.)"
      },
      "note": "<b>note:</b> balance of payments - net trade and primary/secondary income in current dollars"
    },
    "Exports": {
      "Exports 2023": {
        "text": "$12.008 billion (2023 est.)"
      },
      "Exports 2022": {
        "text": "$8.898 billion (2022 est.)"
      },
      "Exports 2021": {
        "text": "$10.266 billion (2021 est.)"
      },
      "note": "<b>note:</b> balance of payments - exports of goods and services in current dollars"
    },
    "Exports - partners": {
      "text": "UAE 50%, China 36%, India 8%, Switzerland 1%, Spain 1% (2023)",
      "note": "<b>note:</b> top five export partners based on percentage share of exports"
    },
    "Exports - commodities": {
      "text": "gold, aluminum ore, cocoa beans, crude petroleum, coconuts/brazil nuts/cashews (2023)",
      "note": "<b>note:</b> top five export commodities based on value in dollars"
    },
    "Imports": {
      "Imports 2023": {
        "text": "$8.365 billion (2023 est.)"
      },
      "Imports 2022": {
        "text": "$5.749 billion (2022 est.)"
      },
      "Imports 2021": {
        "text": "$5.353 billion (2021 est.)"
      },
      "note": "<b>note:</b> balance of payments - imports of goods and services in current dollars"
    },
    "Imports - partners": {
      "text": "China 39%, India 9%, Netherlands 7%, Belgium 6%, UAE 4% (2023)",
      "note": "<b>note:</b> top five import partners based on percentage share of imports"
    },
    "Imports - commodities": {
      "text": "refined petroleum, rice, garments, construction vehicles, cars (2023)",
      "note": "<b>note:</b> top five import commodities based on value in dollars"
    },
    "Reserves of foreign exchange and gold": {
      "Reserves of foreign exchange and gold 2023": {
        "text": "$1.887 billion (2023 est.)"
      },
      "Reserves of foreign exchange and gold 2022": {
        "text": "$2.11 billion (2022 est.)"
      },
      "Reserves of foreign exchange and gold 2021": {
        "text": "$2.183 billion (2021 est.)"
      },
      "note": "<b>note:</b> holdings of gold (year-end prices)/foreign exchange/special drawing rights in current dollars"
    },
    "Debt - external": {
      "Debt - external 2023": {
        "text": "$3.764 billion (2023 est.)"
      },
      "note": "<b>note:</b> present value of external debt in current US dollars"
    },
    "Exchange rates": {
      "Currency": {
        "text": "Guinean francs (GNF) per US dollar -"
      },
      "Exchange rates 2020": {
        "text": "9,565.082 (2020 est.)"
      },
      "Exchange rates 2019": {
        "text": "9,183.876 (2019 est.)"
      },
      "Exchange rates 2018": {
        "text": "9,011.134 (2018 est.)"
      },
      "Exchange rates 2017": {
        "text": "9,088.319 (2017 est.)"
      },
      "Exchange rates 2016": {
        "text": "8,967.927 (2016 est.)"
      }
    }
  },
  "Energy": {
    "Electricity access": {
      "electrification - total population": {
        "text": "47.7% (2022 est.)"
      },
      "electrification - urban areas": {
        "text": "91%"
      },
      "electrification - rural areas": {
        "text": "21.3%"
      }
    },
    "Electricity": {
      "installed generating capacity": {
        "text": "1.06 million kW (2023 est.)"
      },
      "consumption": {
        "text": "3.624 billion kWh (2023 est.)"
      },
      "transmission/distribution losses": {
        "text": "424.356 million kWh (2023 est.)"
      }
    },
    "Electricity generation sources": {
      "fossil fuels": {
        "text": "25.3% of total installed capacity (2023 est.)"
      },
      "solar": {
        "text": "0.6% of total installed capacity (2023 est.)"
      },
      "hydroelectricity": {
        "text": "74.1% of total installed capacity (2023 est.)"
      }
    },
    "Coal": {
      "imports": {
        "text": "400 metric tons (2023 est.)"
      }
    },
    "Petroleum": {
      "refined petroleum consumption": {
        "text": "32,000 bbl/day (2023 est.)"
      }
    },
    "Carbon dioxide emissions": {
      "total emissions": {
        "text": "4.505 million metric tonnes of CO2 (2023 est.)"
      },
      "from coal and metallurgical coke": {
        "text": "1,000 metric tonnes of CO2 (2023 est.)"
      },
      "from petroleum and other liquids": {
        "text": "4.504 million metric tonnes of CO2 (2023 est.)"
      }
    },
    "Energy consumption per capita": {
      "Total energy consumption per capita 2023": {
        "text": "5.235 million Btu/person (2023 est.)"
      }
    }
  },
  "Communications": {
    "Telephones - fixed lines": {
      "total subscriptions": {
        "text": "0 (2021 est.)"
      },
      "subscriptions per 100 inhabitants": {
        "text": "(2022 est.) less than 1"
      }
    },
    "Telephones - mobile cellular": {
      "total subscriptions": {
        "text": "13.8 million (2021 est.)"
      },
      "subscriptions per 100 inhabitants": {
        "text": "102 (2021 est.)"
      }
    },
    "Broadcast media": {
      "text": "government maintains control over broadcast media; single state-run TV station; state-run radio also operates several stations in rural areas; a dozen private TV stations; many privately owned radio stations, nearly all in Conakry, and about a dozen community radio stations; foreign TV programming available via satellite and cable subscription services (2022)"
    },
    "Internet country code": {
      "text": ".gn"
    },
    "Internet users": {
      "percent of population": {
        "text": "27% (2023 est.)"
      }
    },
    "Broadband - fixed subscriptions": {
      "total": {
        "text": "1,000 (2022 est.)"
      },
      "subscriptions per 100 inhabitants": {
        "text": "(2022 est.) less than 1"
      }
    }
  },
  "Transportation": {
    "Civil aircraft registration country code prefix": {
      "text": "3X"
    },
    "Airports": {
      "text": "16 (2025)"
    },
    "Heliports": {
      "text": "1 (2025)"
    },
    "Railways": {
      "total": {
        "text": "1,086 km (2017)"
      },
      "standard gauge": {
        "text": "279 km (2017) 1.435-m gauge"
      },
      "narrow gauge": {
        "text": "807 km (2017) 1.000-m gauge"
      }
    },
    "Merchant marine": {
      "total": {
        "text": "2 (2023)"
      },
      "by type": {
        "text": "other 2"
      }
    },
    "Ports": {
      "total ports": {
        "text": "4 (2024)"
      },
      "large": {
        "text": "0"
      },
      "medium": {
        "text": "1"
      },
      "small": {
        "text": "0"
      },
      "very small": {
        "text": "3"
      },
      "ports with oil terminals": {
        "text": "2"
      },
      "key ports": {
        "text": "Benti, Conakry, Kamsar, Victoria"
      }
    }
  },
  "Military and Security": {
    "Military and security forces": {
      "text": "Guinean (or National) Armed Forces (Forces Armées Guinéennes): Army, Air Force, Navy, National Gendarmerie<br><br>Ministry of Security: National Police (2024)",
      "note": "<strong>note:</strong> the Gendarmerie and National Police share responsibility for internal security; Guinea's military and security forces are sometimes collectively referred to as the Defense and Security Forces"
    },
    "Military expenditures": {
      "Military Expenditures 2024": {
        "text": "2.1% of GDP (2024 est.)"
      },
      "Military Expenditures 2023": {
        "text": "2.1% of GDP (2023 est.)"
      },
      "Military Expenditures 2022": {
        "text": "1.8% of GDP (2022 est.)"
      },
      "Military Expenditures 2021": {
        "text": "1.5% of GDP (2021 est.)"
      },
      "Military Expenditures 2020": {
        "text": "1.4% of GDP (2020 est.)"
      }
    },
    "Military and security service personnel strengths": {
      "text": "estimated 10-12,000 active Armed Forces (2025)"
    },
    "Military equipment inventories and acquisitions": {
      "text": "the Guinean military's inventory consists almost entirely of Soviet-era weapons and equipment along with small amounts of secondhand material from China, France, Russia, and South Africa&nbsp; (2024)"
    },
    "Military service age and obligation": {
      "text": "18 years of age for voluntary and selective conscripted service; 9-12 months of service (2023)"
    },
    "Military - note": {
      "text": "the Guinean military is responsible for territorial defense, but also has some domestic security responsibilities and has historically been involved in suppressing public protests; in 2021 the Army&rsquo;s special forces led a military overthrow of the government; the military-led government has since been accused of cracking down on dissent, the media, and political opposition (2024)"
    }
  },
  "Transnational Issues": {
    "Illicit drugs": {
      "text": "NA"
    }
  }
}