{
  "Introduction": {
    "Background": {
      "text": "<p>Berbers have inhabited central north Africa since ancient times, but Phoenicians, Greeks, Carthaginians, Persians, Egyptians, Romans, and Vandals have all settled and ruled the region. In the 7th century, Islam spread through the area. In the mid-16th century, Ottoman rule began; the Italians supplanted the Ottoman Turks in the area around Tripoli in 1911 and held it until 1943, when they were defeated in World War II. Libya then came under UN administration and achieved independence in 1951. Col. Muammar al-QADHAFI assumed leadership with a military coup in 1969 and began to espouse a political system that combined socialism and Islam. During the 1970s, QADHAFI used oil revenues to promote his ideology outside Libya, supporting subversive and terrorist activities that included the downing of two airliners -- one over Scotland and another in Northern Africa -- and a discotheque bombing in Berlin. UN sanctions in 1992 isolated QADHAFI politically and economically; the sanctions were lifted in 2003 when Libya accepted responsibility for the bombings and agreed to claimant compensation. QADHAFI also agreed to end Libya's program to develop weapons of mass destruction, and he made significant strides in normalizing relations with Western nations.</p> <p>Unrest that began in several Middle Eastern and North African countries in 2010 erupted in Libyan cities in 2011. QADHAFI's brutal crackdown on protesters spawned an eight-month civil war that saw the emergence of a National Transitional Council (NTC), UN authorization of air and naval intervention by the international community, and the toppling of the QADHAFI regime. In 2012, the NTC handed power to an elected parliament, the General National Congress (GNC), which was replaced two years later with the House of Representatives (HoR). In 2015, the UN brokered the Libyan Political Agreement (LPA) among a broad array of political parties and social groups, establishing an interim executive body. However, hardliners continued to oppose and hamper the LPA implementation, leaving Libya with eastern and western-based rival governments. In 2018, the international community supported a recalibrated plan that aimed to break the political deadlock with a National Conference in 2019. These plans, however, were derailed when the eastern-based, self-described Libyan National Army (LNA) launched an offensive to seize Tripoli. The LNA offensive collapsed in 2020, and a subsequent UN-sponsored cease-fire helped formalize the pause in fighting between rival camps. <br><br>In 2021, the UN-facilitated Libyan Political Dialogue Forum selected a new prime minister for an interim government -- the Government of National Unity (GNU) -- and a new presidential council charged with preparing for elections and uniting the country’s state institutions. The HoR approved the GNU and its cabinet the same year, providing Libya with its first unified government since 2014, but the parliament then postponed the planned presidential election to an undetermined date in the future. In 2022, the HoR voted to replace GNU interim Prime Minister, Abdul Hamid DUBAYBAH, with another government led by Fathi BASHAGHA. GNU allegations of an illegitimate HoR vote allowed DUBAYBAH to remain in office and rebuff BASHAGHA's attempts to seat his government in Tripoli. In 2023, the HoR voted to replace BASHAGHA with Osma HAMAD. Special Representative of the UN Security-General for Libya, Abdoulaye BATHILY, is leading international efforts to persuade key Libyan political actors to resolve the core issues impeding elections. </p>"
    }
  },
  "Geography": {
    "Location": {
      "text": "Northern Africa, bordering the Mediterranean Sea, between Egypt, Tunisia, and Algeria"
    },
    "Geographic coordinates": {
      "text": "25 00 N, 17 00 E"
    },
    "Map references": {
      "text": "Africa"
    },
    "Area": {
      "total ": {
        "text": "1,759,540 sq km"
      },
      "land": {
        "text": "1,759,540 sq km"
      },
      "water": {
        "text": "0 sq km"
      }
    },
    "Area - comparative": {
      "text": "about 2.5 times the size of Texas; slightly larger than Alaska"
    },
    "Land boundaries": {
      "total": {
        "text": "4,339 km"
      },
      "border countries": {
        "text": "Algeria 989 km; Chad 1,050 km; Egypt 1,115 km; Niger 342 km; Sudan 382 km; Tunisia 461 km"
      }
    },
    "Coastline": {
      "text": "1,770 km"
    },
    "Maritime claims": {
      "territorial sea": {
        "text": "12 nm"
      },
      "exclusive fishing zone": {
        "text": "62 nm"
      },
      "note": "<strong>note:</strong> Gulf of Sidra closing line - 32 degrees, 30 minutes north"
    },
    "Climate": {
      "text": "Mediterranean along coast; dry, extreme desert interior"
    },
    "Terrain": {
      "text": "mostly barren, flat to undulating plains, plateaus, depressions"
    },
    "Elevation": {
      "highest point": {
        "text": "Bikku Bitti 2,267 m"
      },
      "lowest point": {
        "text": "Sabkhat Ghuzayyil -47 m"
      },
      "mean elevation": {
        "text": "423 m"
      }
    },
    "Natural resources": {
      "text": "petroleum, natural gas, gypsum"
    },
    "Land use": {
      "agricultural land": {
        "text": "8.7% (2022 est.)"
      },
      "agricultural land: arable land": {
        "text": "arable land: 1% (2022 est.)"
      },
      "agricultural land: permanent crops": {
        "text": "permanent crops: 0.2% (2022 est.)"
      },
      "agricultural land: permanent pasture": {
        "text": "permanent pasture: 7.6% (2022 est.)"
      },
      "forest": {
        "text": "0.1% (2022 est.)"
      },
      "other": {
        "text": "91.2% (2022 est.)"
      }
    },
    "Irrigated land": {
      "text": "4,700 sq km (2012)"
    },
    "Major watersheds (area sq km)": {
      "text": "Internal <em>(endorheic basin) </em>drainage: Lake Chad (2,497,738 sq km)"
    },
    "Major aquifers": {
      "text": "Nubian Aquifer System, North Western Sahara Aquifer System, Murzuk-Djado Basin"
    },
    "Population distribution": {
      "text": "over 90% of the population lives along the Mediterranean coast in and between Tripoli to the west and Al Bayda to the east; the interior remains vastly underpopulated due to the Sahara and its lack of surface water, as shown in this population distribution map"
    },
    "Natural hazards": {
      "text": "hot, dry, dust-laden ghibli is a southern wind lasting one to four days in spring and fall; dust storms, sandstorms"
    },
    "Geography - note": {
      "text": "<strong>note 1:</strong> more than 90% of the country is desert or semidesert<br><br><strong>note 2:</strong> the volcano Waw an Namus lies in south central Libya in the middle of the Sahara; the caldera is an oasis -- the name means \"oasis of mosquitoes\" -- containing several small lakes that host many species of insects and birds"
    }
  },
  "People and Society": {
    "Population": {
      "total": {
        "text": "7,361,263 (2024 est.)"
      },
      "male": {
        "text": "3,747,364"
      },
      "female": {
        "text": "3,613,899"
      },
      "note": "<strong>note:</strong> immigrants make up just over 12% of the total population, according to UN data (2019)"
    },
    "Nationality": {
      "noun": {
        "text": "Libyan(s)"
      },
      "adjective": {
        "text": "Libyan"
      }
    },
    "Ethnic groups": {
      "text": "Amazigh and Arab 97%, other 3% (includes Egyptian, Greek, Indian, Italian, Maltese, Pakistani, Tunisian, and Turkish)"
    },
    "Languages": {
      "Languages": {
        "text": "Arabic (official), Italian, English (all widely understood in the major cities); Tamazight (Nafusi, Ghadamis, Suknah, Awjilah, Tamasheq)"
      },
      "major-language sample(s)": {
        "text": "<br>كتاب حقائق العالم، المصدر الذي لا يمكن الاستغناء عنه للمعلومات الأساسية (Arabic)<br><br>The World Factbook, the indispensable source for basic information."
      }
    },
    "Religions": {
      "text": "Muslim (official; virtually all Sunni) 96.6%, Christian 2.7%, Buddhist &lt;1%, Hindu &lt;1%, Jewish &lt;1%, folk religion &lt;1%, other &lt;1%, unaffiliated &lt;1% (2020 est.)",
      "note": "<strong>note:</strong> non-Sunni Muslims include native Ibadhi Muslims (&lt;1% of the population) and foreign Muslims"
    },
    "Age structure": {
      "0-14 years": {
        "text": "32.3% (male 1,211,087/female 1,165,648)"
      },
      "15-64 years": {
        "text": "63.2% (male 2,385,152/female 2,263,780)"
      },
      "65 years and over": {
        "text": "4.6% (2024 est.) (male 151,125/female 184,471)"
      }
    },
    "Dependency ratios": {
      "total dependency ratio": {
        "text": "58.3 (2024 est.)"
      },
      "youth dependency ratio": {
        "text": "51.1 (2024 est.)"
      },
      "elderly dependency ratio": {
        "text": "7.2 (2024 est.)"
      },
      "potential support ratio": {
        "text": "13.9 (2024 est.)"
      }
    },
    "Median age": {
      "total": {
        "text": "26.2 years (2024 est.)"
      },
      "male": {
        "text": "26.3 years"
      },
      "female": {
        "text": "26.2 years"
      }
    },
    "Population growth rate": {
      "text": "1.44% (2024 est.)"
    },
    "Birth rate": {
      "text": "20.3 births/1,000 population (2024 est.)"
    },
    "Death rate": {
      "text": "3.5 deaths/1,000 population (2024 est.)"
    },
    "Net migration rate": {
      "text": "-2.5 migrant(s)/1,000 population (2024 est.)"
    },
    "Population distribution": {
      "text": "over 90% of the population lives along the Mediterranean coast in and between Tripoli to the west and Al Bayda to the east; the interior remains vastly underpopulated due to the Sahara and its lack of surface water, as shown in this population distribution map"
    },
    "Urbanization": {
      "urban population": {
        "text": "81.6% of total population (2023)"
      },
      "rate of urbanization": {
        "text": "1.45% annual rate of change (2020-25 est.)"
      }
    },
    "Major urban areas - population": {
      "text": "1.183 million TRIPOLI (capital), 984,000 Misratah, 859,000 Benghazi (2023)"
    },
    "Sex ratio": {
      "at birth": {
        "text": "1.05 male(s)/female"
      },
      "0-14 years": {
        "text": "1.04 male(s)/female"
      },
      "15-64 years": {
        "text": "1.05 male(s)/female"
      },
      "65 years and over": {
        "text": "0.82 male(s)/female"
      },
      "total population": {
        "text": "1.04 male(s)/female (2024 est.)"
      }
    },
    "Maternal mortality ratio": {
      "text": "72 deaths/100,000 live births (2020 est.)"
    },
    "Infant mortality rate": {
      "total": {
        "text": "10.7 deaths/1,000 live births (2024 est.)"
      },
      "male": {
        "text": "12.1 deaths/1,000 live births"
      },
      "female": {
        "text": "9.3 deaths/1,000 live births"
      }
    },
    "Life expectancy at birth": {
      "total population": {
        "text": "77.7 years (2024 est.)"
      },
      "male": {
        "text": "75.5 years"
      },
      "female": {
        "text": "80 years"
      }
    },
    "Total fertility rate": {
      "text": "3 children born/woman (2024 est.)"
    },
    "Gross reproduction rate": {
      "text": "1.46 (2024 est.)"
    },
    "Contraceptive prevalence rate": {
      "text": "27.7% (2014)"
    },
    "Drinking water source": {
      "improved: urban": {
        "text": "urban: NA"
      },
      "improved: rural": {
        "text": "rural: NA"
      },
      "improved: total": {
        "text": "total: 99.9% of population"
      },
      "unimproved: urban": {
        "text": "urban: NA"
      },
      "unimproved: rural": {
        "text": "rural: NA"
      },
      "unimproved: total": {
        "text": "total: 0.1% of population (2020 est.)"
      }
    },
    "Health expenditure": {
      "text": "5.1% of national budget (2022 est.)"
    },
    "Physician density": {
      "text": "2.04 physicians/1,000 population (2017)"
    },
    "Hospital bed density": {
      "text": "3.2 beds/1,000 population (2021 est.)"
    },
    "Sanitation facility access": {
      "improved: urban": {
        "text": "urban: NA"
      },
      "improved: rural": {
        "text": "rural: NA"
      },
      "improved: total": {
        "text": "total: 99.3% of population"
      },
      "unimproved: urban": {
        "text": "urban: NA"
      },
      "unimproved: rural": {
        "text": "rural: NA"
      },
      "unimproved: total": {
        "text": "total: 0.7% of population (2020 est.)"
      }
    },
    "Obesity - adult prevalence rate": {
      "text": "32.5% (2016)"
    },
    "Alcohol consumption per capita": {
      "total": {
        "text": "0.01 liters of pure alcohol (2019 est.)"
      },
      "beer": {
        "text": "0 liters of pure alcohol (2019 est.)"
      },
      "wine": {
        "text": "0.01 liters of pure alcohol (2019 est.)"
      },
      "spirits": {
        "text": "0 liters of pure alcohol (2019 est.)"
      },
      "other alcohols": {
        "text": "0 liters of pure alcohol (2019 est.)"
      }
    },
    "Children under the age of 5 years underweight": {
      "text": "11.7% (2014)"
    },
    "Currently married women (ages 15-49)": {
      "text": "59.2% (2023 est.)"
    },
    "Literacy": {
      "total population": {
        "text": "91%"
      },
      "male": {
        "text": "96.7%"
      },
      "female": {
        "text": "85.6% (2015)"
      }
    }
  },
  "Environment": {
    "Environment - current issues": {
      "text": "desertification; limited natural freshwater resources; water pollution; threats to coastal ecosystem from sewage, oil byproducts, and industrial waste"
    },
    "Environment - international agreements": {
      "party to": {
        "text": "Biodiversity, Climate Change, Climate Change-Kyoto Protocol, Comprehensive Nuclear Test Ban, Desertification, Endangered Species, Hazardous Wastes, Marine Dumping-London Convention, Nuclear Test Ban, Ozone Layer Protection, Ship Pollution, Wetlands"
      },
      "signed, but not ratified": {
        "text": "Climate Change-Paris Agreement, Law of the Sea"
      }
    },
    "Climate": {
      "text": "Mediterranean along coast; dry, extreme desert interior"
    },
    "Land use": {
      "agricultural land": {
        "text": "8.7% (2022 est.)"
      },
      "agricultural land: arable land": {
        "text": "arable land: 1% (2022 est.)"
      },
      "agricultural land: permanent crops": {
        "text": "permanent crops: 0.2% (2022 est.)"
      },
      "agricultural land: permanent pasture": {
        "text": "permanent pasture: 7.6% (2022 est.)"
      },
      "forest": {
        "text": "0.1% (2022 est.)"
      },
      "other": {
        "text": "91.2% (2022 est.)"
      }
    },
    "Urbanization": {
      "urban population": {
        "text": "81.6% of total population (2023)"
      },
      "rate of urbanization": {
        "text": "1.45% annual rate of change (2020-25 est.)"
      }
    },
    "Air pollutants": {
      "particulate matter emissions": {
        "text": "29.84 micrograms per cubic meter (2019 est.)"
      },
      "carbon dioxide emissions": {
        "text": "50.56 megatons (2016 est.)"
      },
      "methane emissions": {
        "text": "45.76 megatons (2020 est.)"
      }
    },
    "Waste and recycling": {
      "municipal solid waste generated annually": {
        "text": "2,147,596 tons (2011 est.)"
      }
    },
    "Major watersheds (area sq km)": {
      "text": "Internal <em>(endorheic basin) </em>drainage: Lake Chad (2,497,738 sq km)"
    },
    "Major aquifers": {
      "text": "Nubian Aquifer System, North Western Sahara Aquifer System, Murzuk-Djado Basin"
    },
    "Total water withdrawal": {
      "municipal": {
        "text": "700 million cubic meters (2020 est.)"
      },
      "industrial": {
        "text": "280 million cubic meters (2020 est.)"
      },
      "agricultural": {
        "text": "4.85 billion cubic meters (2020 est.)"
      }
    },
    "Total renewable water resources": {
      "text": "700 million cubic meters (2020 est.)"
    }
  },
  "Government": {
    "Country name": {
      "conventional long form": {
        "text": "State of Libya"
      },
      "conventional short form": {
        "text": "Libya"
      },
      "local long form": {
        "text": "Dawlat Libiya"
      },
      "local short form": {
        "text": "Libiya"
      },
      "etymology": {
        "text": "the name probably derives from the Libu, a North African tribe first mentioned in texts from the 13th century B.C.; the ancient Greeks and Romans used the name for the entire North African coast west of Egypt"
      }
    },
    "Government type": {
      "text": "in transition"
    },
    "Capital": {
      "name": {
        "text": "Tripoli (Tarabulus)"
      },
      "geographic coordinates": {
        "text": "32 53 N, 13 10 E"
      },
      "time difference": {
        "text": "UTC+2 (7 hours ahead of Washington, DC, during Standard Time)"
      },
      "etymology": {
        "text": "the name derives from the Greek words <em>tri </em>and <em>polis</em>, meaning \"three cities;\" the modern-day city was founded in the 14th century to replace the three ancient cities of Pallantium, Tegea, and Mantineia"
      }
    },
    "Administrative divisions": {
      "text": "22 governorates (<em>muhafazah</em>, singular - <em>muhafazat</em>); Al Butnan, Al Jabal al Akhdar, Al Jabal al Gharbi, Al Jafarah, Al Jufrah, Al Kufrah, Al Marj, Al Marqab, Al Wahat, An Nuqat al Khams, Az Zawiyah, Banghazi (Benghazi), Darnah, Ghat, Misratah, Murzuq, Nalut, Sabha, Surt, Tarabulus (Tripoli), Wadi al Hayat, Wadi ash Shati"
    },
    "Legal system": {
      "text": "Libya's post-revolution system is in flux and driven by state and non-state entities"
    },
    "Constitution": {
      "history": {
        "text": "previous 1951, 1977, 2011 (interim)"
      },
      "note": "<strong>note: </strong>a draft constitution was approved in 2017, but it is not yet ratified"
    },
    "International law organization participation": {
      "text": "has not submitted an ICJ jurisdiction declaration; non-party state to the ICCt"
    },
    "Citizenship": {
      "citizenship by birth": {
        "text": "no"
      },
      "citizenship by descent only": {
        "text": "at least one parent or grandparent must be a citizen of Libya"
      },
      "dual citizenship recognized": {
        "text": "no"
      },
      "residency requirement for naturalization": {
        "text": "varies from 3 to 5 years"
      }
    },
    "Suffrage": {
      "text": "18 years of age, universal"
    },
    "Executive branch": {
      "chief of state": {
        "text": "President, Presidential Council, Mohammed al-MANFI (since 5 February 2021)"
      },
      "head of government": {
        "text": "GNU Interim Prime Minister Abd-al-Hamid DUBAYBAH (since 5 February 2021)"
      },
      "elections/appointments": {
        "text": "first direct presidential election was not held as planned"
      },
      "most recent election date": {
        "text": "scheduled for 24 December 2021 but not held"
      },
      "expected date of next election": {
        "text": "no new date has been set for elections"
      }
    },
    "Legislative branch": {
      "legislative structure": {
        "text": "unicameral"
      },
      "chamber name": {
        "text": "House of Representatives (Majlis Al-Nuwaab)"
      },
      "number of seats": {
        "text": "200 (all directly elected)"
      },
      "electoral system": {
        "text": "other systems"
      },
      "scope of elections": {
        "text": "full renewal"
      },
      "most recent election date": {
        "text": "6/25/2014"
      },
      "percentage of women in chamber": {
        "text": "16.5%"
      },
      "expected date of next election": {
        "text": "December 2025"
      },
      "note": "<strong>note:</strong> 32 seats are reserved for women"
    },
    "Judicial branch": {
      "highest court(s)": {
        "text": "Libya's judicial system consists of a supreme court, central high courts (in Tripoli, Benghazi, and Sabha), and a series of lower courts"
      }
    },
    "Political parties": {
      "text": "NA<br>"
    },
    "Diplomatic representation in the US": {
      "chief of mission": {
        "text": "Ambassador (vacant); Charg&eacute; d'Affaires Fadil S M OMAR (since 17 July 2023)"
      },
      "chancery": {
        "text": "1460 Dahlia Street NW, Washington, DC 20012"
      },
      "telephone": {
        "text": "[1] (202) 944-9601"
      },
      "FAX": {
        "text": "[1] (202) 944-9606"
      },
      "email address and website": {
        "text": "<br>info@embassyoflibyadc.com<br><br>https://www.embassyoflibyadc.org/"
      }
    },
    "Diplomatic representation from the US": {
      "chief of mission": {
        "text": "Ambassador (vacant); Charg&eacute; d'Affaires Jeremy BERNDT (since 14 October 2023)"
      },
      "embassy": {
        "text": "US Embassy Tripoli operations suspended in 2014"
      },
      "mailing address": {
        "text": "8850 Tripoli Place, Washington, DC&nbsp; 20521-8850"
      },
      "telephone": {
        "text": "[216] 71-107-000"
      },
      "email address and website": {
        "text": "<br>Webmaster_Libya@state.gov<br><br>https://ly.usembassy.gov/"
      },
      "note": "<strong>note:</strong> the US Embassy in Tripoli closed in July 2014 due to Libyan civil unrest; embassy staff and operations currently are located at US Embassy Tunis, Tunisia"
    },
    "International organization participation": {
      "text": "ABEDA, AfDB, AFESD, AMF, AMU, AU, BDEAC, CAEU, COMESA, FAO, G-77, IAEA, IBRD, ICAO, ICC (NGOs), ICRM, IDA, IDB, IFAD, IFC, IFRCS, ILO, IMF, IMO, IMSO, Interpol, IOC, IOM, IPU, ISO, ITSO, ITU, LAS, LCBC, MIGA, NAM, OAPEC, OIC, OPCW, OPEC, PCA, UN, UNCTAD, UNESCO, UNHRC, UNIDO, UNOOSA, UNSMIL, UNWTO, UPU, WCO, WFTU (NGOs), WHO, WIPO, WMO, WTO (observer)"
    },
    "Independence": {
      "text": "24 December 1951 (from UN trusteeship)"
    },
    "National holiday": {
      "text": "Liberation Day, 23 October (2011)"
    },
    "Flag description": {
      "text": "three horizontal bands of red (top), black (double-width), and green, with a white crescent and star centered on the black stripe; the National Transitional Council reintroduced this flag design from the former Kingdom of Libya (1951-1969) in 2011 to replace the all-green banner of the QADHAFI regime; the colors represent the three major regions of the country: red stands for Fezzan, black for Cyrenaica, and green for Tripolitania; the crescent and star represent Islam"
    },
    "National symbol(s)": {
      "text": "star and crescent, hawk"
    },
    "National color(s)": {
      "text": "red, black, green"
    },
    "National anthem": {
      "name": {
        "text": "\"Libya, Libya, Libya\""
      },
      "lyrics/music": {
        "text": "Al Bashir AL AREBI/Mohamad Abdel WAHAB"
      },
      "note": "<strong>note:</strong> also known as \"Ya Beladi\" or \"Oh, My Country!\"; adopted 1951; readopted 2011 with some modification to the lyrics; during the QADHAFI years between 1969 and 2011, the anthem was \"Allahu Akbar,\" (God is Great) a marching song of the Egyptian Army in the 1956 Suez War"
    },
    "National heritage": {
      "total World Heritage Sites": {
        "text": "5 (all cultural)"
      },
      "selected World Heritage Site locales": {
        "text": "Archaeological Site of Cyrene; Archaeological Site of Leptis Magna, Archaeological Site of Sabratha; Rock-Art Sites of Tadrart Acacus; Old Town of Ghadamès"
      }
    }
  },
  "Economy": {
    "Economic overview": {
      "text": "upper middle-income, fossil fuel-based North African economy; 31% economic contraction due to COVID-19 and 2020 oil blockade; reduced government spending; central bank had to devalue currency; public wages are over 60% of expenditures"
    },
    "Real GDP (purchasing power parity)": {
      "Real GDP (purchasing power parity) 2023": {
        "text": "$91.161 billion (2023 est.)"
      },
      "Real GDP (purchasing power parity) 2022": {
        "text": "$82.756 billion (2022 est.)"
      },
      "Real GDP (purchasing power parity) 2021": {
        "text": "$90.199 billion (2021 est.)"
      },
      "note": "<b>note:</b> data in 2021 dollars"
    },
    "Real GDP growth rate": {
      "Real GDP growth rate 2023": {
        "text": "10.16% (2023 est.)"
      },
      "Real GDP growth rate 2022": {
        "text": "-8.25% (2022 est.)"
      },
      "Real GDP growth rate 2021": {
        "text": "153.49% (2021 est.)"
      },
      "note": "<b>note:</b> annual GDP % growth based on constant local currency"
    },
    "Real GDP per capita": {
      "Real GDP per capita 2023": {
        "text": "$12,500 (2023 est.)"
      },
      "Real GDP per capita 2022": {
        "text": "$11,500 (2022 est.)"
      },
      "Real GDP per capita 2021": {
        "text": "$12,600 (2021 est.)"
      },
      "note": "<b>note:</b> data in 2021 dollars"
    },
    "GDP (official exchange rate)": {
      "text": "$45.096 billion (2023 est.)",
      "note": "<b>note:</b> data in current dollars at official exchange rate"
    },
    "Inflation rate (consumer prices)": {
      "Inflation rate (consumer prices) 2024": {
        "text": "2.1% (2024 est.)"
      },
      "Inflation rate (consumer prices) 2023": {
        "text": "2.4% (2023 est.)"
      },
      "Inflation rate (consumer prices) 2022": {
        "text": "4.5% (2022 est.)"
      },
      "note": "<b>note:</b> annual % change based on consumer prices"
    },
    "GDP - composition, by sector of origin": {
      "agriculture": {
        "text": "1.8% (2023 est.)"
      },
      "industry": {
        "text": "77.3% (2023 est.)"
      },
      "services": {
        "text": "25.4% (2023 est.)"
      },
      "note": "<b>note:</b> figures may not total 100% due to non-allocated consumption not captured in sector-reported data"
    },
    "GDP - composition, by end use": {
      "household consumption": {
        "text": "32.4% (2023 est.)"
      },
      "government consumption": {
        "text": "35.3% (2023 est.)"
      },
      "investment in fixed capital": {
        "text": "16.5% (2023 est.)"
      },
      "investment in inventories": {
        "text": "0% (2023 est.)"
      },
      "exports of goods and services": {
        "text": "85.1% (2023 est.)"
      },
      "imports of goods and services": {
        "text": "-70.5% (2023 est.)"
      },
      "note": "<b>note:</b> figures may not total 100% due to rounding or gaps in data collection"
    },
    "Agricultural products": {
      "text": "potatoes, onions, watermelons, tomatoes, dates, olives, milk, chicken, wheat, vegetables (2023)",
      "note": "<b>note:</b> top ten agricultural products based on tonnage"
    },
    "Industries": {
      "text": "petroleum, petrochemicals, aluminum, iron and steel, food processing, textiles, handicrafts, cement"
    },
    "Industrial production growth rate": {
      "text": "17.77% (2023 est.)",
      "note": "<b>note:</b> annual % change in industrial value added based on constant local currency"
    },
    "Labor force": {
      "text": "2.585 million (2024 est.)",
      "note": "<b>note:</b> number of people ages 15 or older who are employed or seeking work"
    },
    "Unemployment rate": {
      "Unemployment rate 2024": {
        "text": "18.6% (2024 est.)"
      },
      "Unemployment rate 2023": {
        "text": "18.8% (2023 est.)"
      },
      "Unemployment rate 2022": {
        "text": "19.3% (2022 est.)"
      },
      "note": "<b>note:</b> % of labor force seeking employment"
    },
    "Youth unemployment rate (ages 15-24)": {
      "total": {
        "text": "49.5% (2024 est.)"
      },
      "male": {
        "text": "41.5% (2024 est.)"
      },
      "female": {
        "text": "68.8% (2024 est.)"
      },
      "note": "<b>note:</b> % of labor force ages 15-24 seeking employment"
    },
    "Remittances": {
      "Remittances 2023": {
        "text": "0% of GDP (2023 est.)"
      },
      "Remittances 2022": {
        "text": "0% of GDP (2022 est.)"
      },
      "Remittances 2021": {
        "text": "0% of GDP (2021 est.)"
      },
      "note": "<b>note:</b> personal transfers and compensation between resident and non-resident individuals/households/entities"
    },
    "Budget": {
      "revenues": {
        "text": "$28.005 billion (2019 est.)"
      },
      "expenditures": {
        "text": "$37.475 billion (2019 est.)"
      }
    },
    "Public debt": {
      "Public debt 2017": {
        "text": "4.7% of GDP (2017 est.)"
      }
    },
    "Taxes and other revenues": {
      "text": "51.6% (of GDP) (2017 est.)"
    },
    "Current account balance": {
      "Current account balance 2021": {
        "text": "$5.675 billion (2021 est.)"
      },
      "Current account balance 2020": {
        "text": "-$4.78 billion (2020 est.)"
      },
      "Current account balance 2019": {
        "text": "$4.817 billion (2019 est.)"
      },
      "note": "<b>note:</b> balance of payments - net trade and primary/secondary income in current dollars"
    },
    "Exports": {
      "Exports 2021": {
        "text": "$32.38 billion (2021 est.)"
      },
      "Exports 2020": {
        "text": "$9.537 billion (2020 est.)"
      },
      "Exports 2019": {
        "text": "$29.326 billion (2019 est.)"
      },
      "note": "<b>note:</b> balance of payments - exports of goods and services in current dollars"
    },
    "Exports - partners": {
      "text": "Italy 23%, Germany 15%, Spain 9%, France 7%, China 6% (2023)",
      "note": "<b>note:</b> top five export partners based on percentage share of exports"
    },
    "Exports - commodities": {
      "text": "crude petroleum, natural gas, refined petroleum, gold, scrap iron (2023)",
      "note": "<b>note:</b> top five export commodities based on value in dollars"
    },
    "Imports": {
      "Imports 2021": {
        "text": "$25.406 billion (2021 est.)"
      },
      "Imports 2020": {
        "text": "$14.334 billion (2020 est.)"
      },
      "Imports 2019": {
        "text": "$25.368 billion (2019 est.)"
      },
      "note": "<b>note:</b> balance of payments - imports of goods and services in current dollars"
    },
    "Imports - partners": {
      "text": "China 17%, Turkey 15%, Italy 8%, UAE 8%, Egypt 8% (2023)",
      "note": "<b>note:</b> top five import partners based on percentage share of imports"
    },
    "Imports - commodities": {
      "text": "refined petroleum, broadcasting equipment, tobacco, garments, cars (2023)",
      "note": "<b>note:</b> top five import commodities based on value in dollars"
    },
    "Reserves of foreign exchange and gold": {
      "Reserves of foreign exchange and gold 2024": {
        "text": "$80.592 billion (2024 est.)"
      },
      "Reserves of foreign exchange and gold 2023": {
        "text": "$92.427 billion (2023 est.)"
      },
      "Reserves of foreign exchange and gold 2022": {
        "text": "$86.683 billion (2022 est.)"
      },
      "note": "<b>note:</b> holdings of gold (year-end prices)/foreign exchange/special drawing rights in current dollars"
    },
    "Exchange rates": {
      "Currency": {
        "text": "Libyan dinars (LYD) per US dollar -"
      },
      "Exchange rates 2024": {
        "text": "4.832 (2024 est.)"
      },
      "Exchange rates 2023": {
        "text": "4.813 (2023 est.)"
      },
      "Exchange rates 2022": {
        "text": "4.813 (2022 est.)"
      },
      "Exchange rates 2021": {
        "text": "4.514 (2021 est.)"
      },
      "Exchange rates 2020": {
        "text": "1.389 (2020 est.)"
      }
    }
  },
  "Energy": {
    "Electricity access": {
      "electrification - total population": {
        "text": "70% (2022 est.)"
      },
      "electrification - urban areas": {
        "text": "100%"
      }
    },
    "Electricity": {
      "installed generating capacity": {
        "text": "10.519 million kW (2023 est.)"
      },
      "consumption": {
        "text": "28.826 billion kWh (2023 est.)"
      },
      "imports": {
        "text": "800 million kWh (2023 est.)"
      },
      "transmission/distribution losses": {
        "text": "7.081 billion kWh (2023 est.)"
      }
    },
    "Electricity generation sources": {
      "fossil fuels": {
        "text": "100% of total installed capacity (2023 est.)"
      }
    },
    "Coal": {
      "imports": {
        "text": "4,000 metric tons (2023 est.)"
      }
    },
    "Petroleum": {
      "total petroleum production": {
        "text": "1.245 million bbl/day (2023 est.)"
      },
      "refined petroleum consumption": {
        "text": "207,000 bbl/day (2023 est.)"
      },
      "crude oil estimated reserves": {
        "text": "48.363 billion barrels (2021 est.)"
      }
    },
    "Natural gas": {
      "production": {
        "text": "11.16 billion cubic meters (2023 est.)"
      },
      "consumption": {
        "text": "8.633 billion cubic meters (2023 est.)"
      },
      "exports": {
        "text": "2.527 billion cubic meters (2023 est.)"
      },
      "proven reserves": {
        "text": "1.505 trillion cubic meters (2021 est.)"
      }
    },
    "Carbon dioxide emissions": {
      "total emissions": {
        "text": "46.479 million metric tonnes of CO2 (2023 est.)"
      },
      "from coal and metallurgical coke": {
        "text": "700 metric tonnes of CO2 (2023 est.)"
      },
      "from petroleum and other liquids": {
        "text": "29.542 million metric tonnes of CO2 (2023 est.)"
      },
      "from consumed natural gas": {
        "text": "16.936 million metric tonnes of CO2 (2023 est.)"
      }
    },
    "Energy consumption per capita": {
      "Total energy consumption per capita 2023": {
        "text": "100.844 million Btu/person (2023 est.)"
      }
    }
  },
  "Communications": {
    "Telephones - fixed lines": {
      "total subscriptions": {
        "text": "1.218 million (2022 est.)"
      },
      "subscriptions per 100 inhabitants": {
        "text": "17 (2022 est.)"
      }
    },
    "Telephones - mobile cellular": {
      "total subscriptions": {
        "text": "13.9 million (2022 est.)"
      },
      "subscriptions per 100 inhabitants": {
        "text": "205 (2022 est.)"
      }
    },
    "Broadcast media": {
      "text": "state-funded and private TV stations; some provinces operate local TV stations; pan-Arab satellite TV stations are available; state-funded radio (2019)"
    },
    "Internet country code": {
      "text": ".ly"
    },
    "Internet users": {
      "percent of population": {
        "text": "89% (2023 est.)"
      }
    },
    "Broadband - fixed subscriptions": {
      "total": {
        "text": "326,000 (2022 est.)"
      },
      "subscriptions per 100 inhabitants": {
        "text": "5 (2022 est.)"
      }
    }
  },
  "Transportation": {
    "Civil aircraft registration country code prefix": {
      "text": "5A"
    },
    "Airports": {
      "text": "75 (2025)"
    },
    "Merchant marine": {
      "total": {
        "text": "96 (2023)"
      },
      "by type": {
        "text": "general cargo 2, oil tanker 13, other 81"
      }
    },
    "Ports": {
      "total ports": {
        "text": "14 (2024)"
      },
      "large": {
        "text": "0"
      },
      "medium": {
        "text": "2"
      },
      "small": {
        "text": "3"
      },
      "very small": {
        "text": "9"
      },
      "ports with oil terminals": {
        "text": "10"
      },
      "key ports": {
        "text": "Al Burayqah, Az Zawiya, Banghazi, Mersa Tobruq, Mina Tarabulus (Tripoli)"
      }
    }
  },
  "Military and Security": {
    "Military and security forces": {
      "text": "the Libyan Armed Forces of the Tripoli-based Government of National Unity (GNU) have various ground, air, and naval/coast guard forces, which include a mix of formations and equipment from the QADHAFI regime, semi-regular and nominally integrated units, tribal armed groups/militias, civilian volunteers, and foreign private military contractors; the GNU has a Ministry of Defense, but has limited control over its security forces<br><br>the self-styled Libyan National Army (LNA; aka Libyan Arab Armed Forces, LAAF), under de facto LNA commander Khalifa HAFTER, also includes various ground, air, and naval forces comprised of semi-regular military personnel, militias, and foreign private military contractors; the LNA operates independently from the GNU and exerts influence throughout eastern, central, and southern Libya; some of the armed groups nominally under the LNA operate under their own command structures and engage in their own operations (2024)",
      "note": "<strong>note: </strong>the national police force under the GNU's Ministry of Interior oversees internal security (with support from military forces under the Ministry of Defense), but much of Libya's security-related police work generally falls to informal armed groups, which receive government salaries but lack formal training, supervision, or consistent accountability"
    },
    "Military expenditures": {
      "text": "not available"
    },
    "Military and security service personnel strengths": {
      "text": "estimates not available"
    },
    "Military equipment inventories and acquisitions": {
      "text": "both the forces aligned with the GNU and the LNA are largely equipped with weapons of Russian or Soviet origin; in recent years, Turkey has the been the primary supplier of arms to the GNU, while the LNA has received quantities from Russia and the United Arab Emirates (2024)",
      "note": "<strong>note:</strong> Libya is under a UN-imposed arms embargo"
    },
    "Military service age and obligation": {
      "text": "not available"
    },
    "Military - note": {
      "text": "the western-based GNU and the eastern-based LNA forces are separated by a fortified line of control running roughly from the coastal city of Sirte south to the vicinity of Al Jufra and Brak; Turkey has provided support to the GNU forces, including military trainers, ammunition, weapons, and aerial drones; Russia, the United Arab Emirates, and Egypt have been the main supporters of the LNA; both the LNA and the GNU forces have incorporated foreign fighters into their ranks (2024)"
    }
  },
  "Terrorism": {
    "Terrorist group(s)": {
      "text": "Ansar al-Sharia groups; Islamic State of Iraq and ash-Sham - Libya (ISIS-L); al-Mulathamun Battalion (al-Mourabitoun); al-Qa'ida in the Islamic Maghreb (AQIM)",
      "note": "<strong>note: </strong>details about the history, aims, leadership, organization, areas of operation, tactics, targets, weapons, size, and sources of support of the group(s) appear(s) in the Terrorism reference guide"
    }
  },
  "Transnational Issues": {
    "Refugees and internally displaced persons": {
      "refugees (country of origin)": {
        "text": "11,623 (Syria) (refugees and asylum seekers), 8,302 (Eritrea) (2023); 6,293 (Sudan) (refugees and asylum seekers) (2024)"
      },
      "IDPs": {
        "text": "125,802 (conflict between pro-QADHAFI and anti-QADHAFI forces in 2011; post-QADHAFI tribal clashes 2014) (2023)"
      }
    }
  }
}