{
  "Introduction": {
    "Background": {
      "text": "<p>Seychelles was uninhabited before Europeans discovered the islands early in the 16th century. After a lengthy struggle, France eventually ceded control of the islands to Great Britain in 1814. During colonial rule, a plantation-based economy developed that relied on imported labor, primarily from European colonies in Africa. Seychelles gained independence in 1976 through negotiations with Great Britain. In 1977, Prime Minister France-Albert RENE launched a coup against the country’s first president, and Seychelles became a socialist one-party state until adopting a new constitution and holding elections in 1993. RENE continued to lead Seychelles through two election cycles until he stepped down in 2004. Vice President James Alix MICHEL took over the presidency and in 2006 was elected to a new five-year term; he was reelected in 2011 and again in 2015. In 2016, James MICHEL resigned and handed over the presidency to his vice-president, Danny FAURE. In 2020, Wavel RAMKALAWAN was elected president, the first time an opposition candidate has won the presidency.</p>"
    }
  },
  "Geography": {
    "Location": {
      "text": "archipelago in the Indian Ocean, northeast of Madagascar"
    },
    "Geographic coordinates": {
      "text": "4 35 S, 55 40 E"
    },
    "Map references": {
      "text": "Africa"
    },
    "Area": {
      "total ": {
        "text": "455 sq km"
      },
      "land": {
        "text": "455 sq km"
      },
      "water": {
        "text": "0 sq km"
      }
    },
    "Area - comparative": {
      "text": "2.5 times the size of Washington, D.C."
    },
    "Land boundaries": {
      "total": {
        "text": "0 km"
      }
    },
    "Coastline": {
      "text": "491 km"
    },
    "Maritime claims": {
      "territorial sea": {
        "text": "12 nm"
      },
      "contiguous zone": {
        "text": "24 nm"
      },
      "exclusive economic zone": {
        "text": "200 nm"
      },
      "continental shelf": {
        "text": "200 nm or to the edge of the continental margin"
      }
    },
    "Climate": {
      "text": "tropical marine; humid; cooler season during southeast monsoon (late May to September); warmer season during northwest monsoon (March to May)"
    },
    "Terrain": {
      "text": "Mahe Group is volcanic with a narrow coastal strip and rocky, hilly interior; others are relatively flat coral atolls, or elevated reefs; sits atop the submarine Mascarene Plateau"
    },
    "Elevation": {
      "highest point": {
        "text": "Morne Seychellois 905 m"
      },
      "lowest point": {
        "text": "Indian Ocean 0 m"
      }
    },
    "Natural resources": {
      "text": "fish, coconuts (copra), cinnamon trees"
    },
    "Land use": {
      "agricultural land": {
        "text": "3.4% (2022 est.)"
      },
      "agricultural land: arable land": {
        "text": "arable land: 0.3% (2022 est.)"
      },
      "agricultural land: permanent crops": {
        "text": "permanent crops: 3% (2022 est.)"
      },
      "agricultural land: permanent pasture": {
        "text": "permanent pasture: 0% (2022 est.)"
      },
      "forest": {
        "text": "73.3% (2022 est.)"
      },
      "other": {
        "text": "23.4% (2022 est.)"
      }
    },
    "Irrigated land": {
      "text": "3 sq km (2012)"
    },
    "Population distribution": {
      "text": "more than three quarters of the population lives on the main island of Mahe; Praslin is home to less than 10%, and a smaller percentage is on La Digue and the outer islands, as shown in this population distribution map"
    },
    "Natural hazards": {
      "text": "lies outside the cyclone belt, so severe storms are rare; occasional short droughts"
    },
    "Geography - note": {
      "text": "the smallest African country in terms of both area and population; the constitution of the Republic of Seychelles lists 155 islands, including 42 granitic and 113 coralline; the largest island by far is Mahe, which is home to about 90% of the population and is the site of the capital city of Victoria"
    }
  },
  "People and Society": {
    "Population": {
      "total": {
        "text": "98,187 (2024 est.)"
      },
      "male": {
        "text": "50,973"
      },
      "female": {
        "text": "47,214"
      }
    },
    "Nationality": {
      "noun": {
        "text": "Seychellois (singular and plural)"
      },
      "adjective": {
        "text": "Seychellois"
      }
    },
    "Ethnic groups": {
      "text": "predominantly Creole (mainly of East African and Malagasy heritage); also French, Indian, Chinese, and Arab populations"
    },
    "Languages": {
      "text": "Seychellois Creole (official) 89.1%, English (official) 5.1%, French (official) 0.7%, other 3.8%, unspecified 1.4% (2010 est.)"
    },
    "Religions": {
      "text": "Roman Catholic 76.2%, Protestant 10.5% (Anglican 6.1%, Pentecostal Assembly 1.5%, Seventh Day Adventist 1.2%, other Protestant 1.7%), other Christian 2.4%, Hindu 2.4%, Muslim 1.6%, other non-Christian 1.1%, unspecified 4.8%, none 0.9% (2010 est.)"
    },
    "Age structure": {
      "0-14 years": {
        "text": "17.7% (male 8,912/female 8,439)"
      },
      "15-64 years": {
        "text": "72.4% (male 37,841/female 33,210)"
      },
      "65 years and over": {
        "text": "10% (2024 est.) (male 4,220/female 5,565)"
      }
    },
    "Dependency ratios": {
      "total dependency ratio": {
        "text": "38.2 (2024 est.)"
      },
      "youth dependency ratio": {
        "text": "24.4 (2024 est.)"
      },
      "elderly dependency ratio": {
        "text": "13.8 (2024 est.)"
      },
      "potential support ratio": {
        "text": "7.3 (2024 est.)"
      }
    },
    "Median age": {
      "total": {
        "text": "38.7 years (2024 est.)"
      },
      "male": {
        "text": "38.2 years"
      },
      "female": {
        "text": "39.4 years"
      }
    },
    "Population growth rate": {
      "text": "0.56% (2024 est.)"
    },
    "Birth rate": {
      "text": "11.8 births/1,000 population (2024 est.)"
    },
    "Death rate": {
      "text": "7 deaths/1,000 population (2024 est.)"
    },
    "Net migration rate": {
      "text": "0.8 migrant(s)/1,000 population (2024 est.)"
    },
    "Population distribution": {
      "text": "more than three quarters of the population lives on the main island of Mahe; Praslin is home to less than 10%, and a smaller percentage is on La Digue and the outer islands, as shown in this population distribution map"
    },
    "Urbanization": {
      "urban population": {
        "text": "58.8% of total population (2023)"
      },
      "rate of urbanization": {
        "text": "0.99% annual rate of change (2020-25 est.)"
      }
    },
    "Major urban areas - population": {
      "text": "28,000 VICTORIA (capital) (2018)"
    },
    "Sex ratio": {
      "at birth": {
        "text": "1.03 male(s)/female"
      },
      "0-14 years": {
        "text": "1.06 male(s)/female"
      },
      "15-64 years": {
        "text": "1.14 male(s)/female"
      },
      "65 years and over": {
        "text": "0.76 male(s)/female"
      },
      "total population": {
        "text": "1.08 male(s)/female (2024 est.)"
      }
    },
    "Maternal mortality ratio": {
      "text": "3 deaths/100,000 live births (2020)"
    },
    "Infant mortality rate": {
      "total": {
        "text": "10.2 deaths/1,000 live births (2024 est.)"
      },
      "male": {
        "text": "12.8 deaths/1,000 live births"
      },
      "female": {
        "text": "7.4 deaths/1,000 live births"
      }
    },
    "Life expectancy at birth": {
      "total population": {
        "text": "76.6 years (2024 est.)"
      },
      "male": {
        "text": "72.2 years"
      },
      "female": {
        "text": "81.1 years"
      }
    },
    "Total fertility rate": {
      "text": "1.81 children born/woman (2024 est.)"
    },
    "Gross reproduction rate": {
      "text": "0.89 (2024 est.)"
    },
    "Contraceptive prevalence rate": {
      "text": "NA"
    },
    "Drinking water source": {
      "improved: urban": {
        "text": "urban: NA"
      },
      "improved: rural": {
        "text": "rural: NA"
      },
      "improved: total": {
        "text": "total: 96.2% of population"
      },
      "unimproved: urban": {
        "text": "urban: NA"
      },
      "unimproved: rural": {
        "text": "rural: NA"
      },
      "unimproved: total": {
        "text": "total: 3.8% of population (2017 est.)"
      }
    },
    "Health expenditure": {
      "Health expenditure (as % of GDP)": {
        "text": "5.3% of GDP (2021)"
      },
      "Health expenditure (as % of national budget)": {
        "text": "10.2% of national budget (2022 est.)"
      }
    },
    "Physician density": {
      "text": "2.25 physicians/1,000 population (2019)"
    },
    "Hospital bed density": {
      "text": "3.2 beds/1,000 population (2020 est.)"
    },
    "Sanitation facility access": {
      "improved: urban": {
        "text": "urban: NA"
      },
      "improved: rural": {
        "text": "rural: NA"
      },
      "improved: total": {
        "text": "total: 100% of population"
      },
      "unimproved: urban": {
        "text": "urban: NA"
      },
      "unimproved: rural": {
        "text": "rural: NA"
      },
      "unimproved: total": {
        "text": "total: 0% of population (2020 est.)"
      }
    },
    "Obesity - adult prevalence rate": {
      "text": "14% (2016)"
    },
    "Alcohol consumption per capita": {
      "total": {
        "text": "9.48 liters of pure alcohol (2019 est.)"
      },
      "beer": {
        "text": "4.11 liters of pure alcohol (2019 est.)"
      },
      "wine": {
        "text": "0.49 liters of pure alcohol (2019 est.)"
      },
      "spirits": {
        "text": "4.62 liters of pure alcohol (2019 est.)"
      },
      "other alcohols": {
        "text": "0.25 liters of pure alcohol (2019 est.)"
      }
    },
    "Tobacco use": {
      "total": {
        "text": "20.5% (2025 est.)"
      },
      "male": {
        "text": "34.2% (2025 est.)"
      },
      "female": {
        "text": "5.2% (2025 est.)"
      }
    },
    "Currently married women (ages 15-49)": {
      "text": "45% (2023 est.)"
    },
    "Education expenditure": {
      "Education expenditure (% GDP)": {
        "text": "4.5% of GDP (2023 est.)"
      },
      "Education expenditure (% national budget)": {
        "text": "13.1% national budget (2024 est.)"
      }
    },
    "Literacy": {
      "total population": {
        "text": "95.9%"
      },
      "male": {
        "text": "95.4%"
      },
      "female": {
        "text": "96.4% (2018)"
      }
    },
    "School life expectancy (primary to tertiary education)": {
      "total": {
        "text": "15 years"
      },
      "male": {
        "text": "13 years"
      },
      "female": {
        "text": "16 years (2021)"
      }
    }
  },
  "Environment": {
    "Environment - current issues": {
      "text": "limited freshwater resources; water pollution; biodiversity"
    },
    "Environment - international agreements": {
      "party to": {
        "text": "Biodiversity, Climate Change, Climate Change-Kyoto Protocol, Climate Change-Paris Agreement, Comprehensive Nuclear Test Ban, Desertification, Endangered Species, Hazardous Wastes, Law of the Sea, Marine Dumping-London Convention, Nuclear Test Ban, Ozone Layer Protection, Ship Pollution, Wetlands"
      },
      "signed, but not ratified": {
        "text": "none of the selected agreements"
      }
    },
    "Climate": {
      "text": "tropical marine; humid; cooler season during southeast monsoon (late May to September); warmer season during northwest monsoon (March to May)"
    },
    "Land use": {
      "agricultural land": {
        "text": "3.4% (2022 est.)"
      },
      "agricultural land: arable land": {
        "text": "arable land: 0.3% (2022 est.)"
      },
      "agricultural land: permanent crops": {
        "text": "permanent crops: 3% (2022 est.)"
      },
      "agricultural land: permanent pasture": {
        "text": "permanent pasture: 0% (2022 est.)"
      },
      "forest": {
        "text": "73.3% (2022 est.)"
      },
      "other": {
        "text": "23.4% (2022 est.)"
      }
    },
    "Urbanization": {
      "urban population": {
        "text": "58.8% of total population (2023)"
      },
      "rate of urbanization": {
        "text": "0.99% annual rate of change (2020-25 est.)"
      }
    },
    "Air pollutants": {
      "particulate matter emissions": {
        "text": "16.96 micrograms per cubic meter (2019 est.)"
      },
      "carbon dioxide emissions": {
        "text": "0.61 megatons (2016 est.)"
      },
      "methane emissions": {
        "text": "0.1 megatons (2020 est.)"
      }
    },
    "Waste and recycling": {
      "municipal solid waste generated annually": {
        "text": "48,000 tons (2012 est.)"
      }
    },
    "Total water withdrawal": {
      "municipal": {
        "text": "10 million cubic meters (2020 est.)"
      },
      "industrial": {
        "text": "3.8 million cubic meters (2017 est.)"
      },
      "agricultural": {
        "text": "900,000 cubic meters (2017 est.)"
      }
    },
    "Total renewable water resources": {
      "text": "0 cubic meters (2017 est.)"
    }
  },
  "Government": {
    "Country name": {
      "conventional long form": {
        "text": "Republic of Seychelles"
      },
      "conventional short form": {
        "text": "Seychelles"
      },
      "local long form": {
        "text": "Republic of Seychelles"
      },
      "local short form": {
        "text": "Seychelles"
      },
      "etymology": {
        "text": "named by French Captain Corneille Nicholas MORPHEY after Jean Moreau de S&Eacute;CHELLES, the finance minister of France, in 1756; the British changed the spelling of the name in 1815 when they acquired the islands"
      }
    },
    "Government type": {
      "text": "presidential republic"
    },
    "Capital": {
      "name": {
        "text": "Victoria"
      },
      "geographic coordinates": {
        "text": "4 37 S, 55 27 E"
      },
      "time difference": {
        "text": "UTC+4 (9 hours ahead of Washington, DC, during Standard Time)"
      },
      "etymology": {
        "text": "the British named the town Port Victoria in 1841 after Queen VICTORIA; the name was later shortened"
      }
    },
    "Administrative divisions": {
      "text": "27 administrative districts; Anse aux Pins, Anse Boileau, Anse Etoile, Anse Royale, Au Cap, Baie Lazare, Baie Sainte Anne, Beau Vallon, Bel Air, Bel Ombre, Cascade, Glacis, Grand Anse Mahe, Grand Anse Praslin, Ile Pers&eacute;v&eacute;rance I, Ile Pers&eacute;v&eacute;rance II, La Digue, La Rivi&egrave;re Anglaise, Les Mamelles, Mont Buxton, Mont Fleuri, Plaisance, Pointe Larue, Port Glaud, Roche Caiman, Saint Louis, Takamaka"
    },
    "Legal system": {
      "text": "mixed system of English common law, French civil law, and customary law"
    },
    "Constitution": {
      "history": {
        "text": "previous 1970, 1979; latest drafted May 1993, approved by referendum 18 June 1993, effective 23 June 1993"
      },
      "amendment process": {
        "text": "proposed by the National Assembly; passage requires at least two-thirds majority vote by the National Assembly; passage of amendments affecting the country&rsquo;s sovereignty, symbols and languages, the supremacy of the constitution, fundamental rights and freedoms, amendment procedures, and dissolution of the Assembly also requires approval by at least 60% of voters in a referendum"
      }
    },
    "International law organization participation": {
      "text": "has not submitted an ICJ jurisdiction declaration; accepts ICCt jurisdiction"
    },
    "Citizenship": {
      "citizenship by birth": {
        "text": "no"
      },
      "citizenship by descent only": {
        "text": "at least one parent must be a citizen of the Seychelles"
      },
      "dual citizenship recognized": {
        "text": "no"
      },
      "residency requirement for naturalization": {
        "text": "5 years"
      }
    },
    "Suffrage": {
      "text": "18 years of age; universal"
    },
    "Executive branch": {
      "chief of state": {
        "text": "President Wavel RAMKALAWAN (since 26 October 2020)"
      },
      "head of government": {
        "text": "President Wavel RAMKALAWAN (since 26 October 2020)"
      },
      "cabinet": {
        "text": "Council of Ministers appointed by the president"
      },
      "elections/appointments": {
        "text": "president directly elected by absolute-majority popular vote in 2 rounds, if needed, for a 5-year term (eligible for a second term)"
      },
      "most recent election date": {
        "text": "22-24 October 2020"
      },
      "election results": {
        "text": "<br><em>2020</em>: Wavel RAMKALAWAN elected president; Wavel RAMKALAWAN (LDS) 54.9%, Danny FAURE (US) 43.5%, other 1.6%<br><br><em>2015</em>:  President James Alix MICHEL reelected president in second round; percent of vote in first round - James Alix MICHEL (PL) 47.8%, Wavel RAMKALAWAN (SNP) 35.3%, other 16.9%; percent of vote in second round - James Alix MICHEL 50.2%, Wavel RAMKALAWAN 49.8%"
      },
      "expected date of next election": {
        "text": "2025"
      },
      "note": "<strong>note: </strong>the president is both chief of state and head of government"
    },
    "Legislative branch": {
      "legislature name": {
        "text": "National Assembly"
      },
      "legislative structure": {
        "text": "unicameral"
      },
      "number of seats": {
        "text": "35 (all directly elected)"
      },
      "electoral system": {
        "text": "mixed system"
      },
      "scope of elections": {
        "text": "full renewal"
      },
      "term in office": {
        "text": "5 years"
      },
      "most recent election date": {
        "text": "10/22/2020 to 10/24/2020"
      },
      "parties elected and seats per party": {
        "text": "Seychelles Democratic Alliance (Linyon Demokratik Seselwa, LDS) (25); United Seychelles (US) (10)"
      },
      "percentage of women in chamber": {
        "text": "28.6%"
      },
      "expected date of next election": {
        "text": "September 2025"
      }
    },
    "Judicial branch": {
      "highest court(s)": {
        "text": "Seychelles Court of Appeal (consists of the court president and 4 justices); Supreme Court of Seychelles (consists of the chief justice and 9 puisne judges); Constitutional Court (consists of 3 Supreme Court judges)"
      },
      "judge selection and term of office": {
        "text": "all judges appointed by the president of the republic upon the recommendation of the Constitutional Appointments Authority, a 3-member body, with 1 member appointed by the president of the republic, 1 by the opposition leader in the National Assembly, and 1 by the other 2 appointees; judges serve until retirement at age 70"
      },
      "subordinate courts": {
        "text": "Magistrates' Courts of Seychelles; Family Tribunal for issues such as domestic violence, child custody, and maintenance; Employment Tribunal for labor-related disputes"
      }
    },
    "Political parties": {
      "text": "Seychelles Party for Social Justice and Democracy or SPSJD<br>Seychellois Democratic Alliance or LDS (Linyon Demokratik Seselwa/Union Démocratique Seychelloise)<br>Seychelles National Party or SNP<br>United Seychelles or US"
    },
    "Diplomatic representation in the US": {
      "chief of mission": {
        "text": "Ambassador Ian Dereck Joseph MADELEINE (since 1 December 2021); note - also Permanent Representative to the UN"
      },
      "chancery": {
        "text": "685 Third Avenue, Suite 1107, 11th Floor, New York, NY 10017"
      },
      "telephone": {
        "text": "[1] (212) 972-1785"
      },
      "FAX": {
        "text": "[1] (212) 972-1786"
      },
      "email address and website": {
        "text": "seychellesmission@sycun.org<br><br>Foreign Affairs Department Republic of Seychelles » United States of America (mfa.gov.sc)"
      }
    },
    "Diplomatic representation from the US": {
      "chief of mission": {
        "text": "Ambassador Henry V. JARDINE (since 22 February 2023) and Charg&eacute; d&rsquo;Affaires Adham LOUTFI (since 6 October 2023); note - Ambassador JARDINE is posted in Mauritius and is accredited to Seychelles, and Charg&eacute; d&rsquo;Affaires LOUTFI is posted in Victoria, Seychelles"
      },
      "embassy": {
        "text": "2nd Floor, Oliaji Trade Center, Victoria Mahe, Seychelles; note - US Embassy in Seychelles reopened on 1 June 2023 after having been closed in 1996"
      },
      "telephone": {
        "text": "[248] 422 5256"
      }
    },
    "International organization participation": {
      "text": "ACP, AfDB, AOSIS, AU, C, CD, COMESA, EITI (candidate country), FAO, G-77, IAEA, IBRD, ICAO, ICC (NGOs), ICCt, ICRM, IDA, IFAD, IFC, IFRCS, ILO, IMF, IMO, InOC, Interpol, IOC, IOM, IPU, ISO (correspondent), ITU, MIGA, NAM, OIF, OPCW, SADC, UN, UNCTAD, UNESCO, UNIDO, UNWTO, UPU, WCO, WHO, WIPO, WMO, WTO"
    },
    "Independence": {
      "text": "29 June 1976 (from the UK)"
    },
    "National holiday": {
      "text": "Constitution Day, 18 June (1993); Independence Day (National Day), 29 June (1976)"
    },
    "Flag description": {
      "text": "five oblique bands of blue (hoist side), yellow, red, white, and green (bottom), radiating from the bottom of the hoist side; the bands symbolize a dynamic new country moving into the future; blue stands for the sky and sea, yellow for the sun giving light and life, red for the people's determination to work for the future in unity and love, white for social justice and harmony, and green for the land and natural environment"
    },
    "National symbol(s)": {
      "text": "coco de mer (sea coconut)"
    },
    "National color(s)": {
      "text": "blue, yellow, red, white, green"
    },
    "National anthem": {
      "name": {
        "text": "\"Koste Seselwa\" (Seychellois Unite)"
      },
      "lyrics/music": {
        "text": "David Francois Marc ANDRE and George Charles Robert PAYET"
      },
      "note": "<strong>note:</strong> adopted 1996"
    },
    "National heritage": {
      "total World Heritage Sites": {
        "text": "2 (both natural)"
      },
      "selected World Heritage Site locales": {
        "text": "Aldabra Atoll; Vallée de Mai Nature Reserve"
      }
    }
  },
  "Economy": {
    "Economic overview": {
      "text": "high-income Indian Ocean island economy; rapidly growing tourism sector; major tuna exporter; offshore financial hub; environmentally fragile and investing in ocean rise mitigation; recently discovered offshore oil potential; successful anticorruption efforts"
    },
    "Real GDP (purchasing power parity)": {
      "Real GDP (purchasing power parity) 2023": {
        "text": "$3.53 billion (2023 est.)"
      },
      "Real GDP (purchasing power parity) 2022": {
        "text": "$3.421 billion (2022 est.)"
      },
      "Real GDP (purchasing power parity) 2021": {
        "text": "$2.976 billion (2021 est.)"
      },
      "note": "<b>note:</b> data in 2021 dollars"
    },
    "Real GDP growth rate": {
      "Real GDP growth rate 2023": {
        "text": "3.16% (2023 est.)"
      },
      "Real GDP growth rate 2022": {
        "text": "14.98% (2022 est.)"
      },
      "Real GDP growth rate 2021": {
        "text": "0.55% (2021 est.)"
      },
      "note": "<b>note:</b> annual GDP % growth based on constant local currency"
    },
    "Real GDP per capita": {
      "Real GDP per capita 2023": {
        "text": "$29,500 (2023 est.)"
      },
      "Real GDP per capita 2022": {
        "text": "$28,500 (2022 est.)"
      },
      "Real GDP per capita 2021": {
        "text": "$30,000 (2021 est.)"
      },
      "note": "<b>note:</b> data in 2021 dollars"
    },
    "GDP (official exchange rate)": {
      "text": "$2.141 billion (2023 est.)",
      "note": "<b>note:</b> data in current dollars at official exchange rate"
    },
    "Inflation rate (consumer prices)": {
      "Inflation rate (consumer prices) 2024": {
        "text": "0.3% (2024 est.)"
      },
      "Inflation rate (consumer prices) 2023": {
        "text": "-1% (2023 est.)"
      },
      "Inflation rate (consumer prices) 2022": {
        "text": "2.6% (2022 est.)"
      },
      "note": "<b>note:</b> annual % change based on consumer prices"
    },
    "GDP - composition, by sector of origin": {
      "agriculture": {
        "text": "2.8% (2023 est.)"
      },
      "industry": {
        "text": "12% (2023 est.)"
      },
      "services": {
        "text": "68% (2023 est.)"
      },
      "note": "<b>note:</b> figures may not total 100% due to non-allocated consumption not captured in sector-reported data"
    },
    "GDP - composition, by end use": {
      "household consumption": {
        "text": "73.8% (2023 est.)"
      },
      "government consumption": {
        "text": "21.3% (2023 est.)"
      },
      "investment in fixed capital": {
        "text": "16.1% (2023 est.)"
      },
      "investment in inventories": {
        "text": "0% (2023 est.)"
      },
      "exports of goods and services": {
        "text": "85.9% (2023 est.)"
      },
      "imports of goods and services": {
        "text": "-97.1% (2023 est.)"
      },
      "note": "<strong>note:</strong> figures may not total 100% due to rounding or gaps in data collection"
    },
    "Agricultural products": {
      "text": "coconuts, vegetables, bananas, eggs, chicken, pork, fruits, tomatoes, tropical fruits, cassava (2023)",
      "note": "<b>note:</b> top ten agricultural products based on tonnage"
    },
    "Industries": {
      "text": "fishing, tourism, beverages"
    },
    "Industrial production growth rate": {
      "text": "2.13% (2023 est.)",
      "note": "<b>note:</b> annual % change in industrial value added based on constant local currency"
    },
    "Labor force": {
      "text": "51,000 (2018 est.)"
    },
    "Unemployment rate": {
      "Unemployment rate 2017": {
        "text": "3% (2017 est.)"
      },
      "Unemployment rate 2016": {
        "text": "2.7% (2016 est.)"
      }
    },
    "Youth unemployment rate (ages 15-24)": {
      "total": {
        "text": "16.5% (2020 est.)"
      },
      "male": {
        "text": "17.5%"
      },
      "female": {
        "text": "15.6%"
      }
    },
    "Population below poverty line": {
      "text": "25.3% (2018 est.)",
      "note": "<b>note:</b> % of population with income below national poverty line"
    },
    "Gini Index coefficient - distribution of family income": {
      "Gini Index coefficient - distribution of family income 2018": {
        "text": "32.1 (2018 est.)"
      },
      "note": "<b>note:</b> index (0-100) of income distribution; higher values represent greater inequality"
    },
    "Household income or consumption by percentage share": {
      "lowest 10%": {
        "text": "2.6% (2018 est.)"
      },
      "highest 10%": {
        "text": "23.9% (2018 est.)"
      },
      "note": "<b>note:</b> % share of income accruing to lowest and highest 10% of population"
    },
    "Remittances": {
      "Remittances 2023": {
        "text": "0.53% of GDP (2023 est.)"
      },
      "Remittances 2022": {
        "text": "0.53% of GDP (2022 est.)"
      },
      "Remittances 2021": {
        "text": "0.64% of GDP (2021 est.)"
      },
      "note": "<b>note:</b> personal transfers and compensation between resident and non-resident individuals/households/entities"
    },
    "Budget": {
      "revenues": {
        "text": "$431.07 million (2020 est.)"
      },
      "expenditures": {
        "text": "$611.548 million (2020 est.)"
      },
      "note": "<b>note:</b> central government revenues (excluding grants) and expenses converted to US dollars at average official exchange rate for year indicated"
    },
    "Public debt": {
      "Public debt 2017": {
        "text": "63.6% of GDP (2017 est.)"
      },
      "note": "<b>note:</b> central government debt as a % of GDP"
    },
    "Taxes and other revenues": {
      "text": "26.18% (of GDP) (2020 est.)",
      "note": "<b>note:</b> central government tax revenue as a % of GDP"
    },
    "Current account balance": {
      "Current account balance 2023": {
        "text": "-$155.194 million (2023 est.)"
      },
      "Current account balance 2022": {
        "text": "-$141.648 million (2022 est.)"
      },
      "Current account balance 2021": {
        "text": "-$160.168 million (2021 est.)"
      },
      "note": "<b>note:</b> balance of payments - net trade and primary/secondary income in current dollars"
    },
    "Exports": {
      "Exports 2023": {
        "text": "$2.375 billion (2023 est.)"
      },
      "Exports 2022": {
        "text": "$2.247 billion (2022 est.)"
      },
      "Exports 2021": {
        "text": "$1.751 billion (2021 est.)"
      },
      "note": "<b>note:</b> balance of payments - exports of goods and services in current dollars"
    },
    "Exports - partners": {
      "text": "France 20%, Mauritius 12%, UK 9%, Japan 8%, Italy 8% (2023)",
      "note": "<b>note:</b> top five export partners based on percentage share of exports"
    },
    "Exports - commodities": {
      "text": "fish, scrap iron, animal meal, broadcasting equipment, ships (2023)",
      "note": "<b>note:</b> top five export commodities based on value in dollars"
    },
    "Imports": {
      "Imports 2023": {
        "text": "$2.437 billion (2023 est.)"
      },
      "Imports 2022": {
        "text": "$2.298 billion (2022 est.)"
      },
      "Imports 2021": {
        "text": "$1.821 billion (2021 est.)"
      },
      "note": "<b>note:</b> balance of payments - imports of goods and services in current dollars"
    },
    "Imports - partners": {
      "text": "UAE 32%, Spain 10%, France 6%, South Africa 6%, India 6% (2023)",
      "note": "<b>note:</b> top five import partners based on percentage share of imports"
    },
    "Imports - commodities": {
      "text": "refined petroleum, fish, ships, cars, plastic products (2023)",
      "note": "<b>note:</b> top five import commodities based on value in dollars"
    },
    "Reserves of foreign exchange and gold": {
      "Reserves of foreign exchange and gold 2024": {
        "text": "$773.678 million (2024 est.)"
      },
      "Reserves of foreign exchange and gold 2023": {
        "text": "$682.794 million (2023 est.)"
      },
      "Reserves of foreign exchange and gold 2022": {
        "text": "$638.961 million (2022 est.)"
      },
      "note": "<b>note:</b> holdings of gold (year-end prices)/foreign exchange/special drawing rights in current dollars"
    },
    "Exchange rates": {
      "Currency": {
        "text": "Seychelles rupees (SCR) per US dollar -"
      },
      "Exchange rates 2024": {
        "text": "14.53 (2024 est.)"
      },
      "Exchange rates 2023": {
        "text": "14.018 (2023 est.)"
      },
      "Exchange rates 2022": {
        "text": "14.273 (2022 est.)"
      },
      "Exchange rates 2021": {
        "text": "16.921 (2021 est.)"
      },
      "Exchange rates 2020": {
        "text": "17.617 (2020 est.)"
      }
    }
  },
  "Energy": {
    "Electricity access": {
      "electrification - total population": {
        "text": "100% (2022 est.)"
      }
    },
    "Electricity": {
      "installed generating capacity": {
        "text": "156,000 kW (2023 est.)"
      },
      "consumption": {
        "text": "581.227 million kWh (2023 est.)"
      },
      "transmission/distribution losses": {
        "text": "44.034 million kWh (2023 est.)"
      }
    },
    "Electricity generation sources": {
      "fossil fuels": {
        "text": "86.4% of total installed capacity (2023 est.)"
      },
      "solar": {
        "text": "12.7% of total installed capacity (2023 est.)"
      },
      "wind": {
        "text": "1% of total installed capacity (2023 est.)"
      }
    },
    "Coal": {
      "imports": {
        "text": "500 metric tons (2023 est.)"
      }
    },
    "Petroleum": {
      "refined petroleum consumption": {
        "text": "6,000 bbl/day (2023 est.)"
      }
    },
    "Carbon dioxide emissions": {
      "total emissions": {
        "text": "893,000 metric tonnes of CO2 (2023 est.)"
      },
      "from coal and metallurgical coke": {
        "text": "92 metric tonnes of CO2 (2023 est.)"
      },
      "from petroleum and other liquids": {
        "text": "893,000 metric tonnes of CO2 (2023 est.)"
      }
    },
    "Energy consumption per capita": {
      "Total energy consumption per capita 2023": {
        "text": "98.847 million Btu/person (2023 est.)"
      }
    }
  },
  "Communications": {
    "Telephones - fixed lines": {
      "total subscriptions": {
        "text": "18,000 (2023 est.)"
      },
      "subscriptions per 100 inhabitants": {
        "text": "14 (2023 est.)"
      }
    },
    "Telephones - mobile cellular": {
      "total subscriptions": {
        "text": "165,000 (2023 est.)"
      },
      "subscriptions per 100 inhabitants": {
        "text": "192 (2022 est.)"
      }
    },
    "Broadcast media": {
      "text": "state-run national broadcaster Seychelles Broadcasting Corporation (SBC) has the only terrestrial TV station, which also airs broadcasts from international services; privately owned Internet Protocol Television (IPTV) channel; multi-channel cable and satellite TV available through 2 providers; SBC operates 1 AM and 1 FM radio station; 2 privately operated radio stations; transmissions of 2 international broadcasters available in Victoria (2019)"
    },
    "Internet country code": {
      "text": ".sc"
    },
    "Internet users": {
      "percent of population": {
        "text": "87% (2023 est.)"
      }
    },
    "Broadband - fixed subscriptions": {
      "total": {
        "text": "39,000 (2023 est.)"
      },
      "subscriptions per 100 inhabitants": {
        "text": "31 (2023 est.)"
      }
    }
  },
  "Transportation": {
    "Civil aircraft registration country code prefix": {
      "text": "S7"
    },
    "Airports": {
      "text": "16 (2025)"
    },
    "Heliports": {
      "text": "6 (2025)"
    },
    "Merchant marine": {
      "total": {
        "text": "30 (2023)"
      },
      "by type": {
        "text": "general cargo 6, oil tanker 6, other 18"
      }
    },
    "Ports": {
      "total ports": {
        "text": "1 (2024)"
      },
      "large": {
        "text": "0"
      },
      "medium": {
        "text": "0"
      },
      "small": {
        "text": "0"
      },
      "very small": {
        "text": "1"
      },
      "ports with oil terminals": {
        "text": "1"
      },
      "key ports": {
        "text": "Victoria"
      }
    }
  },
  "Military and Security": {
    "Military and security forces": {
      "text": "Seychelles People's Defense Forces (SPDF; aka Seychelles Defense Forces, SDF): Army (includes infantry, special forces, and a presidential security unit), Coast Guard, and Air Force<br><br>Ministry of Internal Affairs: Seychelles Police Force (2025)",
      "note": "<br>  "
    },
    "Military expenditures": {
      "Military Expenditures 2024": {
        "text": "1.5% of GDP (2024 est.)"
      },
      "Military Expenditures 2023": {
        "text": "1.6% of GDP (2023 est.)"
      },
      "Military Expenditures 2022": {
        "text": "1.4% of GDP (2022 est.)"
      },
      "Military Expenditures 2021": {
        "text": "1.5% of GDP (2021 est.)"
      },
      "Military Expenditures 2020": {
        "text": "1.6% of GDP (2020 est.)"
      }
    },
    "Military and security service personnel strengths": {
      "text": "approximately 500 active Defense Forces (2025)"
    },
    "Military equipment inventories and acquisitions": {
      "text": "the SDF's inventory primarily consists of Soviet-era equipment delivered in the 1970s and 1980s; in recent years, the SDF has received limited amounts of more modern equipment, mostly donations of patrol boats and aircraft, from several suppliers, including Bahrain, China, India, and the UAE (2024)"
    },
    "Military service age and obligation": {
      "text": "18-28 (18-25 for officers) years of age for voluntary military service for men and women; 6-year initial commitment; no conscription (2023)"
    },
    "Military - note": {
      "text": "formed in 1977, the SDF is one of the World's smallest militaries; its primary responsibility is maritime security, including countering illegal fishing, piracy, and drug smuggling; it was given police powers in 2022; the Seychelles has close security ties with India (2024)"
    }
  },
  "Transnational Issues": {
  }
}