{
  "Introduction": {
    "Background": {
      "text": "<p>Long referred to as Nubia, modern-day Sudan was the site of the Kingdom of Kerma (ca. 2500-1500 B.C.) until it was absorbed into the New Kingdom of Egypt. By the 11th century B.C., the Kingdom of Kush gained independence from Egypt; it lasted in various forms until the middle of the 4th century A.D. After the fall of Kush, the Nubians formed three Christian kingdoms of Nobatia, Makuria, and Alodia, with the latter two enduring until around 1500. Between the 14th and 15th centuries, Arab nomads settled much of Sudan, leading to extensive Islamization between the 16th and 19th centuries. Following Egyptian occupation early in the 19th century, an agreement in 1899 set up a joint British-Egyptian government in Sudan, but it was effectively a British colony. <br><br>Military regimes favoring Islamic-oriented governments have dominated national politics since Sudan gained independence from Anglo-Egyptian co-rule in 1956. During most of the second half of the 20th century, Sudan was embroiled in two prolonged civil wars rooted in northern domination of the largely non-Muslim, non-Arab southern portion of the country. The first civil war ended in 1972, but another broke out in 1983. Peace talks gained momentum in 2002-04, and the final North/South Comprehensive Peace Agreement in 2005 granted the southern rebels autonomy for six years, followed by a referendum on independence for Southern Sudan. South Sudan became independent in 2011, but Sudan and South Sudan have yet to fully implement security and economic agreements to normalize relations between the two countries. Sudan has also faced conflict in Darfur, Southern Kordofan, and Blue Nile starting in 2003.<br><br>In 2019, after months of nationwide protests, the 30-year reign of President Omar Hassan Ahmad al-BASHIR ended when the military forced him out. Economist and former international civil servant Abdalla HAMDOUK al-Kinani was selected to serve as the prime minister of a transitional government as the country prepared for elections in 2022. In late 2021, however, the Sudanese military ousted HAMDOUK and his government and replaced civilian members of the Sovereign Council (Sudan’s collective Head of State) with individuals selected by the military. HAMDOUK was briefly reinstated but resigned in January 2022. General Abd-al-Fatah al-BURHAN Abd-al-Rahman, the Chair of Sudan’s Sovereign Council and Commander-in-Chief of the Sudanese Armed Forces, currently serves as de facto head of state and government. He presides over a Sovereign Council consisting of military leaders, former armed opposition group representatives, and military-appointed civilians. A cabinet of acting ministers handles day-to-day administration. </p>"
    }
  },
  "Geography": {
    "Location": {
      "text": "north-eastern Africa, bordering the Red Sea, between Egypt and Eritrea"
    },
    "Geographic coordinates": {
      "text": "15 00 N, 30 00 E"
    },
    "Map references": {
      "text": "Africa"
    },
    "Area": {
      "total ": {
        "text": "1,861,484 sq km"
      },
      "land": {
        "text": "1,731,671 sq km"
      },
      "water": {
        "text": "129,813 sq km"
      }
    },
    "Area - comparative": {
      "text": "slightly less than one-fifth the size of the US"
    },
    "Land boundaries": {
      "total": {
        "text": "6,819 km"
      },
      "border countries": {
        "text": "Central African Republic 174 km; Chad 1,403 km; Egypt 1,276 km; Eritrea 682 km; Ethiopia 744 km; Libya 382 km; South Sudan 2,158 km"
      },
      "note": "<strong>note:</strong> Sudan-South Sudan boundary represents 1 January 1956 alignment; final alignment pending negotiations and demarcation; final sovereignty status of Abyei region pending negotiations between Sudan and South Sudan"
    },
    "Coastline": {
      "text": "853 km"
    },
    "Maritime claims": {
      "territorial sea": {
        "text": "12 nm"
      },
      "contiguous zone": {
        "text": "18 nm"
      },
      "continental shelf": {
        "text": "200-m depth or to the depth of exploitation"
      }
    },
    "Climate": {
      "text": "hot and dry; arid desert; rainy season varies by region (April to November)"
    },
    "Terrain": {
      "text": "generally flat, featureless plain; desert dominates the north"
    },
    "Elevation": {
      "highest point": {
        "text": "Jabal Marrah 3,042 m"
      },
      "lowest point": {
        "text": "Red Sea 0 m"
      },
      "mean elevation": {
        "text": "568 m"
      }
    },
    "Natural resources": {
      "text": "petroleum; small reserves of iron ore, copper, chromium ore, zinc, tungsten, mica, silver, gold; hydropower"
    },
    "Land use": {
      "agricultural land": {
        "text": "60.3% (2022 est.)"
      },
      "agricultural land: arable land": {
        "text": "arable land: 11.2% (2022 est.)"
      },
      "agricultural land: permanent crops": {
        "text": "permanent crops: 0.1% (2022 est.)"
      },
      "agricultural land: permanent pasture": {
        "text": "permanent pasture: 49% (2022 est.)"
      },
      "forest": {
        "text": "9.6% (2022 est.)"
      },
      "other": {
        "text": "30% (2022 est.)"
      }
    },
    "Irrigated land": {
      "text": "15,504 sq km (2019)"
    },
    "Major rivers (by length in km)": {
      "text": "<p>An Nīl (Nile) (shared with Rwanda [s], Tanzania, Uganda, South Sudan, and Egypt [m]) - 6,650 km; Blue Nile river mouth (shared with Ethiopia [s]) - 1,600 km<br><br><strong>note:</strong> [s] after country name indicates river source; [m] after country name indicates river mouth</p>"
    },
    "Major watersheds (area sq km)": {
      "text": "Atlantic Ocean drainage: <em>(Mediterranean Sea)</em> Nile (3,254,853 sq km)<br>Internal <em>(endorheic basin) </em>drainage: Lake Chad (2,497,738 sq km)"
    },
    "Major aquifers": {
      "text": "Nubian Aquifer System, Sudd Basin (Umm Ruwaba Aquifer)"
    },
    "Population distribution": {
      "text": "with the exception of a ribbon of settlement that corresponds to the banks of the Nile, northern Sudan is sparsely populated; sizeable areas of population are found around Khartoum, southeast between the Blue and White Nile Rivers, and throughout South Darfur, as shown on this population distribution map"
    },
    "Natural hazards": {
      "text": "dust storms and periodic persistent droughts"
    },
    "Geography - note": {
      "text": "the Nile is Sudan's primary water source; its major tributaries, the White Nile and the Blue Nile, meet at Khartoum to form the River Nile, which flows northward through Egypt to the Mediterranean Sea"
    }
  },
  "People and Society": {
    "Population": {
      "total": {
        "text": "50,467,278 (2024 est.)"
      },
      "male": {
        "text": "25,335,092"
      },
      "female": {
        "text": "25,132,186"
      }
    },
    "Nationality": {
      "noun": {
        "text": "Sudanese (singular and plural)"
      },
      "adjective": {
        "text": "Sudanese"
      }
    },
    "Ethnic groups": {
      "text": "Sudanese Arab (approximately 70%), Fur, Beja, Nuba, Ingessana, Uduk, Fallata, Masalit, Dajo, Gimir, Tunjur, Berti; there are over 500 ethnic groups"
    },
    "Languages": {
      "Languages": {
        "text": "Arabic (official), English (official), Nubian, Ta Bedawie, Fur"
      },
      "major-language sample(s)": {
        "text": "<br>كتاب حقائق العالم، المصدر الذي لا يمكن الاستغناء عنه للمعلومات الأساسية (Arabic)<br><br>The World Factbook, the indispensable source for basic information. (English)"
      }
    },
    "Religions": {
      "text": "Sunni Muslim, small Christian minority"
    },
    "Age structure": {
      "0-14 years": {
        "text": "40.1% (male 10,278,453/female 9,949,343)"
      },
      "15-64 years": {
        "text": "56.7% (male 14,211,514/female 14,390,486)"
      },
      "65 years and over": {
        "text": "3.2% (2024 est.) (male 845,125/female 792,357)"
      }
    },
    "Dependency ratios": {
      "total dependency ratio": {
        "text": "76.4 (2024 est.)"
      },
      "youth dependency ratio": {
        "text": "70.7 (2024 est.)"
      },
      "elderly dependency ratio": {
        "text": "5.7 (2024 est.)"
      },
      "potential support ratio": {
        "text": "17.5 (2024 est.)"
      }
    },
    "Median age": {
      "total": {
        "text": "19.3 years (2024 est.)"
      },
      "male": {
        "text": "19 years"
      },
      "female": {
        "text": "19.6 years"
      }
    },
    "Population growth rate": {
      "text": "2.55% (2024 est.)"
    },
    "Birth rate": {
      "text": "33.1 births/1,000 population (2024 est.)"
    },
    "Death rate": {
      "text": "6.1 deaths/1,000 population (2024 est.)"
    },
    "Net migration rate": {
      "text": "-1.6 migrant(s)/1,000 population (2024 est.)"
    },
    "Population distribution": {
      "text": "with the exception of a ribbon of settlement that corresponds to the banks of the Nile, northern Sudan is sparsely populated; sizeable areas of population are found around Khartoum, southeast between the Blue and White Nile Rivers, and throughout South Darfur, as shown on this population distribution map"
    },
    "Urbanization": {
      "urban population": {
        "text": "36.3% of total population (2023)"
      },
      "rate of urbanization": {
        "text": "3.43% annual rate of change (2020-25 est.)"
      }
    },
    "Major urban areas - population": {
      "text": "6.344 million KHARTOUM (capital), 1.057 million Nyala (2023)"
    },
    "Sex ratio": {
      "at birth": {
        "text": "1.05 male(s)/female"
      },
      "0-14 years": {
        "text": "1.03 male(s)/female"
      },
      "15-64 years": {
        "text": "0.99 male(s)/female"
      },
      "65 years and over": {
        "text": "1.07 male(s)/female"
      },
      "total population": {
        "text": "1.01 male(s)/female (2024 est.)"
      }
    },
    "Maternal mortality ratio": {
      "text": "270 deaths/100,000 live births (2020 est.)"
    },
    "Infant mortality rate": {
      "total": {
        "text": "40.6 deaths/1,000 live births (2024 est.)"
      },
      "male": {
        "text": "46 deaths/1,000 live births"
      },
      "female": {
        "text": "34.8 deaths/1,000 live births"
      }
    },
    "Life expectancy at birth": {
      "total population": {
        "text": "67.8 years (2024 est.)"
      },
      "male": {
        "text": "65.5 years"
      },
      "female": {
        "text": "70.2 years"
      }
    },
    "Total fertility rate": {
      "text": "4.47 children born/woman (2024 est.)"
    },
    "Gross reproduction rate": {
      "text": "2.18 (2024 est.)"
    },
    "Contraceptive prevalence rate": {
      "text": "12.2% (2014)"
    },
    "Drinking water source": {
      "improved: urban": {
        "text": "urban: 99% of population"
      },
      "improved: rural": {
        "text": "rural: 80.7% of population"
      },
      "improved: total": {
        "text": "total: 87.1% of population"
      },
      "unimproved: urban": {
        "text": "urban: 1% of population"
      },
      "unimproved: rural": {
        "text": "rural: 19.3% of population"
      },
      "unimproved: total": {
        "text": "total: 12.9% of population (2020 est.)"
      }
    },
    "Health expenditure": {
      "Health expenditure (as % of GDP)": {
        "text": "2.8% of GDP (2021)"
      },
      "Health expenditure (as % of national budget)": {
        "text": "6.7% of national budget (2022 est.)"
      }
    },
    "Physician density": {
      "text": "0.25 physicians/1,000 population (2017)"
    },
    "Hospital bed density": {
      "text": "0.7 beds/1,000 population (2020 est.)"
    },
    "Sanitation facility access": {
      "improved: urban": {
        "text": "urban: 72.1% of population"
      },
      "improved: rural": {
        "text": "rural: 30.6% of population"
      },
      "improved: total": {
        "text": "total: 45.3% of population"
      },
      "unimproved: urban": {
        "text": "urban: 27.9% of population"
      },
      "unimproved: rural": {
        "text": "rural: 69.4% of population"
      },
      "unimproved: total": {
        "text": "total: 54.7% of population (2020 est.)"
      }
    },
    "Obesity - adult prevalence rate": {
      "text": "6.6% (2014)"
    },
    "Alcohol consumption per capita": {
      "total": {
        "text": "1.93 liters of pure alcohol (2019 est.)"
      },
      "beer": {
        "text": "0 liters of pure alcohol (2019 est.)"
      },
      "wine": {
        "text": "0 liters of pure alcohol (2019 est.)"
      },
      "spirits": {
        "text": "0.29 liters of pure alcohol (2019 est.)"
      },
      "other alcohols": {
        "text": "1.63 liters of pure alcohol (2019 est.)"
      }
    },
    "Children under the age of 5 years underweight": {
      "text": "33% (2014)"
    },
    "Currently married women (ages 15-49)": {
      "text": "61.4% (2023 est.)"
    },
    "Literacy": {
      "total population": {
        "text": "60.7%"
      },
      "male": {
        "text": "65.4%"
      },
      "female": {
        "text": "56.1% (2018)"
      }
    },
    "School life expectancy (primary to tertiary education)": {
      "total": {
        "text": "8 years"
      },
      "male": {
        "text": "8 years"
      },
      "female": {
        "text": "7 years (2015)"
      }
    }
  },
  "Environment": {
    "Environment - current issues": {
      "text": "<p>water pollution; inadequate supplies of potable water; water scarcity and drought; overhunting; soil erosion; desertification; deforestation; loss of biodiversity</p> <p><strong> </strong></p>"
    },
    "Environment - international agreements": {
      "party to": {
        "text": "Biodiversity, Climate Change, Climate Change-Kyoto Protocol, Climate Change-Paris Agreement, Comprehensive Nuclear Test Ban, Desertification, Endangered Species, Hazardous Wastes, Law of the Sea, Nuclear Test Ban, Ozone Layer Protection, Wetlands"
      },
      "signed, but not ratified": {
        "text": "none of the selected agreements"
      }
    },
    "Climate": {
      "text": "hot and dry; arid desert; rainy season varies by region (April to November)"
    },
    "Land use": {
      "agricultural land": {
        "text": "60.3% (2022 est.)"
      },
      "agricultural land: arable land": {
        "text": "arable land: 11.2% (2022 est.)"
      },
      "agricultural land: permanent crops": {
        "text": "permanent crops: 0.1% (2022 est.)"
      },
      "agricultural land: permanent pasture": {
        "text": "permanent pasture: 49% (2022 est.)"
      },
      "forest": {
        "text": "9.6% (2022 est.)"
      },
      "other": {
        "text": "30% (2022 est.)"
      }
    },
    "Urbanization": {
      "urban population": {
        "text": "36.3% of total population (2023)"
      },
      "rate of urbanization": {
        "text": "3.43% annual rate of change (2020-25 est.)"
      }
    },
    "Air pollutants": {
      "particulate matter emissions": {
        "text": "21.43 micrograms per cubic meter (2019 est.)"
      },
      "carbon dioxide emissions": {
        "text": "20 megatons (2016 est.)"
      },
      "methane emissions": {
        "text": "75.1 megatons (2020 est.)"
      }
    },
    "Waste and recycling": {
      "municipal solid waste generated annually": {
        "text": "2,831,291 tons (2015 est.)"
      }
    },
    "Major rivers (by length in km)": {
      "text": "<p>An Nīl (Nile) (shared with Rwanda [s], Tanzania, Uganda, South Sudan, and Egypt [m]) - 6,650 km; Blue Nile river mouth (shared with Ethiopia [s]) - 1,600 km<br><br><strong>note:</strong> [s] after country name indicates river source; [m] after country name indicates river mouth</p>"
    },
    "Major watersheds (area sq km)": {
      "text": "Atlantic Ocean drainage: <em>(Mediterranean Sea)</em> Nile (3,254,853 sq km)<br>Internal <em>(endorheic basin) </em>drainage: Lake Chad (2,497,738 sq km)"
    },
    "Major aquifers": {
      "text": "Nubian Aquifer System, Sudd Basin (Umm Ruwaba Aquifer)"
    },
    "Total water withdrawal": {
      "municipal": {
        "text": "950 million cubic meters (2020 est.)"
      },
      "industrial": {
        "text": "80 million cubic meters (2020 est.)"
      },
      "agricultural": {
        "text": "25.91 billion cubic meters (2020 est.)"
      }
    },
    "Total renewable water resources": {
      "text": "37.8 billion cubic meters (2020 est.)"
    }
  },
  "Government": {
    "Country name": {
      "conventional long form": {
        "text": "Republic of the Sudan"
      },
      "conventional short form": {
        "text": "Sudan"
      },
      "local long form": {
        "text": "Jumhuriyat as-Sudan"
      },
      "local short form": {
        "text": "As-Sudan"
      },
      "former": {
        "text": "Anglo-Egyptian Sudan, Democratic Republic of the Sudan"
      },
      "etymology": {
        "text": "the name derives from the Arabic <em>balad-as-sudan</em>, meaning \"Land of the Black [peoples]\""
      }
    },
    "Government type": {
      "text": "presidential republic"
    },
    "Capital": {
      "name": {
        "text": "Khartoum"
      },
      "geographic coordinates": {
        "text": "15 36 N, 32 32 E"
      },
      "time difference": {
        "text": "UTC+3 (8 hours ahead of Washington, DC, during Standard Time)"
      },
      "etymology": {
        "text": "the name derives from the Arabic words <em>ras </em>(head or end) and <em>al-khurtum</em> (elephant's trunk), referring to the narrow strip of land between the Blue and White Niles where the city is located"
      }
    },
    "Administrative divisions": {
      "text": "18 states (<em>wilayat</em>, singular - <em>wilayah</em>); Blue Nile, Central Darfur, East Darfur, Gedaref, Gezira, Kassala, Khartoum, North Darfur, North Kordofan, Northern, Red Sea, River Nile, Sennar, South Darfur, South Kordofan, West Darfur, West Kordofan, White Nile",
      "note": "<strong>note: </strong>the peace agreement signed in 2020 included a provision to establish a system of governance to restructure the country's current 18 states into regions"
    },
    "Legal system": {
      "text": "mixed system of Islamic law and English common law"
    },
    "Constitution": {
      "history": {
        "text": "previous 1973, 1998, 2005 (interim constitution, which was suspended in April 2019); latest initial draft completed by Transitional Military Council in May 2019; revised draft known as the \"Draft Constitutional Charter for the 2019 Transitional Period,\" or &ldquo;2019 Constitutional Declaration&rdquo; was signed by the Council and opposition coalition on 4 August 2019"
      },
      "note": "<strong>note: </strong>amended 2020 to incorporate the Juba Agreement for Peace in Sudan; the military suspended several provisions of the Constitutional Declaration in October 2021"
    },
    "International law organization participation": {
      "text": "accepts compulsory ICJ jurisdiction with reservations; withdrew acceptance of ICCt jurisdiction in 2008"
    },
    "Citizenship": {
      "citizenship by birth": {
        "text": "no"
      },
      "citizenship by descent only": {
        "text": "the father must be a citizen of Sudan"
      },
      "dual citizenship recognized": {
        "text": "no"
      },
      "residency requirement for naturalization": {
        "text": "10 years"
      }
    },
    "Suffrage": {
      "text": "17 years of age; universal"
    },
    "Executive branch": {
      "chief of state": {
        "text": "Sovereign Council Chair and Commander-in-Chief of the Sudanese Armed Forces General Abd-al-Fattah al-BURHAN Abd-al-Rahman (since 11 November 2021)"
      },
      "head of government": {
        "text": "Sovereign Council Chair and Commander-in-Chief of the Sudanese Armed Forces General Abd-al-Fattah al-BURHAN Abd-al-Rahman (since 11 November 2021)"
      },
      "cabinet": {
        "text": "the military forced most members of the Council of Ministers out of office in 2021; a handful of ministers appointed by former armed opposition groups were allowed to retain their posts; at present, most of the members of the Council are appointed senior civil servants serving in an acting-minister capacity"
      },
      "elections/appointments": {
        "text": "military members of the Sovereign Council are selected by the leadership of the security forces; representatives of former armed groups to the Sovereign Council are selected by the signatories of the Juba Peace Agreement"
      },
      "election results": {
        "text": "NA"
      },
      "expected date of next election": {
        "text": "supposed to be held in 2022 or 2023, but the methodology for elections has still not been defined"
      },
      "note": "<strong>note 1:</strong> the 2019 Constitutional Declaration established a collective chief of state of the \"Sovereign Council,\" which was chaired by al-BURHAN; on 25 October 2021, al-BURHAN dissolved the Sovereign Council but reinstated it on 11 November 2021, replacing its civilian members (previously selected by the umbrella civilian coalition the Forces for Freedom and Change) with civilians of the military’s choosing, but then relieved the newly appointed civilian members of their duties on 6 July 2022<br><br><strong>note 2:</strong> Sovereign Council currently consists of 5 generals"
    },
    "Legislative branch": {
      "note": "<strong>note:</strong>  the Parliament of Sudan was dissolved after a coup in April 2019; the August 2019 Constitutional Declaration established Sudan's transitional government; a Transitional Legislative Council (TLC) was to have served as the national legislature during the transitional period until elections could be held, but the TLC has not been created"
    },
    "Judicial branch": {
      "highest court(s)": {
        "text": "National Supreme Court (consists of 70 judges organized into panels of 3 judges and includes 4 circuits that operate outside the capital); a Constitutional Court was required in the 2019 Constitutional Declaration, but it has yet to be implemented"
      },
      "judge selection and term of office": {
        "text": "National Supreme Court and Constitutional Court judges selected by the Supreme Judicial Council"
      },
      "subordinate courts": {
        "text": "Court of Appeal; other national courts; public courts; district, town, and rural courts"
      }
    },
    "Political parties": {
      "text": "<p>Democratic Unionist Party<br>Democratic Unionist Party or DUP<br>Federal Umma Party<br>Muslim Brotherhood or MB<br>National Congress Party or NCP<br>National Umma Party or NUP<br>Popular Congress Party or PCP<br>Reform Movement Now<br>Sudan National Front<br>Sudanese Communist Party or SCP<br>Sudanese Congress Party or SCoP<br>Umma Party for Reform and Development<br>Unionist Movement Party or UMP</p>",
      "note": "<strong>note:  </strong>in November 2019, the transitional government banned the National Congress Party"
    },
    "Diplomatic representation in the US": {
      "chief of mission": {
        "text": "Ambassador Mohamed Abdalla IDRIS&nbsp;(since 16 September 2022)"
      },
      "chancery": {
        "text": "2210 Massachusetts Avenue NW, Washington, DC 20008"
      },
      "telephone": {
        "text": "[1] (202) 338-8565"
      },
      "FAX": {
        "text": "[1] (202) 667-2406"
      },
      "email address and website": {
        "text": "<br>consular@sudanembassy.org<br><br>https://www.sudanembassy.org/"
      }
    },
    "Diplomatic representation from the US": {
      "chief of mission": {
        "text": "Ambassador (vacant); Charg&eacute; d'Affaires Colleen Crenwelge (since May 2024)"
      },
      "embassy": {
        "text": "P.O. Box 699, Kilo 10, Soba, Khartoum"
      },
      "mailing address": {
        "text": "2200 Khartoum Place, Washington DC&nbsp; 20521-2200"
      },
      "telephone": {
        "text": "[249] 187-0-22000"
      },
      "email address and website": {
        "text": "<br>ACSKhartoum@state.gov<br><br>https://sd.usembassy.gov/"
      },
      "note": "<strong>note:</strong>  the U.S. Embassy in Khartoum suspended operations (to include visa, passport, and other routine consular services) on 22 April 2023"
    },
    "International organization participation": {
      "text": "ABEDA, ACP, AfDB, AFESD, AMF, AU (suspended), CAEU, COMESA, FAO, G-77, IAEA, IBRD, ICAO, ICC (NGOs), ICRM, IDA, IDB, IFAD, IFC, IFRCS, IGAD, ILO, IMF, IMO, Interpol, IOC, IOM, IPU, ISO, ITSO, ITU, LAS, MIGA, NAM, OIC, OPCW, PCA, UN, UNCTAD, UNESCO, UNHCR, UNHRC, UNIDO, UNOOSA, UNWTO, UPU, WCO, WFTU (NGOs), WHO, WIPO, WMO, WTO (observer)"
    },
    "Independence": {
      "text": "1 January 1956 (from Egypt and the UK)"
    },
    "National holiday": {
      "text": "Independence Day, 1 January (1956)"
    },
    "Flag description": {
      "text": "three equal horizontal bands of red (top), white, and black, with a green isosceles triangle based on the hoist side; colors and design based on the Arab Revolt flag of World War I; red stands for the struggle for freedom, white for peace, light, and love, black for the people, and green for Islam, agriculture, and prosperity"
    },
    "National symbol(s)": {
      "text": "secretary bird"
    },
    "National color(s)": {
      "text": "red, white, black, green"
    },
    "National anthem": {
      "name": {
        "text": "\"Nahnu Djundulla Djundulwatan\" (We Are the Army of God and of Our Land)"
      },
      "lyrics/music": {
        "text": "Sayed Ahmad Muhammad SALIH/Ahmad MURJAN"
      },
      "note": "<strong>note:</strong> adopted 1956; originally served as the anthem of the Sudanese military"
    },
    "National heritage": {
      "total World Heritage Sites": {
        "text": "3 (2 cultural, 1 natural)"
      },
      "selected World Heritage Site locales": {
        "text": "Gebel Barkal and the Sites of the Napatan Region (c); Archaeological Sites of the Island of Meroe (c); Sanganeb Marine National Park and Dungonab Bay – Mukkawar Island Marine National Park (n)"
      }
    }
  },
  "Economy": {
    "Economic overview": {
      "text": "<p>low-income Sahel economy devastated by ongoing civil war; major impacts on rural income, basic commodity prices, industrial production, agricultural supply chain, communications and commerce; hyperinflation and currency depreciation worsening food access and humanitarian conditions</p>"
    },
    "Real GDP (purchasing power parity)": {
      "Real GDP (purchasing power parity) 2023": {
        "text": "$123.565 billion (2023 est.)"
      },
      "Real GDP (purchasing power parity) 2022": {
        "text": "$154.672 billion (2022 est.)"
      },
      "Real GDP (purchasing power parity) 2021": {
        "text": "$156.168 billion (2021 est.)"
      },
      "note": "<b>note:</b> data in 2021 dollars"
    },
    "Real GDP growth rate": {
      "Real GDP growth rate 2023": {
        "text": "-20.11% (2023 est.)"
      },
      "Real GDP growth rate 2022": {
        "text": "-0.96% (2022 est.)"
      },
      "Real GDP growth rate 2021": {
        "text": "-1.87% (2021 est.)"
      },
      "note": "<b>note:</b> annual GDP % growth based on constant local currency"
    },
    "Real GDP per capita": {
      "Real GDP per capita 2023": {
        "text": "$2,500 (2023 est.)"
      },
      "Real GDP per capita 2022": {
        "text": "$3,100 (2022 est.)"
      },
      "Real GDP per capita 2021": {
        "text": "$3,200 (2021 est.)"
      },
      "note": "<b>note:</b> data in 2021 dollars"
    },
    "GDP (official exchange rate)": {
      "text": "$109.266 billion (2023 est.)",
      "note": "<b>note:</b> data in current dollars at official exchange rate"
    },
    "Inflation rate (consumer prices)": {
      "Inflation rate (consumer prices) 2022": {
        "text": "138.8% (2022 est.)"
      },
      "Inflation rate (consumer prices) 2021": {
        "text": "359.1% (2021 est.)"
      },
      "Inflation rate (consumer prices) 2020": {
        "text": "163.3% (2020 est.)"
      },
      "note": "<b>note:</b> annual % change based on consumer prices"
    },
    "GDP - composition, by sector of origin": {
      "agriculture": {
        "text": "5.5% (2023 est.)"
      },
      "industry": {
        "text": "5.1% (2023 est.)"
      },
      "services": {
        "text": "7.5% (2023 est.)"
      },
      "note": "<b>note:</b> figures may not total 100% due to non-allocated consumption not captured in sector-reported data"
    },
    "GDP - composition, by end use": {
      "household consumption": {
        "text": "80.7% (2023 est.)"
      },
      "government consumption": {
        "text": "17.4% (2023 est.)"
      },
      "investment in fixed capital": {
        "text": "2.2% (2023 est.)"
      },
      "investment in inventories": {
        "text": "0% (2023 est.)"
      },
      "exports of goods and services": {
        "text": "1.1% (2023 est.)"
      },
      "imports of goods and services": {
        "text": "-1.4% (2023 est.)"
      },
      "note": "<strong>note:</strong> figures may not total 100% due to rounding or gaps in data collection"
    },
    "Agricultural products": {
      "text": "sugarcane, sorghum, milk, onions, groundnuts, sesame seeds, goat milk, bananas, mangoes/guavas, millet (2023)",
      "note": "<b>note:</b> top ten agricultural products based on tonnage"
    },
    "Industries": {
      "text": "oil, cotton ginning, textiles, cement, edible oils, sugar, soap distilling, shoes, petroleum refining, pharmaceuticals, armaments, automobile/light truck assembly, milling"
    },
    "Industrial production growth rate": {
      "text": "-19.71% (2023 est.)",
      "note": "<b>note:</b> annual % change in industrial value added based on constant local currency"
    },
    "Labor force": {
      "text": "10.949 million (2022 est.)",
      "note": "<b>note:</b> number of people ages 15 or older who are employed or seeking work"
    },
    "Unemployment rate": {
      "Unemployment rate 2023": {
        "text": "11.45% (2023 est.)"
      },
      "Unemployment rate 2022": {
        "text": "7.5% (2022 est.)"
      },
      "Unemployment rate 2021": {
        "text": "11% (2021 est.)"
      },
      "note": "<b>note:</b> % of labor force seeking employment"
    },
    "Youth unemployment rate (ages 15-24)": {
      "total": {
        "text": "12% (2022 est.)"
      },
      "male": {
        "text": "11.8% (2022 est.)"
      },
      "female": {
        "text": "13.1% (2022 est.)"
      },
      "note": "<b>note:</b> % of labor force ages 15-24 seeking employment"
    },
    "Gini Index coefficient - distribution of family income": {
      "Gini Index coefficient - distribution of family income 2014": {
        "text": "34.2 (2014 est.)"
      },
      "note": "<b>note:</b> index (0-100) of income distribution; higher values represent greater inequality"
    },
    "Household income or consumption by percentage share": {
      "lowest 10%": {
        "text": "3.2% (2014 est.)"
      },
      "highest 10%": {
        "text": "27.8% (2014 est.)"
      },
      "note": "<b>note:</b> % share of income accruing to lowest and highest 10% of population"
    },
    "Remittances": {
      "Remittances 2023": {
        "text": "0.92% of GDP (2023 est.)"
      },
      "Remittances 2022": {
        "text": "2.9% of GDP (2022 est.)"
      },
      "Remittances 2021": {
        "text": "3.27% of GDP (2021 est.)"
      },
      "note": "<b>note:</b> personal transfers and compensation between resident and non-resident individuals/households/entities"
    },
    "Budget": {
      "revenues": {
        "text": "$9.045 billion (2015 est.)"
      },
      "expenditures": {
        "text": "$9.103 billion (2015 est.)"
      },
      "note": "<b>note:</b> central government revenues and expenses (excluding grants/extrabudgetary units/social security funds) converted to US dollars at average official exchange rate for year indicated"
    },
    "Public debt": {
      "Public debt 2017": {
        "text": "121.6% of GDP (2017 est.)"
      }
    },
    "Taxes and other revenues": {
      "text": "7.4% (of GDP) (2016 est.)",
      "note": "<b>note:</b> central government tax revenue as a % of GDP"
    },
    "Current account balance": {
      "Current account balance 2022": {
        "text": "-$4.443 billion (2022 est.)"
      },
      "Current account balance 2021": {
        "text": "-$2.62 billion (2021 est.)"
      },
      "Current account balance 2020": {
        "text": "-$5.841 billion (2020 est.)"
      },
      "note": "<b>note:</b> balance of payments - net trade and primary/secondary income in current dollars"
    },
    "Exports": {
      "Exports 2022": {
        "text": "$5.908 billion (2022 est.)"
      },
      "Exports 2021": {
        "text": "$6.664 billion (2021 est.)"
      },
      "Exports 2020": {
        "text": "$5.065 billion (2020 est.)"
      },
      "note": "<b>note:</b> balance of payments - exports of goods and services in current dollars"
    },
    "Exports - partners": {
      "text": "UAE 21%, China 17%, Saudi Arabia 16%, Malaysia 9%, Egypt 8% (2023)",
      "note": "<b>note:</b> top five export partners based on percentage share of exports"
    },
    "Exports - commodities": {
      "text": "crude petroleum, gold, oil seeds, sheep and goats, ground nuts (2023)",
      "note": "<b>note:</b> top five export commodities based on value in dollars"
    },
    "Imports": {
      "Imports 2022": {
        "text": "$11.575 billion (2022 est.)"
      },
      "Imports 2021": {
        "text": "$10.271 billion (2021 est.)"
      },
      "Imports 2020": {
        "text": "$10.52 billion (2020 est.)"
      },
      "note": "<b>note:</b> balance of payments - imports of goods and services in current dollars"
    },
    "Imports - partners": {
      "text": "China 21%, India 19%, Egypt 16%, UAE 14%, Saudi Arabia 7% (2023)",
      "note": "<b>note:</b> top five import partners based on percentage share of imports"
    },
    "Imports - commodities": {
      "text": "raw sugar, wheat flours, refined petroleum, garments, packaged medicine (2023)",
      "note": "<b>note:</b> top five import commodities based on value in dollars"
    },
    "Reserves of foreign exchange and gold": {
      "Reserves of foreign exchange and gold 2017": {
        "text": "$177.934 million (2017 est.)"
      },
      "Reserves of foreign exchange and gold 2016": {
        "text": "$168.284 million (2016 est.)"
      },
      "Reserves of foreign exchange and gold 2015": {
        "text": "$173.516 million (2015 est.)"
      },
      "note": "<b>note:</b> holdings of gold (year-end prices)/foreign exchange/special drawing rights in current dollars"
    },
    "Debt - external": {
      "Debt - external 2023": {
        "text": "$21.65 billion (2023 est.)"
      },
      "note": "<b>note:</b> present value of external debt in current US dollars"
    },
    "Exchange rates": {
      "Currency": {
        "text": "Sudanese pounds (SDG) per US dollar -"
      },
      "Exchange rates 2022": {
        "text": "546.759 (2022 est.)"
      },
      "Exchange rates 2021": {
        "text": "370.791 (2021 est.)"
      },
      "Exchange rates 2020": {
        "text": "53.996 (2020 est.)"
      },
      "Exchange rates 2019": {
        "text": "45.767 (2019 est.)"
      },
      "Exchange rates 2018": {
        "text": "24.329 (2018 est.)"
      }
    }
  },
  "Energy": {
    "Electricity access": {
      "electrification - total population": {
        "text": "63.2% (2022 est.)"
      },
      "electrification - urban areas": {
        "text": "84%"
      },
      "electrification - rural areas": {
        "text": "49.4%"
      }
    },
    "Electricity": {
      "installed generating capacity": {
        "text": "3.815 million kW (2023 est.)"
      },
      "consumption": {
        "text": "13.983 billion kWh (2023 est.)"
      },
      "imports": {
        "text": "882 million kWh (2023 est.)"
      },
      "transmission/distribution losses": {
        "text": "3.646 billion kWh (2023 est.)"
      }
    },
    "Electricity generation sources": {
      "fossil fuels": {
        "text": "29.9% of total installed capacity (2023 est.)"
      },
      "solar": {
        "text": "0.8% of total installed capacity (2023 est.)"
      },
      "hydroelectricity": {
        "text": "68.7% of total installed capacity (2023 est.)"
      },
      "biomass and waste": {
        "text": "0.6% of total installed capacity (2023 est.)"
      }
    },
    "Coal": {
      "exports": {
        "text": "15 metric tons (2023 est.)"
      },
      "imports": {
        "text": "200 metric tons (2023 est.)"
      }
    },
    "Petroleum": {
      "total petroleum production": {
        "text": "68,000 bbl/day (2023 est.)"
      },
      "refined petroleum consumption": {
        "text": "129,000 bbl/day (2023 est.)"
      },
      "crude oil estimated reserves": {
        "text": "1.25 billion barrels (2021 est.)"
      }
    },
    "Natural gas": {
      "proven reserves": {
        "text": "84.951 billion cubic meters (2021 est.)"
      }
    },
    "Carbon dioxide emissions": {
      "total emissions": {
        "text": "18.242 million metric tonnes of CO2 (2023 est.)"
      },
      "from coal and metallurgical coke": {
        "text": "300 metric tonnes of CO2 (2023 est.)"
      },
      "from petroleum and other liquids": {
        "text": "18.242 million metric tonnes of CO2 (2023 est.)"
      }
    },
    "Energy consumption per capita": {
      "Total energy consumption per capita 2023": {
        "text": "6.145 million Btu/person (2023 est.)"
      }
    }
  },
  "Communications": {
    "Telephones - fixed lines": {
      "total subscriptions": {
        "text": "156,000 (2022 est.)"
      },
      "subscriptions per 100 inhabitants": {
        "text": "(2022 est.) less than 1"
      }
    },
    "Telephones - mobile cellular": {
      "total subscriptions": {
        "text": "34.7 million (2022 est.)"
      },
      "subscriptions per 100 inhabitants": {
        "text": "74 (2022 est.)"
      }
    },
    "Broadcast media": {
      "text": "state-owned broadcasters that self-censor but are somewhat independent (2022)"
    },
    "Internet country code": {
      "text": ".sd"
    },
    "Internet users": {
      "percent of population": {
        "text": "26% (2020 est.)"
      }
    },
    "Broadband - fixed subscriptions": {
      "total": {
        "text": "30,000 (2022 est.)"
      },
      "subscriptions per 100 inhabitants": {
        "text": "(2022 est.) less than 1"
      }
    }
  },
  "Transportation": {
    "Civil aircraft registration country code prefix": {
      "text": "ST"
    },
    "Airports": {
      "text": "45 (2025)"
    },
    "Heliports": {
      "text": "8 (2025)"
    },
    "Railways": {
      "total": {
        "text": "7,251 km (2014)"
      },
      "narrow gauge": {
        "text": "5,851 km (2014) 1.067-m gauge"
      },
      "note": "1,400 km 0.600-m gauge for cotton plantations"
    },
    "Merchant marine": {
      "total": {
        "text": "14 (2023)"
      },
      "by type": {
        "text": "other 14"
      }
    },
    "Ports": {
      "total ports": {
        "text": "4 (2024)"
      },
      "large": {
        "text": "0"
      },
      "medium": {
        "text": "2"
      },
      "small": {
        "text": "2"
      },
      "very small": {
        "text": "0"
      },
      "ports with oil terminals": {
        "text": "3"
      },
      "key ports": {
        "text": "Al Khair Oil Terminal, Beshayer Oil Terminal, Port Sudan, Sawakin Harbor"
      }
    }
  },
  "Military and Security": {
    "Military and security forces": {
      "text": "Sudanese Armed Forces (SAF): Ground Force (Sudanese Army), Sudanese Navy, Sudanese Air Force; Rapid Support Forces (RSF); Border Guards<br><br>Ministry of Interior: Sudan Police Forces (SPF), Central Reserve Police (CRP) (2025)",
      "note": "<strong>note 1:</strong> the RSF is a semi-autonomous paramilitary force formed in 2013 to fight armed rebel groups in Sudan, with Mohammed Hamdan DAGALO (aka Hemeti) as its commander; it was initially placed under the National Intelligence and Security Service, then came under the direct command of former president Omar al-BASHIR, who boosted the RSF as his own personal security force; as a result, the RSF was better funded and equipped than the regular armed forces; the RSF has since recruited from all parts of Sudan beyond its original Darfuri Arab groups but remains under the personal patronage and control of DAGALO; the RSF has participated in military operations in Yemen, Darfur, South Kordofan, and the Blue Nile State; it has also been used to respond to anti-regime demonstrations; the RSF has been accused of committing human rights abuses against civilians and is reportedly involved in business enterprises, such as gold mining<br><br><strong>note 2:</strong> the Central Reserve Police (aka Abu Tira) is a combat-trained paramilitary force that has been used against demonstrators and sanctioned by the US for human rights abuses<br><br><strong>note 3:</strong> there are also numerous armed militias operating in Sudan"
    },
    "Military expenditures": {
      "Military Expenditures 2021": {
        "text": "1% of GDP (2021 est.)"
      },
      "Military Expenditures 2020": {
        "text": "1% of GDP (2020 est.)"
      },
      "Military Expenditures 2019": {
        "text": "2.4% of GDP (2019 est.)"
      },
      "Military Expenditures 2018": {
        "text": "2% of GDP (2018 est.)"
      },
      "Military Expenditures 2017": {
        "text": "3.6% of GDP (2017 est.)"
      },
      "note": "<strong>note:</strong> many defense expenditures are probably off-budget"
    },
    "Military and security service personnel strengths": {
      "text": "prior to the outbreak of fighting between the SAF and the RSF in 2023, size estimates for Sudan's armed forces varied widely: up to 200,000 SAF; up to 100,000 RSF; up to 80,000 Central Reserve Police (2023)"
    },
    "Military equipment inventories and acquisitions": {
      "text": "the SAF's inventory includes a mix of mostly Chinese, Russian, Soviet-era, and domestically produced weapons systems; Sudan has one of the largest defense industries in Africa, which includes state-owned companies with military involvement; it has mostly manufactured weapons systems under license from China, Russia, Turkey, and Ukraine (2024)",
      "note": "<strong>note 1:</strong> Sudan has been under a UN Security Council approved arms embargo since 2005 as a result of violence in Darfur; in September 2024, the embargo was extended for another year<br><br><strong>note 2: </strong> the RSF traditionally has been a lightly armed paramilitary force but over the years is reported to have acquired some heavier weapons and equipment such as armored vehicles, artillery, and anti-aircraft guns; it has captured some SAF arms and equipment during the ongoing conflict; since the start of the conflict, both the RSF and the SAF are reported to have received additional weaponry from various foreign suppliers"
    },
    "Military service age and obligation": {
      "text": "18-33 years of age for compulsory or voluntary military service for men and women; 12-24 month service obligation (2023)",
      "note": "<strong>note:</strong> implementation of conscription is reportedly uneven"
    },
    "Military - note": {
      "text": "<p>the primary responsibilities of the Sudanese Armed Forces (SAF) are internal security, border control, and countering potential external threats from its neighbors; SAF operations have traditionally been supported by militia and paramilitary forces, particularly the Rapid Support Forces (RSF); in the Spring of 2023, heavy fighting broke out between the SAF and the paramilitary RSF, particularly around the capital Khartoum and in the western region of Darfur, amid disputes over an internationally-backed plan for a transition towards civilian rule; fighting has since spread and continued into 2025 with reports of atrocities, ethnic cleansing, food insecurity, heavy civilian casualties, and millions of internally displaced persons<br><br>the Sudanese military has been a dominant force in the ruling of the country since its independence in 1956; in addition, the military has a large role in the country's economy, reportedly controlling over 200 commercial companies, including businesses involved in gold mining, rubber production, agriculture, and meat exports</p> the UN Interim Security Force for Abyei (UNISFA) has operated in the disputed Abyei region along the border between Sudan and South Sudan since 2011; UNISFA's mission includes ensuring security, protecting civilians, strengthening the capacity of the Abyei Police Service, de-mining, monitoring/verifying the redeployment of armed forces from the area, and facilitating the flow of humanitarian aid; as of 2024, UNISFA had approximately 3,200 personnel assigned<br><br>the October 2020 peace agreement provided for the establishment of a Joint Security Keeping Forces (JSKF) comprised of 12,000 personnel tasked with securing the Darfur region in the place of the UN African Union Hybrid Operation in Darfur (UNAMID), a joint African Union-UN peacekeeping force that operated in the war-torn region between 2007 and the end of its mandate in December 2020; in June 2021, Sudan's transitional government announced it would increase the size of this force to 20,000 and expand its mission scope to include the capital and other parts of the country suffering from violence; the force would include the SAF, RSF, police, intelligence, and representatives from armed groups involved in peace negotiations; in September 2022, the first 2,000 members of the JSKF completed training; the status of the JSKF since the start of the civil war is not available (2025)"
    }
  },
  "Terrorism": {
    "Terrorist group(s)": {
      "text": "Islamic State of Iraq and ash-Sham (ISIS); al-Qa’ida; Harakat Sawa’d Misr",
      "note": "<strong>note:</strong> details about the history, aims, leadership, organization, areas of operation, tactics, targets, weapons, size, and sources of support of the group(s) appear(s) in the Terrorism reference guide"
    }
  },
  "Transnational Issues": {
    "Refugees and internally displaced persons": {
      "refugees (country of origin)": {
        "text": "696,246 (South Sudan) (refugees and asylum seekers), 137,402 (Eritrea) (refugees and asylum seekers), 93,477 (Syria) (refugees and asylum seekers), 72,334 (Ethiopia) (refugees and asylum seekers), 18,279 (Central African Republic) (2023)"
      },
      "IDPs": {
        "text": "6.5 million (armed conflict between rival factions of the military government of Sudan since 15 April 2023) (2024); note - includes some non-Sudanese nationals"
      }
    },
    "Trafficking in persons": {
      "tier rating": {
        "text": "Tier 3 — Sudan does not fully meet the minimum standards for the elimination of trafficking and is not making significant efforts to do so; therefore, Sudan was downgraded to Tier 3; for more details, go to:  https://www.state.gov/reports/2024-trafficking-in-persons-report/sudan/"
      }
    }
  }
}