{
  "Introduction": {
    "Background": {
      "text": "<p>Portugal discovered and colonized the uninhabited Sao Tome and Principe islands in the late 15th century, setting up a sugar-based economy that gave way to coffee and cocoa in the 19th century -- all grown with African slave labor, a form of which lingered into the 20th century. While independence was achieved in 1975, democratic reforms were not instituted until the late 1980s. <br><br>The country held its first free elections in 1991, but frequent internal wrangling among the various political parties precipitated repeated changes in leadership and failed, non-violent coup attempts in 1995, 1998, 2003, and 2009. In 2012, three opposition parties combined in a no-confidence vote to bring down the majority government of former Prime Minister Patrice TROVOADA, but legislative elections returned him to the office two years later. President Evaristo CARVALHO, of the same political party as TROVOADA, was elected in 2016, marking a rare instance in which the same party held the positions of president and prime minister. TROVOADA resigned in 2018 and was replaced by Jorge BOM JESUS. Carlos Vila NOVA was elected president in 2021. TROVOADA began his fourth stint as prime minister in 2022, after his party's victory in legislative elections. </p>"
    }
  },
  "Geography": {
    "Location": {
      "text": "Central Africa, islands in the Gulf of Guinea, just north of the Equator, west of Gabon"
    },
    "Geographic coordinates": {
      "text": "1 00 N, 7 00 E"
    },
    "Map references": {
      "text": "Africa"
    },
    "Area": {
      "total ": {
        "text": "964 sq km"
      },
      "land": {
        "text": "964 sq km"
      },
      "water": {
        "text": "0 sq km"
      }
    },
    "Area - comparative": {
      "text": "more than five times the size of Washington, D.C."
    },
    "Land boundaries": {
      "total": {
        "text": "0 km"
      }
    },
    "Coastline": {
      "text": "209 km"
    },
    "Maritime claims": {
      "territorial sea": {
        "text": "12 nm"
      },
      "exclusive economic zone": {
        "text": "200 nm"
      },
      "note": "measured from claimed archipelagic baselines"
    },
    "Climate": {
      "text": "tropical; hot, humid; one rainy season (October to May)"
    },
    "Terrain": {
      "text": "volcanic, mountainous"
    },
    "Elevation": {
      "highest point": {
        "text": "Pico de Sao Tome 2,024 m"
      },
      "lowest point": {
        "text": "Atlantic Ocean 0 m"
      }
    },
    "Natural resources": {
      "text": "fish, hydropower"
    },
    "Land use": {
      "agricultural land": {
        "text": "44.8% (2022 est.)"
      },
      "agricultural land: arable land": {
        "text": "arable land: 4.2% (2022 est.)"
      },
      "agricultural land: permanent crops": {
        "text": "permanent crops: 39.6% (2022 est.)"
      },
      "agricultural land: permanent pasture": {
        "text": "permanent pasture: 1% (2022 est.)"
      },
      "forest": {
        "text": "52.8% (2022 est.)"
      },
      "other": {
        "text": "2.4% (2022 est.)"
      }
    },
    "Irrigated land": {
      "text": "100 sq km (2012)"
    },
    "Population distribution": {
      "text": "Sao Tome, the capital city, has roughly a quarter of the nation's population; Santo Antonio is the largest town on Principe; the northern areas of both islands have the highest population densities, as shown in this population distribution map"
    },
    "Natural hazards": {
      "text": "flooding"
    },
    "Geography - note": {
      "text": "the second-smallest African country (after the Seychelles); the two main islands form part of a chain of extinct volcanoes, and both are mountainous"
    }
  },
  "People and Society": {
    "Population": {
      "total": {
        "text": "223,561 (2024 est.)"
      },
      "male": {
        "text": "111,553"
      },
      "female": {
        "text": "112,008"
      }
    },
    "Nationality": {
      "noun": {
        "text": "Sao Tomean(s)"
      },
      "adjective": {
        "text": "Sao Tomean"
      }
    },
    "Ethnic groups": {
      "text": "Mestico, Angolares (descendants of Angolan slaves), Forros (descendants of freed slaves), Servicais (contract laborers from Angola, Mozambique, and Cabo Verde), Tongas (children of servicais born on the islands), Europeans (primarily Portuguese), Asians (mostly Chinese)"
    },
    "Languages": {
      "text": "Portuguese 98.4% (official), Forro 36.2%, Cabo Verdian 8.5%, French 6.8%, Angolar 6.6%, English 4.9%, Lunguie 1%, other (including sign language) 2.4%; other Portuguese-based Creoles are also spoken (2012 est.)",
      "note": "<strong>note:</strong> shares of language sum to more than 100% because some respondents gave more than one answer on the census"
    },
    "Religions": {
      "text": "Catholic 55.7%, Adventist 4.1%, Assembly of God 3.4%, New Apostolic 2.9%, Mana 2.3%, Universal Kingdom of God 2%, Jehovah's Witness 1.2%, other 6.2%, none 21.2%, unspecified 1% (2012 est.)"
    },
    "Age structure": {
      "0-14 years": {
        "text": "36.4% (male 41,337/female 40,106)"
      },
      "15-64 years": {
        "text": "60.3% (male 67,101/female 67,775)"
      },
      "65 years and over": {
        "text": "3.2% (2024 est.) (male 3,115/female 4,127)"
      }
    },
    "Dependency ratios": {
      "total dependency ratio": {
        "text": "65.8 (2024 est.)"
      },
      "youth dependency ratio": {
        "text": "60.4 (2024 est.)"
      },
      "elderly dependency ratio": {
        "text": "5.4 (2024 est.)"
      },
      "potential support ratio": {
        "text": "18.6 (2024 est.)"
      }
    },
    "Median age": {
      "total": {
        "text": "20.8 years (2024 est.)"
      },
      "male": {
        "text": "20.4 years"
      },
      "female": {
        "text": "21.2 years"
      }
    },
    "Population growth rate": {
      "text": "1.42% (2024 est.)"
    },
    "Birth rate": {
      "text": "26.7 births/1,000 population (2024 est.)"
    },
    "Death rate": {
      "text": "6 deaths/1,000 population (2024 est.)"
    },
    "Net migration rate": {
      "text": "-6.5 migrant(s)/1,000 population (2024 est.)"
    },
    "Population distribution": {
      "text": "Sao Tome, the capital city, has roughly a quarter of the nation's population; Santo Antonio is the largest town on Principe; the northern areas of both islands have the highest population densities, as shown in this population distribution map"
    },
    "Urbanization": {
      "urban population": {
        "text": "76.4% of total population (2023)"
      },
      "rate of urbanization": {
        "text": "2.96% annual rate of change (2020-25 est.)"
      }
    },
    "Major urban areas - population": {
      "text": "80,000 SAO TOME (capital) (2018)"
    },
    "Sex ratio": {
      "at birth": {
        "text": "1.03 male(s)/female"
      },
      "0-14 years": {
        "text": "1.03 male(s)/female"
      },
      "15-64 years": {
        "text": "0.99 male(s)/female"
      },
      "65 years and over": {
        "text": "0.75 male(s)/female"
      },
      "total population": {
        "text": "1 male(s)/female (2024 est.)"
      }
    },
    "Mother's mean age at first birth": {
      "text": "19.4 years (2008/09 est.)",
      "note": "<strong>note:</strong> data represents median age at first birth among women 25-29"
    },
    "Maternal mortality ratio": {
      "text": "146 deaths/100,000 live births (2020 est.)"
    },
    "Infant mortality rate": {
      "total": {
        "text": "42.6 deaths/1,000 live births (2024 est.)"
      },
      "male": {
        "text": "46.1 deaths/1,000 live births"
      },
      "female": {
        "text": "39 deaths/1,000 live births"
      }
    },
    "Life expectancy at birth": {
      "total population": {
        "text": "67.7 years (2024 est.)"
      },
      "male": {
        "text": "66 years"
      },
      "female": {
        "text": "69.4 years"
      }
    },
    "Total fertility rate": {
      "text": "3.31 children born/woman (2024 est.)"
    },
    "Gross reproduction rate": {
      "text": "1.63 (2024 est.)"
    },
    "Contraceptive prevalence rate": {
      "text": "49.7% (2019)"
    },
    "Drinking water source": {
      "improved: urban": {
        "text": "urban: 100% of population"
      },
      "improved: rural": {
        "text": "rural: 94% of population"
      },
      "improved: total": {
        "text": "total: 98.5% of population"
      },
      "unimproved: urban": {
        "text": "urban: 0% of population"
      },
      "unimproved: rural": {
        "text": "rural: 6% of population"
      },
      "unimproved: total": {
        "text": "total: 1.5% of population (2020 est.)"
      }
    },
    "Health expenditure": {
      "Health expenditure (as % of GDP)": {
        "text": "7.8% of GDP (2021)"
      },
      "Health expenditure (as % of national budget)": {
        "text": "14.9% of national budget (2022 est.)"
      }
    },
    "Physician density": {
      "text": "0.46 physicians/1,000 population (2022)"
    },
    "Hospital bed density": {
      "text": "2.9 beds/1,000 population (2019 est.)"
    },
    "Sanitation facility access": {
      "improved: urban": {
        "text": "urban: 57.1% of population"
      },
      "improved: rural": {
        "text": "rural: 42.8% of population"
      },
      "improved: total": {
        "text": "total: 53.4% of population"
      },
      "unimproved: urban": {
        "text": "urban: 42.9% of population"
      },
      "unimproved: rural": {
        "text": "rural: 57.2% of population"
      },
      "unimproved: total": {
        "text": "total: 46.6% of population (2020 est.)"
      }
    },
    "Obesity - adult prevalence rate": {
      "text": "12.4% (2016)"
    },
    "Alcohol consumption per capita": {
      "total": {
        "text": "4.23 liters of pure alcohol (2019 est.)"
      },
      "beer": {
        "text": "0.42 liters of pure alcohol (2019 est.)"
      },
      "wine": {
        "text": "3.58 liters of pure alcohol (2019 est.)"
      },
      "spirits": {
        "text": "0.23 liters of pure alcohol (2019 est.)"
      },
      "other alcohols": {
        "text": "0 liters of pure alcohol (2019 est.)"
      }
    },
    "Tobacco use": {
      "total": {
        "text": "7.3% (2025 est.)"
      },
      "male": {
        "text": "13.1% (2025 est.)"
      },
      "female": {
        "text": "1.7% (2025 est.)"
      }
    },
    "Children under the age of 5 years underweight": {
      "text": "5.4% (2019)"
    },
    "Currently married women (ages 15-49)": {
      "text": "51.9% (2023 est.)"
    },
    "Child marriage": {
      "women married by age 15": {
        "text": "5.4% (2019)"
      },
      "women married by age 18": {
        "text": "28% (2019)"
      },
      "men married by age 18": {
        "text": "3.1% (2019)"
      }
    },
    "Education expenditure": {
      "Education expenditure (% GDP)": {
        "text": "5% of GDP (2023 est.)"
      },
      "Education expenditure (% national budget)": {
        "text": "18.1% national budget (2024 est.)"
      }
    },
    "Literacy": {
      "total population": {
        "text": "87.4% (2019 est.)"
      },
      "male": {
        "text": "92.5% (2019 est.)"
      },
      "female": {
        "text": "82.8% (2019 est.)"
      }
    },
    "School life expectancy (primary to tertiary education)": {
      "total": {
        "text": "12 years"
      },
      "male": {
        "text": "12 years"
      },
      "female": {
        "text": "13 years (2015)"
      }
    }
  },
  "Environment": {
    "Environment - current issues": {
      "text": "deforestation and illegal logging; soil erosion and exhaustion; inadequate sewage treatment in cities; biodiversity&nbsp;"
    },
    "Environment - international agreements": {
      "party to": {
        "text": "Biodiversity, Climate Change, Climate Change-Kyoto Protocol, Climate Change-Paris Agreement, Desertification, Endangered Species, Environmental Modification, Hazardous Wastes, Law of the Sea, Ozone Layer Protection, Ship Pollution, Wetlands, Whaling"
      },
      "signed, but not ratified": {
        "text": "Comprehensive Nuclear Test Ban"
      }
    },
    "Climate": {
      "text": "tropical; hot, humid; one rainy season (October to May)"
    },
    "Land use": {
      "agricultural land": {
        "text": "44.8% (2022 est.)"
      },
      "agricultural land: arable land": {
        "text": "arable land: 4.2% (2022 est.)"
      },
      "agricultural land: permanent crops": {
        "text": "permanent crops: 39.6% (2022 est.)"
      },
      "agricultural land: permanent pasture": {
        "text": "permanent pasture: 1% (2022 est.)"
      },
      "forest": {
        "text": "52.8% (2022 est.)"
      },
      "other": {
        "text": "2.4% (2022 est.)"
      }
    },
    "Urbanization": {
      "urban population": {
        "text": "76.4% of total population (2023)"
      },
      "rate of urbanization": {
        "text": "2.96% annual rate of change (2020-25 est.)"
      }
    },
    "Air pollutants": {
      "particulate matter emissions": {
        "text": "33.75 micrograms per cubic meter (2019 est.)"
      },
      "carbon dioxide emissions": {
        "text": "0.12 megatons (2016 est.)"
      },
      "methane emissions": {
        "text": "0.04 megatons (2020 est.)"
      }
    },
    "Waste and recycling": {
      "municipal solid waste generated annually": {
        "text": "25,587 tons (2014 est.)"
      }
    },
    "Total water withdrawal": {
      "municipal": {
        "text": "10 million cubic meters (2020 est.)"
      },
      "industrial": {
        "text": "600,000 cubic meters (2017 est.)"
      },
      "agricultural": {
        "text": "30 million cubic meters (2020 est.)"
      }
    },
    "Total renewable water resources": {
      "text": "2.18 billion cubic meters (2020 est.)"
    }
  },
  "Government": {
    "Country name": {
      "conventional long form": {
        "text": "Democratic Republic of Sao Tome and Principe"
      },
      "conventional short form": {
        "text": "Sao Tome and Principe"
      },
      "local long form": {
        "text": "Republica Democratica de Sao Tome e Principe"
      },
      "local short form": {
        "text": "Sao Tome e Principe"
      },
      "etymology": {
        "text": "Sao Tome was named after Saint THOMAS the Apostle by the Portuguese who discovered the island on 21 December 1470 (or 1471), the saint's feast day; Principe is a shortening of the original Portuguese name of \"Ilha do Principe\" (Isle of the Prince), referring to Prince ALPHONSO of Portugal"
      }
    },
    "Government type": {
      "text": "semi-presidential republic"
    },
    "Capital": {
      "name": {
        "text": "Sao Tome"
      },
      "geographic coordinates": {
        "text": "0 20 N, 6 44 E"
      },
      "time difference": {
        "text": "UTC 0 (5 hours ahead of Washington, DC, during Standard Time)"
      },
      "etymology": {
        "text": "named after Saint THOMAS the Apostle by the Portuguese, who discovered the island on 21 December 1470 (or 1471), the saint's feast day"
      }
    },
    "Administrative divisions": {
      "text": "6 districts (<em>distritos</em>, singular - <em>distrito</em>), 1 autonomous region* (<em>regiao autonoma</em>); Agua Grande, Cantagalo, Caue, Lemba, Lobata, Me-Zochi, Principe*"
    },
    "Legal system": {
      "text": "mixed system of civil law based on the Portuguese model and customary law"
    },
    "Constitution": {
      "history": {
        "text": "approved 5 November 1975"
      },
      "amendment process": {
        "text": "proposed by the National Assembly; passage requires two-thirds majority vote by the Assembly; the Assembly can propose to the president of the republic that an amendment be submitted to a referendum"
      }
    },
    "International law organization participation": {
      "text": "has not submitted an ICJ jurisdiction declaration; non-party state to the ICCt"
    },
    "Citizenship": {
      "citizenship by birth": {
        "text": "no"
      },
      "citizenship by descent only": {
        "text": "at least one parent must be a citizen of Sao Tome and Principe"
      },
      "dual citizenship recognized": {
        "text": "no"
      },
      "residency requirement for naturalization": {
        "text": "5 years"
      }
    },
    "Suffrage": {
      "text": "18 years of age; universal"
    },
    "Executive branch": {
      "chief of state": {
        "text": "President Carlos Manuel VILA NOVA (since 2 October 2021)"
      },
      "head of government": {
        "text": "Prime Minister Am&eacute;rico d'Oliveira DOS RAMOS (since 12 January 2025)"
      },
      "cabinet": {
        "text": "Council of Ministers proposed by the prime minister, appointed by the president"
      },
      "elections/appointments": {
        "text": "president directly elected by absolute-majority popular vote in 2 rounds, if needed, for a 5-year term (eligible for a second term); prime minister chosen by the National Assembly and approved by the president"
      },
      "most recent election date": {
        "text": "18 July 2021, with a runoff on 5 September 2021"
      },
      "election results": {
        "text": "<br><em>2021: </em>Carlos Manuel VILA NOVA elected president in the second round; percent of vote in the first round - Carlos Manuel VILA NOVA (IDA) 39.5%; Guilherme POSSER DA COSTA (MLSTP-PSD) 20.8%; Delfim NEVES (PCD-GR) 16.9%; Abel BOM JESUS (independent) 3.6%; Maria DAS NEVES (independent) 3.3%; other 15.9%; percent of the vote in second round - Carlos Manuel VILA NOVA 57.5%, Guilherme POSSER DA COSTA 42.5%<em><br><br><em>2016: </em></em>Evaristo CARVALHO elected president; percent of vote - Evaristo CARVALHO (ADI) 49.8%, Manuel Pinto DA COSTA (independent) 24.8%, Maria DAS NEVES (MLSTP-PSD) 24.1%"
      },
      "expected date of next election": {
        "text": "2026"
      }
    },
    "Legislative branch": {
      "legislature name": {
        "text": "National Assembly (Assembleia Nacional)"
      },
      "legislative structure": {
        "text": "unicameral"
      },
      "number of seats": {
        "text": "55 (all directly elected)"
      },
      "electoral system": {
        "text": "proportional representation"
      },
      "scope of elections": {
        "text": "full renewal"
      },
      "term in office": {
        "text": "4 years"
      },
      "most recent election date": {
        "text": "9/25/2022"
      },
      "parties elected and seats per party": {
        "text": "Independent Democratic Alliance (ADI) (30); Sao Tome and Principe Liberation Movement/Social Democratic Party (MLSTP - PSD) (18); Movement of Independent Citizens - Socialist Party (MCI - PS) - National Unity Party (PUN) (5); Other (2)"
      },
      "percentage of women in chamber": {
        "text": "14.5%"
      },
      "expected date of next election": {
        "text": "September 2026"
      }
    },
    "Judicial branch": {
      "highest court(s)": {
        "text": "Supreme Court or Supremo Tribunal Justica (consists of 5 judges); Constitutional Court or Tribunal Constitucional (consists of 5 judges, 3 of whom are from the Supreme Court)"
      },
      "judge selection and term of office": {
        "text": "Supreme Court judges appointed by the National Assembly; judge tenure NA; Constitutional Court judges nominated by the president and elected by the National Assembly for 5-year terms"
      },
      "subordinate courts": {
        "text": "Court of First Instance; Audit Court"
      }
    },
    "Political parties": {
      "text": "BASTA Movement <br>Independent Democratic Action or ADI <br>Movement for the Liberation of Sao Tome and Principe-Social Democratic Party or MLSTP-PSD <br>Movement of Independent Citizens of São Tomé and Príncipe - Socialist Party or MCI-PS <br>National Unity Party or PUN"
    },
    "Diplomatic representation in the US": {
      "chief of mission": {
        "text": "Ambassador (vacant)"
      },
      "chancery": {
        "text": "122 East 42nd Street, Suite 1604<br>New York, NY 101168"
      },
      "telephone": {
        "text": "[1] (212) 317-0533"
      },
      "FAX": {
        "text": "[1] (212) 317-0580"
      },
      "email address and website": {
        "text": "<br>stp1@attglobal.net<br><br>Sao Tome and Principe Permanent Mission to the United Nations"
      }
    },
    "Diplomatic representation from the US": {
      "embassy": {
        "text": "the US does not have an embassy in Sao Tome and Principe; the US Ambassador to Angola is accredited to Sao Tome and Principe"
      },
      "mailing address": {
        "text": "2290 Sao Tome Place, Washington DC&nbsp; 20521-2290"
      }
    },
    "International organization participation": {
      "text": "ACP, AfDB, AOSIS, AU, CD, CEMAC, CPLP, EITI (candidate country), FAO, G-77, IBRD, ICAO, ICRM, IDA, IFAD, IFC, IFRCS, ILO, IMF, IMO, Interpol, IOC, IOM (observer), IPU, ITU, ITUC (NGOs), MIGA, NAM, OIF, OPCW, PCA, UN, UNCTAD, UNESCO, UNIDO, Union Latina, UNWTO, UPU, WCO, WHO, WIPO, WMO, WTO (observer)"
    },
    "Independence": {
      "text": "12 July 1975 (from Portugal)"
    },
    "National holiday": {
      "text": "Independence Day, 12 July (1975)"
    },
    "Flag description": {
      "text": "three horizontal bands of green (top), yellow (double-width), and green with two black five-pointed stars in the center of the yellow band and a red isosceles triangle based on the hoist side; green stands for the country's rich vegetation, red for the struggle for independence, and yellow for cocoa, one of the country's main agricultural products; the two stars symbolize the main islands",
      "note": "<strong>note:</strong> uses the popular pan-African colors of Ethiopia"
    },
    "National symbol(s)": {
      "text": "palm tree"
    },
    "National color(s)": {
      "text": "green, yellow, red, black"
    },
    "National anthem": {
      "name": {
        "text": "\"Independencia total\" (Total Independence)"
      },
      "lyrics/music": {
        "text": "Alda Neves DA GRACA do Espirito Santo/Manuel dos Santos Barreto de Sousa e ALMEIDA"
      },
      "note": "<strong>note:</strong> adopted 1975"
    }
  },
  "Economy": {
    "Economic overview": {
      "text": "lower middle-income Central African island economy; falling cocoa production due to drought and mismanagement; joint oil venture with Nigeria; government owns 90% of land; high debt, partly from fuel subsidies; tourism gutted by COVID-19"
    },
    "Real GDP (purchasing power parity)": {
      "Real GDP (purchasing power parity) 2023": {
        "text": "$1.279 billion (2023 est.)"
      },
      "Real GDP (purchasing power parity) 2022": {
        "text": "$1.275 billion (2022 est.)"
      },
      "Real GDP (purchasing power parity) 2021": {
        "text": "$1.272 billion (2021 est.)"
      },
      "note": "<b>note:</b> data in 2021 dollars"
    },
    "Real GDP growth rate": {
      "Real GDP growth rate 2023": {
        "text": "0.37% (2023 est.)"
      },
      "Real GDP growth rate 2022": {
        "text": "0.17% (2022 est.)"
      },
      "Real GDP growth rate 2021": {
        "text": "1.9% (2021 est.)"
      },
      "note": "<b>note:</b> annual GDP % growth based on constant local currency"
    },
    "Real GDP per capita": {
      "Real GDP per capita 2023": {
        "text": "$5,500 (2023 est.)"
      },
      "Real GDP per capita 2022": {
        "text": "$5,600 (2022 est.)"
      },
      "Real GDP per capita 2021": {
        "text": "$5,700 (2021 est.)"
      },
      "note": "<b>note:</b> data in 2021 dollars"
    },
    "GDP (official exchange rate)": {
      "text": "$678.976 million (2023 est.)",
      "note": "<b>note:</b> data in current dollars at official exchange rate"
    },
    "Inflation rate (consumer prices)": {
      "Inflation rate (consumer prices) 2023": {
        "text": "21.3% (2023 est.)"
      },
      "Inflation rate (consumer prices) 2022": {
        "text": "18% (2022 est.)"
      },
      "Inflation rate (consumer prices) 2021": {
        "text": "8.1% (2021 est.)"
      },
      "note": "<b>note:</b> annual % change based on consumer prices"
    },
    "GDP - composition, by sector of origin": {
      "agriculture": {
        "text": "13.7% (2023 est.)"
      },
      "industry": {
        "text": "2.8% (2023 est.)"
      },
      "services": {
        "text": "75.9% (2023 est.)"
      },
      "note": "<b>note:</b> figures may not total 100% due to non-allocated consumption not captured in sector-reported data"
    },
    "GDP - composition, by end use": {
      "household consumption": {
        "text": "81.4% (2017 est.)"
      },
      "government consumption": {
        "text": "17.6% (2017 est.)"
      },
      "investment in fixed capital": {
        "text": "33.4% (2017 est.)"
      },
      "investment in inventories": {
        "text": "0% (2017 est.)"
      },
      "exports of goods and services": {
        "text": "7.9% (2017 est.)"
      },
      "imports of goods and services": {
        "text": "-40.4% (2017 est.)"
      }
    },
    "Agricultural products": {
      "text": "plantains, oil palm fruit, taro, bananas, fruits, cocoa beans, yams, coconuts, cassava, vegetables (2023)",
      "note": "<b>note:</b> top ten agricultural products based on tonnage"
    },
    "Industries": {
      "text": "light construction, textiles, soap, beer, fish processing, timber"
    },
    "Industrial production growth rate": {
      "text": "-2.06% (2023 est.)",
      "note": "<b>note:</b> annual % change in industrial value added based on constant local currency"
    },
    "Labor force": {
      "text": "34,500 (2024 est.)",
      "note": "<b>note:</b> number of people ages 15 or older who are employed or seeking work"
    },
    "Unemployment rate": {
      "Unemployment rate 2024": {
        "text": "9.2% (2024 est.)"
      },
      "Unemployment rate 2023": {
        "text": "9.1% (2023 est.)"
      },
      "Unemployment rate 2022": {
        "text": "9% (2022 est.)"
      },
      "note": "<b>note:</b> % of labor force seeking employment"
    },
    "Youth unemployment rate (ages 15-24)": {
      "total": {
        "text": "8.6% (2024 est.)"
      },
      "male": {
        "text": "8% (2024 est.)"
      },
      "female": {
        "text": "9.2% (2024 est.)"
      },
      "note": "<b>note:</b> % of labor force ages 15-24 seeking employment"
    },
    "Population below poverty line": {
      "text": "55.5% (2017 est.)",
      "note": "<b>note:</b> % of population with income below national poverty line"
    },
    "Gini Index coefficient - distribution of family income": {
      "Gini Index coefficient - distribution of family income 2017": {
        "text": "40.7 (2017 est.)"
      },
      "note": "<b>note:</b> index (0-100) of income distribution; higher values represent greater inequality"
    },
    "Household income or consumption by percentage share": {
      "lowest 10%": {
        "text": "2.6% (2017 est.)"
      },
      "highest 10%": {
        "text": "32.8% (2017 est.)"
      },
      "note": "<strong>note:</strong> % share of income accruing to lowest and highest 10% of population"
    },
    "Remittances": {
      "Remittances 2023": {
        "text": "1.47% of GDP (2023 est.)"
      },
      "Remittances 2022": {
        "text": "1.88% of GDP (2022 est.)"
      },
      "Remittances 2021": {
        "text": "2.02% of GDP (2021 est.)"
      },
      "note": "<b>note:</b> personal transfers and compensation between resident and non-resident individuals/households/entities"
    },
    "Budget": {
      "revenues": {
        "text": "$128.764 million (2022 est.)"
      },
      "expenditures": {
        "text": "$122.193 million (2022 est.)"
      },
      "note": "<b>note:</b> central government revenues and expenses (excluding grants/extrabudgetary units/social security funds) converted to US dollars at average official exchange rate for year indicated"
    },
    "Public debt": {
      "Public debt 2017": {
        "text": "88.4% of GDP (2017 est.)"
      }
    },
    "Taxes and other revenues": {
      "text": "26.2% (of GDP) (2017 est.)"
    },
    "Current account balance": {
      "Current account balance 2022": {
        "text": "-$79.437 million (2022 est.)"
      },
      "Current account balance 2021": {
        "text": "-$95.248 million (2021 est.)"
      },
      "Current account balance 2020": {
        "text": "-$59.595 million (2020 est.)"
      },
      "note": "<b>note:</b> balance of payments - net trade and primary/secondary income in current dollars"
    },
    "Exports": {
      "Exports 2022": {
        "text": "$96.977 million (2022 est.)"
      },
      "Exports 2021": {
        "text": "$75.256 million (2021 est.)"
      },
      "Exports 2020": {
        "text": "$49.337 million (2020 est.)"
      },
      "note": "<b>note:</b> balance of payments - exports of goods and services in current dollars"
    },
    "Exports - partners": {
      "text": "Pakistan 54%, Germany 11%, Netherlands 7%, France 5%, UAE 3% (2023)",
      "note": "<b>note:</b> top five export partners based on percentage share of exports"
    },
    "Exports - commodities": {
      "text": "crude petroleum, cocoa beans, vehicle parts/accessories, palm oil, aircraft parts (2023)",
      "note": "<b>note:</b> top five export commodities based on value in dollars"
    },
    "Imports": {
      "Imports 2022": {
        "text": "$219.322 million (2022 est.)"
      },
      "Imports 2021": {
        "text": "$201.145 million (2021 est.)"
      },
      "Imports 2020": {
        "text": "$160.097 million (2020 est.)"
      },
      "note": "<b>note:</b> balance of payments - imports of goods and services in current dollars"
    },
    "Imports - partners": {
      "text": "Portugal 35%, Angola 13%, Gabon 11%, Japan 8%, China 6% (2023)",
      "note": "<b>note:</b> top five import partners based on percentage share of imports"
    },
    "Imports - commodities": {
      "text": "ships, refined petroleum, rice, electric generating sets, cars (2023)",
      "note": "<b>note:</b> top five import commodities based on value in dollars"
    },
    "Reserves of foreign exchange and gold": {
      "Reserves of foreign exchange and gold 2023": {
        "text": "$46.247 million (2023 est.)"
      },
      "Reserves of foreign exchange and gold 2022": {
        "text": "$64.476 million (2022 est.)"
      },
      "Reserves of foreign exchange and gold 2021": {
        "text": "$75.017 million (2021 est.)"
      },
      "note": "<b>note:</b> holdings of gold (year-end prices)/foreign exchange/special drawing rights in current dollars"
    },
    "Debt - external": {
      "Debt - external 2023": {
        "text": "$327.248 million (2023 est.)"
      },
      "note": "<b>note:</b> present value of external debt in current US dollars"
    },
    "Exchange rates": {
      "Currency": {
        "text": "dobras (STD) per US dollar -"
      },
      "Exchange rates 2023": {
        "text": "22.658 (2023 est.)"
      },
      "Exchange rates 2022": {
        "text": "23.29 (2022 est.)"
      },
      "Exchange rates 2021": {
        "text": "20.71 (2021 est.)"
      },
      "Exchange rates 2020": {
        "text": "21.507 (2020 est.)"
      },
      "Exchange rates 2019": {
        "text": "21.885 (2019 est.)"
      }
    }
  },
  "Energy": {
    "Electricity access": {
      "electrification - total population": {
        "text": "78% (2022 est.)"
      },
      "electrification - urban areas": {
        "text": "80%"
      },
      "electrification - rural areas": {
        "text": "73.7%"
      }
    },
    "Electricity": {
      "installed generating capacity": {
        "text": "29,000 kW (2023 est.)"
      },
      "consumption": {
        "text": "47.05 million kWh (2023 est.)"
      },
      "transmission/distribution losses": {
        "text": "40.95 million kWh (2023 est.)"
      }
    },
    "Electricity generation sources": {
      "fossil fuels": {
        "text": "93.2% of total installed capacity (2023 est.)"
      },
      "hydroelectricity": {
        "text": "6.8% of total installed capacity (2023 est.)"
      }
    },
    "Petroleum": {
      "refined petroleum consumption": {
        "text": "1,000 bbl/day (2023 est.)"
      }
    },
    "Carbon dioxide emissions": {
      "total emissions": {
        "text": "146,000 metric tonnes of CO2 (2023 est.)"
      },
      "from petroleum and other liquids": {
        "text": "146,000 metric tonnes of CO2 (2023 est.)"
      }
    },
    "Energy consumption per capita": {
      "Total energy consumption per capita 2023": {
        "text": "8.875 million Btu/person (2023 est.)"
      }
    }
  },
  "Communications": {
    "Telephones - fixed lines": {
      "total subscriptions": {
        "text": "2,000 (2023 est.)"
      },
      "subscriptions per 100 inhabitants": {
        "text": "1 (2023 est.)"
      }
    },
    "Telephones - mobile cellular": {
      "total subscriptions": {
        "text": "152,000 (2023 est.)"
      },
      "subscriptions per 100 inhabitants": {
        "text": "87 (2022 est.)"
      }
    },
    "Broadcast media": {
      "text": "1 state-owned TV station; 2 state-owned radio stations; 7 independent local radio stations; transmissions of multiple international broadcasters are available"
    },
    "Internet country code": {
      "text": ".st"
    },
    "Internet users": {
      "percent of population": {
        "text": "62% (2023 est.)"
      }
    },
    "Broadband - fixed subscriptions": {
      "total": {
        "text": "6,000 (2023 est.)"
      },
      "subscriptions per 100 inhabitants": {
        "text": "3 (2023 est.)"
      }
    }
  },
  "Transportation": {
    "Civil aircraft registration country code prefix": {
      "text": "S9"
    },
    "Airports": {
      "text": "2 (2025)"
    },
    "Merchant marine": {
      "total": {
        "text": "25 (2023)"
      },
      "by type": {
        "text": "general cargo 15, oil tanker 4, other 6"
      }
    },
    "Ports": {
      "total ports": {
        "text": "2 (2024)"
      },
      "large": {
        "text": "0"
      },
      "medium": {
        "text": "0"
      },
      "small": {
        "text": "0"
      },
      "very small": {
        "text": "2"
      },
      "ports with oil terminals": {
        "text": "0"
      },
      "key ports": {
        "text": "Santo Antonio, Sao Tome"
      }
    }
  },
  "Military and Security": {
    "Military and security forces": {
      "text": "Armed Forces of Sao Tome and Principe (Forcas Armadas de Sao Tome e Principe, FASTP): Army, Coast Guard of Sao Tome e Principe (Guarda Costeira de Sao Tome e Principe, GCSTP), Presidential Guard, National Guard (2024)",
      "note": "<strong>note:</strong> the Army and Coast Guard are responsible for external security while the public security police and judicial police maintain internal security; both the public security police and the military report to the Ministry of Defense and Internal Affairs; the judicial police report to the Ministry of Justice, Public Administration, and Human Rights"
    },
    "Military and security service personnel strengths": {
      "text": "approximately 500 active Armed Forces (2023)"
    },
    "Military equipment inventories and acquisitions": {
      "text": "the FASTP is lightly armed and has a small inventory of mostly older weapons and equipment&nbsp; (2023)"
    },
    "Military service age and obligation": {
      "text": "18 is the legal minimum age for compulsory military service (reportedly not enforced); 17 is the legal minimum age for voluntary service (2023)"
    },
    "Military - note": {
      "text": "the FASTP is one of the smallest militaries in Africa and consists of only a few companies of ground troops and some small patrol boats<br><br>in November 2022, the FASTP's headquarters was attacked shortly after the prime minister's inauguration in what São Tomé authorities described as an attempted coup; in 2024, the governments of Russia and São Tomé and Principe signed a military cooperation agreement, which included training, materiel and logistics support, and information sharing (2024)"
    }
  },
  "Transnational Issues": {
  }
}