{
  "Introduction": {
    "Background": {
      "text": "<p>Many empires have controlled Tunisia, including the Phoenicians (as early as the 12 century B.C.), Carthaginians, Romans, Vandals, Byzantines, various Arab and Berber kingdoms, and Ottomans (16th to late-19th centuries). Rivalry between French and Italian interests in Tunisia culminated in a French invasion in 1881 and the creation of a protectorate. Agitation for independence in the decades after World War I finally convinced the French to recognize Tunisia as an independent state in 1956. The country's first president, Habib BOURGUIBA, established a strict one-party state. He dominated the country for 31 years, repressing Islamic fundamentalism and establishing rights for women. In 1987, Zine el Abidine BEN ALI replaced BOURGUIBA in a bloodless coup. <br><br>Street protests that began in Tunis in 2010 over high unemployment, corruption, widespread poverty, and high food prices escalated in 2011, culminating in rioting that led to hundreds of deaths and later became known as the start of the regional Arab Spring uprising. BEN ALI dismissed the government and fled the country, and a \"national unity government\" was formed. Elections for the new Constituent Assembly were held later that year, and human rights activist Moncef MARZOUKI was elected as interim president. The Assembly began drafting a new constitution in 2012 and, after several iterations and a months-long political crisis that stalled the transition, ratified the document in 2014. Parliamentary and presidential elections for a permanent government were held at the end of 2014. Beji CAID ESSEBSI was elected as the first president under the country's new constitution. After ESSEBSI’s death in office in 2019, Kais SAIED was elected. SAIED's term, as well as that of Tunisia's 217-member parliament, was set to expire in 2024. However, in 2021, SAIED used the exceptional powers allowed under Tunisia's constitution to dismiss the prime minister and suspend the legislature. Tunisians approved a new constitution through public referendum in 2022, expanding presidential powers and creating a new bicameral legislature. </p>"
    }
  },
  "Geography": {
    "Location": {
      "text": "Northern Africa, bordering the Mediterranean Sea, between Algeria and Libya"
    },
    "Geographic coordinates": {
      "text": "34 00 N, 9 00 E"
    },
    "Map references": {
      "text": "Africa"
    },
    "Area": {
      "total ": {
        "text": "163,610 sq km"
      },
      "land": {
        "text": "155,360 sq km"
      },
      "water": {
        "text": "8,250 sq km"
      }
    },
    "Area - comparative": {
      "text": "slightly larger than Georgia"
    },
    "Land boundaries": {
      "total": {
        "text": "1,495 km"
      },
      "border countries": {
        "text": "Algeria 1,034 km; Libya 461 km"
      }
    },
    "Coastline": {
      "text": "1,148 km"
    },
    "Maritime claims": {
      "territorial sea": {
        "text": "12 nm"
      },
      "contiguous zone": {
        "text": "24 nm"
      },
      "exclusive economic zone": {
        "text": "12 nm"
      }
    },
    "Climate": {
      "text": "temperate in north with mild, rainy winters and hot, dry summers; desert in south"
    },
    "Terrain": {
      "text": "mountains in north; hot, dry central plain; semiarid south merges into the Sahara"
    },
    "Elevation": {
      "highest point": {
        "text": "Jebel ech Chambi 1,544 m"
      },
      "lowest point": {
        "text": "Shatt al Gharsah -17 m"
      },
      "mean elevation": {
        "text": "246 m"
      }
    },
    "Natural resources": {
      "text": "petroleum, phosphates, iron ore, lead, zinc, salt"
    },
    "Land use": {
      "agricultural land": {
        "text": "62.4% (2022 est.)"
      },
      "agricultural land: arable land": {
        "text": "arable land: 18.2% (2022 est.)"
      },
      "agricultural land: permanent crops": {
        "text": "permanent crops: 13.6% (2022 est.)"
      },
      "agricultural land: permanent pasture": {
        "text": "permanent pasture: 30.6% (2022 est.)"
      },
      "forest": {
        "text": "4.5% (2022 est.)"
      },
      "other": {
        "text": "33% (2022 est.)"
      }
    },
    "Irrigated land": {
      "text": "3,920 sq km (2013)"
    },
    "Major aquifers": {
      "text": "North Western Sahara Aquifer System"
    },
    "Population distribution": {
      "text": "the overwhelming majority of the population is located in the northern half of the country; the south remains largely underpopulated, as shown in this population distribution map"
    },
    "Natural hazards": {
      "text": "flooding; earthquakes; droughts"
    },
    "Geography - note": {
      "text": "strategic location in central Mediterranean"
    }
  },
  "People and Society": {
    "Population": {
      "total": {
        "text": "12,048,847 (2024 est.)"
      },
      "male": {
        "text": "5,972,242"
      },
      "female": {
        "text": "6,076,605"
      }
    },
    "Nationality": {
      "noun": {
        "text": "Tunisian(s)"
      },
      "adjective": {
        "text": "Tunisian"
      }
    },
    "Ethnic groups": {
      "text": "Arab 98%, European 1%, Jewish and other 1%"
    },
    "Languages": {
      "Languages": {
        "text": "Arabic (official, one of the languages of commerce), French (commerce), Tamazight"
      },
      "major-language sample(s)": {
        "text": "<br>كتاب حقائق العالم، أحسن كتاب تتعلم به المعلومات الأساسية (Arabic)<br><br>The World Factbook, une source indispensable d'informations de base. (French)<br><br>The World Factbook, the indispensable source for basic information."
      },
      "note": "<strong>note:</strong> despite having no official status, French plays a major role in the country and is spoken by about two thirds of the population"
    },
    "Religions": {
      "text": "Muslim (official; Sunni) 99%, other (includes Christian, Jewish, Shia Muslim, and Baha'i) &lt;1%"
    },
    "Age structure": {
      "0-14 years": {
        "text": "24.4% (male 1,516,871/female 1,426,522)"
      },
      "15-64 years": {
        "text": "65.2% (male 3,861,731/female 3,990,802)"
      },
      "65 years and over": {
        "text": "10.4% (2024 est.) (male 593,640/female 659,281)"
      }
    },
    "Dependency ratios": {
      "total dependency ratio": {
        "text": "53.4 (2024 est.)"
      },
      "youth dependency ratio": {
        "text": "37.5 (2024 est.)"
      },
      "elderly dependency ratio": {
        "text": "16 (2024 est.)"
      },
      "potential support ratio": {
        "text": "6.3 (2024 est.)"
      }
    },
    "Median age": {
      "total": {
        "text": "34.4 years (2024 est.)"
      },
      "male": {
        "text": "33.6 years"
      },
      "female": {
        "text": "35.1 years"
      }
    },
    "Population growth rate": {
      "text": "0.58% (2024 est.)"
    },
    "Birth rate": {
      "text": "13.5 births/1,000 population (2024 est.)"
    },
    "Death rate": {
      "text": "6.4 deaths/1,000 population (2024 est.)"
    },
    "Net migration rate": {
      "text": "-1.3 migrant(s)/1,000 population (2024 est.)"
    },
    "Population distribution": {
      "text": "the overwhelming majority of the population is located in the northern half of the country; the south remains largely underpopulated, as shown in this population distribution map"
    },
    "Urbanization": {
      "urban population": {
        "text": "70.5% of total population (2023)"
      },
      "rate of urbanization": {
        "text": "1.34% annual rate of change (2020-25 est.)"
      }
    },
    "Major urban areas - population": {
      "text": "2.475 million TUNIS (capital) (2023)"
    },
    "Sex ratio": {
      "at birth": {
        "text": "1.06 male(s)/female"
      },
      "0-14 years": {
        "text": "1.06 male(s)/female"
      },
      "15-64 years": {
        "text": "0.97 male(s)/female"
      },
      "65 years and over": {
        "text": "0.9 male(s)/female"
      },
      "total population": {
        "text": "0.98 male(s)/female (2024 est.)"
      }
    },
    "Maternal mortality ratio": {
      "text": "37 deaths/100,000 live births (2020 est.)"
    },
    "Infant mortality rate": {
      "total": {
        "text": "11.3 deaths/1,000 live births (2024 est.)"
      },
      "male": {
        "text": "12.7 deaths/1,000 live births"
      },
      "female": {
        "text": "9.8 deaths/1,000 live births"
      }
    },
    "Life expectancy at birth": {
      "total population": {
        "text": "77.3 years (2024 est.)"
      },
      "male": {
        "text": "75.7 years"
      },
      "female": {
        "text": "79.1 years"
      }
    },
    "Total fertility rate": {
      "text": "1.93 children born/woman (2024 est.)"
    },
    "Gross reproduction rate": {
      "text": "0.94 (2024 est.)"
    },
    "Contraceptive prevalence rate": {
      "text": "50.7% (2018)"
    },
    "Drinking water source": {
      "improved: urban": {
        "text": "urban: 100% of population"
      },
      "improved: rural": {
        "text": "rural: 97.3% of population"
      },
      "improved: total": {
        "text": "total: 99.2% of population"
      },
      "unimproved: urban": {
        "text": "urban: 0% of population"
      },
      "unimproved: rural": {
        "text": "rural: 2.7% of population"
      },
      "unimproved: total": {
        "text": "total: 0.8% of population (2020 est.)"
      }
    },
    "Health expenditure": {
      "Health expenditure (as % of GDP)": {
        "text": "7% of GDP (2021)"
      },
      "Health expenditure (as % of national budget)": {
        "text": "11.2% of national budget (2022 est.)"
      }
    },
    "Physician density": {
      "text": "1.32 physicians/1,000 population (2021)"
    },
    "Hospital bed density": {
      "text": "2.4 beds/1,000 population (2021 est.)"
    },
    "Sanitation facility access": {
      "improved: urban": {
        "text": "urban: 98.8% of population"
      },
      "improved: rural": {
        "text": "rural: 99.4% of population"
      },
      "improved: total": {
        "text": "total: 99% of population"
      },
      "unimproved: urban": {
        "text": "urban: 1.2% of population"
      },
      "unimproved: rural": {
        "text": "rural: 0.6% of population"
      },
      "unimproved: total": {
        "text": "total: 1% of population (2020 est.)"
      }
    },
    "Obesity - adult prevalence rate": {
      "text": "26.9% (2016)"
    },
    "Alcohol consumption per capita": {
      "total": {
        "text": "1.51 liters of pure alcohol (2019 est.)"
      },
      "beer": {
        "text": "0.99 liters of pure alcohol (2019 est.)"
      },
      "wine": {
        "text": "0.32 liters of pure alcohol (2019 est.)"
      },
      "spirits": {
        "text": "0.17 liters of pure alcohol (2019 est.)"
      },
      "other alcohols": {
        "text": "0.03 liters of pure alcohol (2019 est.)"
      }
    },
    "Tobacco use": {
      "total": {
        "text": "19% (2025 est.)"
      },
      "male": {
        "text": "37.6% (2025 est.)"
      },
      "female": {
        "text": "1.4% (2025 est.)"
      }
    },
    "Children under the age of 5 years underweight": {
      "text": "1.6% (2018)"
    },
    "Currently married women (ages 15-49)": {
      "text": "53.9% (2023 est.)"
    },
    "Child marriage": {
      "women married by age 15": {
        "text": "0% (2018)"
      },
      "women married by age 18": {
        "text": "1.5% (2018)"
      },
      "men married by age 18": {
        "text": "0% (2018)"
      }
    },
    "Education expenditure": {
      "Education expenditure (% GDP)": {
        "text": "6.7% of GDP (2023 est.)"
      },
      "Education expenditure (% national budget)": {
        "text": "17.8% national budget (2024 est.)"
      }
    },
    "Literacy": {
      "total population": {
        "text": "86.2% (2023 est.)"
      },
      "male": {
        "text": "92.7% (2023 est.)"
      },
      "female": {
        "text": "80.1% (2023 est.)"
      }
    },
    "School life expectancy (primary to tertiary education)": {
      "total": {
        "text": "15 years"
      },
      "male": {
        "text": "14 years"
      },
      "female": {
        "text": "16 years (2016)"
      }
    }
  },
  "Environment": {
    "Environment - current issues": {
      "text": "toxic and hazardous waste disposal; water pollution from raw sewage; limited freshwater resources; deforestation; overgrazing; soil erosion; desertification"
    },
    "Environment - international agreements": {
      "party to": {
        "text": "Biodiversity, Climate Change, Climate Change-Kyoto Protocol, Climate Change-Paris Agreement, Comprehensive Nuclear Test Ban, Desertification, Endangered Species, Environmental Modification, Hazardous Wastes, Law of the Sea, Marine Dumping-London Convention, Nuclear Test Ban, Ozone Layer Protection, Ship Pollution, Wetlands"
      },
      "signed, but not ratified": {
        "text": "Marine Life Conservation"
      }
    },
    "Climate": {
      "text": "temperate in north with mild, rainy winters and hot, dry summers; desert in south"
    },
    "Land use": {
      "agricultural land": {
        "text": "62.4% (2022 est.)"
      },
      "agricultural land: arable land": {
        "text": "arable land: 18.2% (2022 est.)"
      },
      "agricultural land: permanent crops": {
        "text": "permanent crops: 13.6% (2022 est.)"
      },
      "agricultural land: permanent pasture": {
        "text": "permanent pasture: 30.6% (2022 est.)"
      },
      "forest": {
        "text": "4.5% (2022 est.)"
      },
      "other": {
        "text": "33% (2022 est.)"
      }
    },
    "Urbanization": {
      "urban population": {
        "text": "70.5% of total population (2023)"
      },
      "rate of urbanization": {
        "text": "1.34% annual rate of change (2020-25 est.)"
      }
    },
    "Air pollutants": {
      "particulate matter emissions": {
        "text": "26.52 micrograms per cubic meter (2019 est.)"
      },
      "carbon dioxide emissions": {
        "text": "29.94 megatons (2016 est.)"
      },
      "methane emissions": {
        "text": "7.89 megatons (2020 est.)"
      }
    },
    "Waste and recycling": {
      "municipal solid waste generated annually": {
        "text": "2.7 million tons (2014 est.)"
      },
      "municipal solid waste recycled annually": {
        "text": "108,000 tons (2014 est.)"
      },
      "percent of municipal solid waste recycled": {
        "text": "4% (2014 est.)"
      }
    },
    "Major aquifers": {
      "text": "North Western Sahara Aquifer System"
    },
    "Total water withdrawal": {
      "municipal": {
        "text": "820 million cubic meters (2020 est.)"
      },
      "industrial": {
        "text": "60 million cubic meters (2020 est.)"
      },
      "agricultural": {
        "text": "2.71 billion cubic meters (2020 est.)"
      }
    },
    "Total renewable water resources": {
      "text": "4.62 billion cubic meters (2020 est.)"
    }
  },
  "Government": {
    "Country name": {
      "conventional long form": {
        "text": "Republic of Tunisia"
      },
      "conventional short form": {
        "text": "Tunisia"
      },
      "local long form": {
        "text": "Al Jumhuriyah at Tunisiyah"
      },
      "local short form": {
        "text": "Tunis"
      },
      "etymology": {
        "text": "the country name derives from the capital city of Tunis"
      }
    },
    "Government type": {
      "text": "parliamentary republic"
    },
    "Capital": {
      "name": {
        "text": "Tunis"
      },
      "geographic coordinates": {
        "text": "36 48 N, 10 11 E"
      },
      "time difference": {
        "text": "UTC+1 (6 hours ahead of Washington, DC, during Standard Time)"
      },
      "etymology": {
        "text": "the origin of the ancient name is unclear; it is sometimes associated with the name of the Phoenician goddess Tanith"
      }
    },
    "Administrative divisions": {
      "text": "24 governorates (<em>wilayat</em>, singular - <em>wilayah</em>); Beja (Bajah), Ben Arous (Bin 'Arus), Bizerte (Banzart), Gabes (Qabis), Gafsa (Qafsah), Jendouba (Jundubah), Kairouan (Al Qayrawan), Kasserine (Al Qasrayn), Kebili (Qibili), Kef (Al Kaf), L'Ariana (Aryanah), Mahdia (Al Mahdiyah), Manouba (Manubah), Medenine (Madanin), Monastir (Al Munastir), Nabeul (Nabul), Sfax (Safaqis), Sidi Bouzid (Sidi Bu Zayd), Siliana (Silyanah), Sousse (Susah), Tataouine (Tatawin), Tozeur (Tawzar), Tunis, Zaghouan (Zaghwan)"
    },
    "Legal system": {
      "text": "mixed system of civil law, based on the French civil code and Islamic (sharia) law; Supreme Court reviews some legislative acts in joint session"
    },
    "Constitution": {
      "history": {
        "text": "<p>several previous; latest - draft published by the president 30 June 2022, approved by referendum 25 July 2022, and adopted 27 July 2022</p>"
      },
      "amendment process": {
        "text": "proposed by the president of the republic or by one third of the Assembly of the Representatives of the People membership; following review by the Constitutional Court, approval to proceed requires an absolute majority vote by the Assembly and final passage requires a two-thirds Assembly majority vote; the president can opt to submit an amendment to a referendum, which requires an absolute majority of votes cast for passage"
      }
    },
    "International law organization participation": {
      "text": "has not submitted an ICJ jurisdiction declaration; accepts ICCt jurisdiction"
    },
    "Citizenship": {
      "citizenship by birth": {
        "text": "no"
      },
      "citizenship by descent only": {
        "text": "at least one parent must be a citizen of Tunisia"
      },
      "dual citizenship recognized": {
        "text": "yes"
      },
      "residency requirement for naturalization": {
        "text": "5 years"
      }
    },
    "Suffrage": {
      "text": "18 years of age; universal except for active government security forces (including the police and the military), people with mental disabilities, people who have served more than three months in prison (criminal cases only), and people given a suspended sentence of more than six months"
    },
    "Executive branch": {
      "chief of state": {
        "text": "President Kais SAIED (since 23 October 2019)"
      },
      "head of government": {
        "text": "Prime Minister Sarra ZAAFRANI Zenzri (since 21 March 2025)"
      },
      "cabinet": {
        "text": "prime minister appointed by the president; cabinet members appointed by the president in consultation with the prime minister"
      },
      "elections/appointments": {
        "text": "president directly elected by absolute-majority popular vote in 2 rounds, if needed, for a 5-year term (eligible for a second term)"
      },
      "most recent election date": {
        "text": "6 October 2024"
      },
      "election results": {
        "text": "<p><em>2024: </em>Kais SAIED reelected president in first round - Kais SAIED (independent) 90.7%, Ayachi ZAMMEL (Long Live Tunisia) 7.3%, Zouhair MAGHZAOUI (People's Movement) 2%<em><br><br>2019:</em> Kais SAIED elected president in second round; percent of vote in first round - Kais SAIED (independent) 18.4%, Nabil KAROUI (Heart of Tunisia) 15.6%, Abdelfattah MOUROU (Nahda Movement) 12.9%, Abdelkrim ZBIDI (independent) 10.7%, Youssef CHAHED (Long Live Tunisia) 7.4%, Safi SAID (independent) 7.1%, Lotfi MRAIHI (Republican People's Union) 6.6%, other 21.3%; percent of vote in second round - Kais SAIED 72.7%, Nabil KAROUI 27.3%</p>"
      },
      "expected date of next election": {
        "text": "2029"
      },
      "note": "<strong>note: </strong>the president can dismiss any member of government on his own initiative or in consultation with the prime minister"
    },
    "Legislative branch": {
      "legislative structure": {
        "text": "bicameral"
      },
      "note": "<strong>note:</strong> in 2022, President SAIED issued a new electoral law that requires all legislative candidates to run as independents"
    },
    "Legislative branch - lower chamber": {
      "chamber name": {
        "text": "Assembly of People's Representatives (Majlis Nawwab ash-Sha'ab)"
      },
      "number of seats": {
        "text": "161 (all directly elected)"
      },
      "electoral system": {
        "text": "plurality/majority"
      },
      "scope of elections": {
        "text": "full renewal"
      },
      "term in office": {
        "text": "5 years"
      },
      "most recent election date": {
        "text": "12/17/2022 to 1/29/2023"
      },
      "percentage of women in chamber": {
        "text": "15.8%"
      },
      "expected date of next election": {
        "text": "December 2027"
      }
    },
    "Legislative branch - upper chamber": {
      "chamber name": {
        "text": "National Council of Regions and Districts"
      },
      "number of seats": {
        "text": "77 (all indirectly elected)"
      },
      "scope of elections": {
        "text": "full renewal"
      },
      "term in office": {
        "text": "5 years"
      },
      "most recent election date": {
        "text": "4/19/2024"
      },
      "percentage of women in chamber": {
        "text": "13%"
      },
      "expected date of next election": {
        "text": "April 2029"
      }
    },
    "Judicial branch": {
      "highest court(s)": {
        "text": "Court of Cassation (consists of the first president, chamber presidents, and magistrates; organized into 27 civil and 11 criminal chambers)"
      },
      "judge selection and term of office": {
        "text": "Supreme Court judges nominated by the Supreme Judicial Council, an independent 4-part body consisting mainly of elected judges and the remainder legal specialists; judge tenure based on terms of appointment; Constitutional Court (established in the 2014 and 2022 constitutions, but never implemented)"
      },
      "subordinate courts": {
        "text": "Courts of Appeal; administrative courts; Court of Audit; Housing Court; courts of first instance; lower district courts; military courts"
      },
      "note": "<strong>note:</strong> the Tunisian constitution of January 2014 called for the establishment of a constitutional court by the end of 2015, but the court was never formed; the new constitution of July 2022 calls for the establishment of a constitutional court consisting of 9 members appointed by presidential decree; members to include former senior judges of other courts"
    },
    "Political parties": {
      "text": "Afek Tounes<br>Al Badil Al-Tounisi (The Tunisian Alternative)<br>Al-Amal Party<br>Call for Tunisia Party (Nidaa Tounes)<br>Current of Love (formerly the Popular Petition party)<br>Democratic Current<br>Democratic Patriots' Unified Party<br>Dignity Coalition or Al Karama Coalition<br>Ennahda Movement (The Renaissance)<br>Ettakatol Party<br>Free Destourian Party or PDL<br>Green Tunisia Party<br>Harakat Hak<br>Heart of Tunisia (Qalb Tounes)<br>July 25 Movement<br>Labor and Achievement Party<br>Long Live Tunisia (Tahya Tounes)<br>Movement of Socialist Democrats or MDS<br>National Coalition Party<br>National Salvation Front<br>New Carthage Party<br>Party of the Democratic Arab Vanguard<br>People's Movement<br>Republican Party (Al Joumhouri)<br>The Movement Party (Hizb Harak)<br>Third Republic Party<br>Tunisian Ba'ath Movement<br>Voice of the Republic<br>Workers' Party",
      "note": "<strong>note:</strong> President SAIED in 2022 issued a decree that forbids political parties' participation in legislative elections; although parties remain a facet of Tunisian political life, they have lost significant influence"
    },
    "Diplomatic representation in the US": {
      "chief of mission": {
        "text": "Ambassador Hanene&nbsp;TAJOURI&nbsp;BESSASSI (since 1 December 2021)"
      },
      "chancery": {
        "text": "1515 Massachusetts Avenue NW, Washington, DC 20005"
      },
      "telephone": {
        "text": "[1] (202) 862-1850"
      },
      "FAX": {
        "text": "[1] (202) 862-1858"
      },
      "email address and website": {
        "text": "<br>AT.Washington@Tunisiaembassy.org<br><br>https://www.tunisianembassy.org/"
      }
    },
    "Diplomatic representation from the US": {
      "chief of mission": {
        "text": "Ambassador Joey HOOD (since 2 February 2023)"
      },
      "embassy": {
        "text": "Les Berges du Lac, 1053 Tunis"
      },
      "mailing address": {
        "text": "6360 Tunis Place, Washington DC&nbsp; 20521-6360"
      },
      "telephone": {
        "text": "[216] 71-107-000"
      },
      "FAX": {
        "text": "[216] 71-107-090"
      },
      "email address and website": {
        "text": "<br>tuniswebsitecontact@state.gov<br><br>https://tn.usembassy.gov/"
      }
    },
    "International organization participation": {
      "text": "ABEDA, AfDB, AFESD, AIIB, AMF, AMU, AU, BSEC (observer), CAEU, CD, EBRD, FAO, G-11, G-77, IAEA, IBRD, ICAO, ICC (national committees), ICCt, ICRM, IDA, IDB, IFAD, IFC, IFRCS, IHO, ILO, IMF, IMO, IMSO, Interpol, IOC, IOM, IPU, ISO, ITSO, ITU, ITUC (NGOs), LAS, MIGA, MONUSCO, NAM, OAS (observer), OIC, OIF, OPCW, OSCE (partner), UN, UNCTAD, UNESCO, UNHCR, UNIDO, UNOCI, UNOOSA, UNWTO, UPU, WCO, WFTU (NGOs), WHO, WIPO, WMO, WTO"
    },
    "Independence": {
      "text": "20 March 1956 (from France)"
    },
    "National holiday": {
      "text": "Independence Day, 20 March (1956); Revolution and Youth Day, 14 January (2011)"
    },
    "Flag description": {
      "text": "red with a white disk in the center with a red crescent around a five-pointed red star; resembles the Ottoman flag (red banner with white crescent and star), a reference to Tunisia's history as part of the Ottoman Empire; red stands for martyrs' blood shed the fight against oppression, and white for peace; the crescent and star are traditional symbols of Islam"
    },
    "National symbol(s)": {
      "text": "red crescent moon and five-pointed star in a white circle"
    },
    "National color(s)": {
      "text": "red, white"
    },
    "National anthem": {
      "name": {
        "text": "\"Humat Al Hima\" (Defenders of the Homeland)"
      },
      "lyrics/music": {
        "text": "Mustafa Sadik AL-RAFII and Aboul-Qacem ECHEBBI/Mohamad Abdel WAHAB"
      },
      "note": "<strong>note:</strong> adopted 1957, replaced 1958, restored 1987; Mohamad Abdel WAHAB also composed the music for the anthem of the United Arab Emirates"
    },
    "National heritage": {
      "total World Heritage Sites": {
        "text": "9 (8 cultural, 1 natural)"
      },
      "selected World Heritage Site locales": {
        "text": "Amphitheatre of El Jem (c); Archaeological Site of Carthage (c); Medina of Tunis (c); Ichkeul National Park (n); Punic Town of Kerkuane (c); Kairouan (c); Medina of Sousse (c); Dougga / Thugga (c); Djerba: Testimony to a settlement pattern in an island territory (c)"
      }
    }
  },
  "Economy": {
    "Economic overview": {
      "text": "lower middle-income North African economy; drafting reforms for foreign lenders; high unemployment, especially for youth and women; hit hard by COVID-19; high public sector wages; high public debt; protectionist austerity measures; key EU trade partner"
    },
    "Real GDP (purchasing power parity)": {
      "Real GDP (purchasing power parity) 2023": {
        "text": "$153.152 billion (2023 est.)"
      },
      "Real GDP (purchasing power parity) 2022": {
        "text": "$153.092 billion (2022 est.)"
      },
      "Real GDP (purchasing power parity) 2021": {
        "text": "$149.106 billion (2021 est.)"
      },
      "note": "<b>note:</b> data in 2021 dollars"
    },
    "Real GDP growth rate": {
      "Real GDP growth rate 2023": {
        "text": "0.04% (2023 est.)"
      },
      "Real GDP growth rate 2022": {
        "text": "2.67% (2022 est.)"
      },
      "Real GDP growth rate 2021": {
        "text": "4.61% (2021 est.)"
      },
      "note": "<b>note:</b> annual GDP % growth based on constant local currency"
    },
    "Real GDP per capita": {
      "Real GDP per capita 2023": {
        "text": "$12,600 (2023 est.)"
      },
      "Real GDP per capita 2022": {
        "text": "$12,600 (2022 est.)"
      },
      "Real GDP per capita 2021": {
        "text": "$12,400 (2021 est.)"
      },
      "note": "<b>note:</b> data in 2021 dollars"
    },
    "GDP (official exchange rate)": {
      "text": "$48.53 billion (2023 est.)",
      "note": "<b>note:</b> data in current dollars at official exchange rate"
    },
    "Inflation rate (consumer prices)": {
      "Inflation rate (consumer prices) 2024": {
        "text": "7.2% (2024 est.)"
      },
      "Inflation rate (consumer prices) 2023": {
        "text": "9.3% (2023 est.)"
      },
      "Inflation rate (consumer prices) 2022": {
        "text": "8.3% (2022 est.)"
      },
      "note": "<b>note:</b> annual % change based on consumer prices"
    },
    "GDP - composition, by sector of origin": {
      "agriculture": {
        "text": "9.5% (2023 est.)"
      },
      "industry": {
        "text": "23.5% (2023 est.)"
      },
      "services": {
        "text": "62.1% (2023 est.)"
      },
      "note": "<b>note:</b> figures may not total 100% due to non-allocated consumption not captured in sector-reported data"
    },
    "GDP - composition, by end use": {
      "household consumption": {
        "text": "73.1% (2023 est.)"
      },
      "government consumption": {
        "text": "19.7% (2023 est.)"
      },
      "investment in fixed capital": {
        "text": "15.9% (2023 est.)"
      },
      "investment in inventories": {
        "text": "0% (2023 est.)"
      },
      "exports of goods and services": {
        "text": "51.9% (2023 est.)"
      },
      "imports of goods and services": {
        "text": "-55.3% (2023 est.)"
      },
      "note": "<b>note:</b> figures may not total 100% due to rounding or gaps in data collection"
    },
    "Agricultural products": {
      "text": "milk, tomatoes, olives, onions, chillies/peppers, watermelons, potatoes, wheat, dates, oranges (2023)",
      "note": "<b>note:</b> top ten agricultural products based on tonnage"
    },
    "Industries": {
      "text": "petroleum, mining (particularly phosphate, iron ore), tourism, textiles, footwear, agribusiness, beverages"
    },
    "Industrial production growth rate": {
      "text": "-0.97% (2023 est.)",
      "note": "<b>note:</b> annual % change in industrial value added based on constant local currency"
    },
    "Labor force": {
      "text": "4.247 million (2024 est.)",
      "note": "<b>note:</b> number of people ages 15 or older who are employed or seeking work"
    },
    "Unemployment rate": {
      "Unemployment rate 2024": {
        "text": "16.2% (2024 est.)"
      },
      "Unemployment rate 2023": {
        "text": "15.1% (2023 est.)"
      },
      "Unemployment rate 2022": {
        "text": "15.3% (2022 est.)"
      },
      "note": "<b>note:</b> % of labor force seeking employment"
    },
    "Youth unemployment rate (ages 15-24)": {
      "total": {
        "text": "40.1% (2024 est.)"
      },
      "male": {
        "text": "41.1% (2024 est.)"
      },
      "female": {
        "text": "37.6% (2024 est.)"
      },
      "note": "<b>note:</b> % of labor force ages 15-24 seeking employment"
    },
    "Population below poverty line": {
      "text": "16.6% (2021 est.)",
      "note": "<b>note:</b> % of population with income below national poverty line"
    },
    "Gini Index coefficient - distribution of family income": {
      "Gini Index coefficient - distribution of family income 2021": {
        "text": "33.7 (2021 est.)"
      },
      "note": "<b>note:</b> index (0-100) of income distribution; higher values represent greater inequality"
    },
    "Average household expenditures": {
      "on food": {
        "text": "22.3% of household expenditures (2023 est.)"
      },
      "on alcohol and tobacco": {
        "text": "3.3% of household expenditures (2023 est.)"
      }
    },
    "Household income or consumption by percentage share": {
      "lowest 10%": {
        "text": "3.1% (2021 est.)"
      },
      "highest 10%": {
        "text": "27% (2021 est.)"
      },
      "note": "<b>note:</b> % share of income accruing to lowest and highest 10% of population"
    },
    "Remittances": {
      "Remittances 2023": {
        "text": "5.92% of GDP (2023 est.)"
      },
      "Remittances 2022": {
        "text": "6.3% of GDP (2022 est.)"
      },
      "Remittances 2021": {
        "text": "6.34% of GDP (2021 est.)"
      },
      "note": "<b>note:</b> personal transfers and compensation between resident and non-resident individuals/households/entities"
    },
    "Budget": {
      "revenues": {
        "text": "$10.866 billion (2019 est.)"
      },
      "expenditures": {
        "text": "$12.375 billion (2019 est.)"
      }
    },
    "Public debt": {
      "Public debt 2017": {
        "text": "70.3% of GDP (2017 est.)"
      }
    },
    "Taxes and other revenues": {
      "text": "24.7% (of GDP) (2017 est.)"
    },
    "Current account balance": {
      "Current account balance 2023": {
        "text": "-$1.111 billion (2023 est.)"
      },
      "Current account balance 2022": {
        "text": "-$3.969 billion (2022 est.)"
      },
      "Current account balance 2021": {
        "text": "-$2.77 billion (2021 est.)"
      },
      "note": "<b>note:</b> balance of payments - net trade and primary/secondary income in current dollars"
    },
    "Exports": {
      "Exports 2023": {
        "text": "$19.732 billion (2023 est.)"
      },
      "Exports 2022": {
        "text": "$17.254 billion (2022 est.)"
      },
      "Exports 2021": {
        "text": "$14.054 billion (2021 est.)"
      },
      "note": "<b>note:</b> balance of payments - exports of goods and services in current dollars"
    },
    "Exports - partners": {
      "text": "France 22%, Italy 17%, Germany 13%, USA 4%, Libya 4% (2023)",
      "note": "<b>note:</b> top five export partners based on percentage share of exports"
    },
    "Exports - commodities": {
      "text": "garments, insulated wire, olive oil, refined petroleum, crude petroleum (2023)",
      "note": "<b>note:</b> top five export commodities based on value in dollars"
    },
    "Imports": {
      "Imports 2023": {
        "text": "$21.953 billion (2023 est.)"
      },
      "Imports 2022": {
        "text": "$22.453 billion (2022 est.)"
      },
      "Imports 2021": {
        "text": "$18.178 billion (2021 est.)"
      },
      "note": "<b>note:</b> balance of payments - imports of goods and services in current dollars"
    },
    "Imports - partners": {
      "text": "Italy 13%, France 12%, China 10%, Russia 8%, Germany 7% (2023)",
      "note": "<b>note:</b> top five import partners based on percentage share of imports"
    },
    "Imports - commodities": {
      "text": "refined petroleum, natural gas, plastic products, cars, plastics (2023)",
      "note": "<b>note:</b> top five import commodities based on value in dollars"
    },
    "Reserves of foreign exchange and gold": {
      "Reserves of foreign exchange and gold 2024": {
        "text": "$8.77 billion (2024 est.)"
      },
      "Reserves of foreign exchange and gold 2023": {
        "text": "$9.24 billion (2023 est.)"
      },
      "Reserves of foreign exchange and gold 2022": {
        "text": "$8.094 billion (2022 est.)"
      },
      "note": "<b>note:</b> holdings of gold (year-end prices)/foreign exchange/special drawing rights in current dollars"
    },
    "Debt - external": {
      "Debt - external 2023": {
        "text": "$21.212 billion (2023 est.)"
      },
      "note": "<b>note:</b> present value of external debt in current US dollars"
    },
    "Exchange rates": {
      "Currency": {
        "text": "Tunisian dinars (TND) per US dollar -"
      },
      "Exchange rates 2024": {
        "text": "3.107 (2024 est.)"
      },
      "Exchange rates 2023": {
        "text": "3.106 (2023 est.)"
      },
      "Exchange rates 2022": {
        "text": "3.104 (2022 est.)"
      },
      "Exchange rates 2021": {
        "text": "2.794 (2021 est.)"
      },
      "Exchange rates 2020": {
        "text": "2.812 (2020 est.)"
      }
    }
  },
  "Energy": {
    "Electricity access": {
      "electrification - total population": {
        "text": "100% (2022 est.)"
      },
      "electrification - urban areas": {
        "text": "100%"
      },
      "electrification - rural areas": {
        "text": "99.7%"
      }
    },
    "Electricity": {
      "installed generating capacity": {
        "text": "6.639 million kW (2023 est.)"
      },
      "consumption": {
        "text": "19.153 billion kWh (2023 est.)"
      },
      "exports": {
        "text": "80 million kWh (2023 est.)"
      },
      "imports": {
        "text": "2.576 billion kWh (2023 est.)"
      },
      "transmission/distribution losses": {
        "text": "4.629 billion kWh (2023 est.)"
      }
    },
    "Electricity generation sources": {
      "fossil fuels": {
        "text": "96.1% of total installed capacity (2023 est.)"
      },
      "solar": {
        "text": "2.3% of total installed capacity (2023 est.)"
      },
      "wind": {
        "text": "1.6% of total installed capacity (2023 est.)"
      }
    },
    "Coal": {
      "consumption": {
        "text": "2,000 metric tons (2022 est.)"
      },
      "exports": {
        "text": "28 metric tons (2023 est.)"
      },
      "imports": {
        "text": "3,000 metric tons (2023 est.)"
      }
    },
    "Petroleum": {
      "total petroleum production": {
        "text": "35,000 bbl/day (2023 est.)"
      },
      "refined petroleum consumption": {
        "text": "104,000 bbl/day (2023 est.)"
      },
      "crude oil estimated reserves": {
        "text": "425 million barrels (2021 est.)"
      }
    },
    "Natural gas": {
      "production": {
        "text": "1.313 billion cubic meters (2023 est.)"
      },
      "consumption": {
        "text": "5.131 billion cubic meters (2023 est.)"
      },
      "imports": {
        "text": "3.887 billion cubic meters (2023 est.)"
      },
      "proven reserves": {
        "text": "65.129 billion cubic meters (2021 est.)"
      }
    },
    "Carbon dioxide emissions": {
      "total emissions": {
        "text": "24.645 million metric tonnes of CO2 (2023 est.)"
      },
      "from coal and metallurgical coke": {
        "text": "4,000 metric tonnes of CO2 (2023 est.)"
      },
      "from petroleum and other liquids": {
        "text": "14.249 million metric tonnes of CO2 (2023 est.)"
      },
      "from consumed natural gas": {
        "text": "10.392 million metric tonnes of CO2 (2023 est.)"
      }
    },
    "Energy consumption per capita": {
      "Total energy consumption per capita 2023": {
        "text": "33.754 million Btu/person (2023 est.)"
      }
    }
  },
  "Communications": {
    "Telephones - fixed lines": {
      "total subscriptions": {
        "text": "1.863 million (2023 est.)"
      },
      "subscriptions per 100 inhabitants": {
        "text": "15 (2023 est.)"
      }
    },
    "Telephones - mobile cellular": {
      "total subscriptions": {
        "text": "16.4 million (2023 est.)"
      },
      "subscriptions per 100 inhabitants": {
        "text": "129 (2022 est.)"
      }
    },
    "Broadcast media": {
      "text": "2 state-owned TV stations; 10 private local TV stations; satellite TV service available; state-owned radio network with 2 stations; several dozen private radio stations and community radio stations; transmissions of multiple international broadcasters available (2019)"
    },
    "Internet country code": {
      "text": ".tn"
    },
    "Internet users": {
      "percent of population": {
        "text": "72% (2023 est.)"
      }
    },
    "Broadband - fixed subscriptions": {
      "total": {
        "text": "1.73 million (2023 est.)"
      },
      "subscriptions per 100 inhabitants": {
        "text": "14 (2023 est.)"
      }
    }
  },
  "Transportation": {
    "Civil aircraft registration country code prefix": {
      "text": "TS"
    },
    "Airports": {
      "text": "14 (2025)"
    },
    "Heliports": {
      "text": "11 (2025)"
    },
    "Railways": {
      "total": {
        "text": "2,173 km (2014) (1,991 in use)"
      },
      "standard gauge": {
        "text": "471 km (2014) 1.435-m gauge"
      },
      "narrow gauge": {
        "text": "1,694 km (2014) 1.000-m gauge (65 km electrified)"
      },
      "dual gauge": {
        "text": "8 km (2014) 1.435-1.000-m gauge"
      }
    },
    "Merchant marine": {
      "total": {
        "text": "72 (2023)"
      },
      "by type": {
        "text": "container ship 1, general cargo 8, oil tanker 1, other 62"
      }
    },
    "Ports": {
      "total ports": {
        "text": "16 (2024)"
      },
      "large": {
        "text": "0"
      },
      "medium": {
        "text": "3"
      },
      "small": {
        "text": "7"
      },
      "very small": {
        "text": "6"
      },
      "ports with oil terminals": {
        "text": "10"
      },
      "key ports": {
        "text": "Ashtart Oil Terminal, Banzart, Didon Terminal, Gabes, La Goulette, Menzel Bourguiba, Mersa Sfax, Sousse, Tazerka Oil Terminal, Tunis"
      }
    }
  },
  "Military and Security": {
    "Military and security forces": {
      "text": "Tunisian Armed Forces (Forces Armées Tunisiennes, FAT): Tunisian Army (includes Air Defense Force), Tunisian Navy, Tunisia Air Force<br><br>Ministry of Interior (MoI): Internal Security Forces (National Police, National Guard) (2025)",
      "note": "<strong>note:</strong> the National Police has primary responsibility for law enforcement in the major cities, while the National Guard (gendarmerie) oversees border security and patrols smaller towns and rural areas"
    },
    "Military expenditures": {
      "Military Expenditures 2024": {
        "text": "2.5% of GDP (2024 est.)"
      },
      "Military Expenditures 2023": {
        "text": "2.5% of GDP (2023 est.)"
      },
      "Military Expenditures 2022": {
        "text": "2.7% of GDP (2022 est.)"
      },
      "Military Expenditures 2021": {
        "text": "3% of GDP (2021 est.)"
      },
      "Military Expenditures 2020": {
        "text": "3% of GDP (2020 est.)"
      }
    },
    "Military and security service personnel strengths": {
      "text": "approximately 35,000 active-duty Armed Forces (25,000 Army; 5,000 Navy; 5,000 Air Force) (2025)"
    },
    "Military equipment inventories and acquisitions": {
      "text": "the Tunisian military's inventory consists mostly of older or second-hand equipment from a wide variety of suppliers, including Brazil, China, Turkey, and the US, as well as several European countries, such as France, Germany, and Italy (2024)"
    },
    "Military service age and obligation": {
      "text": "18-23 years of age for voluntary service for men and women; 20-23 years of age for compulsory (national) service for men with a 12-month service obligation; individuals engaged in higher education or vocational training programs prior to their military drafting are allowed to delay service until they have completed their programs (up to age 35); exemptions allowed for males considered to a family's sole provider (2023)",
      "note": "<strong>note:</strong> women have been allowed in the service since 1975 as volunteers; as of 2023, women constituted about 8% of the military and served in all three services"
    },
    "Military deployments": {
      "text": "775 Central African Republic (MINUSCA) (2024)"
    },
    "Military - note": {
      "text": "the FAT is responsible for territorial defense and internal security; its operational areas of focus are countering Islamist terrorist groups and assisting with securing the border; areas of focus include security operations in the mountainous regions along the Algerian border where smuggling and criminal activity has occurred and militants linked to the al-Qa'ida and Islamic State of Iraq and ash-Sham terrorist groups have been active; the military has the lead for security operations in the area and has conducted joint operations with Algerian security forces; the FAT in recent years also has increased its role in securing the southern border with Libya against terrorist activity and infiltrators, criminal gangs, smuggling, and trafficking; in the remote areas of the border with Libya, buffer/exclusion zones have also been established where the military has the lead for security and counter-terrorism operations; outside of these border areas, the Ministry of Interior has responsibility<br> <br>the FAT conducts bilateral and multinational training exercises with a variety of countries, including Algeria and other North African and Middle Eastern countries, France, and the US, as well as NATO; it also participates in UN peacekeeping operations; Tunisia has Major Non-NATO Ally (MNNA) status with the US, a designation under US law that provides foreign partners with certain benefits in the areas of defense trade and security cooperation (2024)"
    }
  },
  "Terrorism": {
    "Terrorist group(s)": {
      "text": "Ansar al-Sharia in Tunisia; Islamic State of Iraq and ash-Sham (ISIS) network in Tunisia (known locally as Ajnad al-Khilafah or the Army of the Caliphate); al-Qa'ida in the Islamic Maghreb",
      "note": "<strong>note:</strong> details about the history, aims, leadership, organization, areas of operation, tactics, targets, weapons, size, and sources of support of the group(s) appear(s) in the Terrorism reference guide"
    }
  },
  "Transnational Issues": {
    "Illicit drugs": {
      "text": "NA"
    }
  }
}