{
  "Introduction": {
    "Background": {
      "text": "<p>An ancient crossroads for various migrations, Uganda has as many as 65 ethnic groups that speak languages from three of Africa’s four major linguistic families. As early as 1200, fertile soils and regular rainfall in the south fostered the formation of several large, centralized kingdoms, including Buganda, from which the country derives its name. Muslim traders from Egypt reached northern Uganda in the 1820s, and Swahili merchants from the Indian Ocean coast arrived in the south by the 1840s. The area attracted the attention of British explorers seeking the source of the Nile River in the 1860s, and this influence expanded in subsequent decades with the arrival of Christian missionaries and trade agreements; Uganda was declared a British protectorate in 1894. Buganda and other southern kingdoms negotiated agreements with Britain to secure privileges and a level of autonomy that were rare during the colonial period in Africa. Uganda's colonial boundaries grouped together a wide range of ethnic groups with different political systems and cultures, and the disparities between how Britain governed southern and northern areas compounded these differences, complicating efforts to establish a cohesive independent country.<br><br>Uganda gained independence in 1962 with one of the more developed economies and one of the strongest education systems in Sub-Saharan Africa, but it descended within a few years into political turmoil and internal conflict that lasted more than two decades. In 1966, Prime Minister Milton OBOTE suspended the constitution and violently deposed President Edward MUTESA, who was also the king of Buganda. Idi AMIN seized power in 1971 through a military coup and led the country into economic ruin and rampant mass atrocities that killed as many as 500,000 civilians. AMIN’s annexation of Tanzanian territory in 1979 provoked Tanzania to invade Uganda, depose AMIN, and install a coalition government. In the aftermath, Uganda continued to experience atrocities, looting, and political instability and had four different heads of state between 1979 and 1980. OBOTE regained the presidency in 1980 through a controversial election that sparked renewed guerrilla warfare, killing as an estimated 300,000 civilians. Gen. Tito OKELLO seized power in a coup in 1985, but his rule was short-lived, with Yoweri MUSEVENI becoming president in 1986 after his insurgency captured the capital. MUSEVENI is widely credited with restoring relative stability and economic growth to Uganda but has resisted calls to leave office. In 2017, parliament removed presidential age limits, making it possible for MUSEVENI to remain in office for life. </p>"
    }
  },
  "Geography": {
    "Location": {
      "text": "East-Central Africa, west of Kenya, east of the Democratic Republic of the Congo"
    },
    "Geographic coordinates": {
      "text": "1 00 N, 32 00 E"
    },
    "Map references": {
      "text": "Africa"
    },
    "Area": {
      "total ": {
        "text": "241,038 sq km"
      },
      "land": {
        "text": "197,100 sq km"
      },
      "water": {
        "text": "43,938 sq km"
      }
    },
    "Area - comparative": {
      "text": "slightly more than two times the size of Pennsylvania; slightly smaller than Oregon"
    },
    "Land boundaries": {
      "total": {
        "text": "2,729 km"
      },
      "border countries": {
        "text": "Democratic Republic of the Congo 877 km; Kenya 814 km; Rwanda 172 km; South Sudan 475 km; Tanzania 391 km"
      }
    },
    "Coastline": {
      "text": "0 km (landlocked)"
    },
    "Maritime claims": {
      "text": "none (landlocked)"
    },
    "Climate": {
      "text": "tropical; generally rainy with two dry seasons (December to February, June to August); semiarid in northeast"
    },
    "Terrain": {
      "text": "mostly plateau with rim of mountains"
    },
    "Elevation": {
      "highest point": {
        "text": "Margherita Peak on Mount Stanley 5,110 m"
      },
      "lowest point": {
        "text": "Albert Nile 614 m"
      }
    },
    "Natural resources": {
      "text": "copper, cobalt, hydropower, limestone, salt, arable land, gold"
    },
    "Land use": {
      "agricultural land": {
        "text": "71.9% (2022 est.)"
      },
      "agricultural land: arable land": {
        "text": "arable land: 34.4% (2022 est.)"
      },
      "agricultural land: permanent crops": {
        "text": "permanent crops: 11% (2022 est.)"
      },
      "agricultural land: permanent pasture": {
        "text": "permanent pasture: 26.5% (2022 est.)"
      },
      "forest": {
        "text": "11.2% (2022 est.)"
      },
      "other": {
        "text": "16.9% (2022 est.)"
      }
    },
    "Irrigated land": {
      "text": "105 sq km (2013)"
    },
    "Major lakes (area sq km)": {
      "fresh water lake(s)": {
        "text": "Lake Victoria (shared with Tanzania and Kenya) - 62,940 sq km; Lake Albert (shared with Democratic Republic of Congo) - 5,590 sq km; Lake Kyoga - 4,430 sq km; Lake Edward (shared with Democratic Republic of Congo) - 2,150 sq km"
      }
    },
    "Major rivers (by length in km)": {
      "text": "<p>Nile (shared with Rwanda [s], Tanzania, South Sudan, Sudan, and Egypt [m]) - 6,650 km<br><br><strong>note:</strong> [s] after country name indicates river source; [m] after country name indicates river mouth</p>"
    },
    "Major watersheds (area sq km)": {
      "text": "Atlantic Ocean drainage: Congo (3,730,881 sq km), <em>(Mediterranean Sea)</em> Nile (3,254,853 sq km)"
    },
    "Population distribution": {
      "text": "population density is relatively high in comparison to other African nations; most of the population is concentrated in the central and southern parts of the country, particularly along the shores of Lake Victoria and Lake Albert; the northeast is least populated, as shown in this population distribution map"
    },
    "Natural hazards": {
      "text": "droughts; floods; earthquakes; landslides; hailstorms"
    },
    "Geography - note": {
      "text": "landlocked; fertile, well-watered country with many lakes and rivers; Lake Victoria, the world's largest tropical lake and second-largest freshwater lake, is shared among three countries: Kenya, Tanzania, and Uganda"
    }
  },
  "People and Society": {
    "Population": {
      "total": {
        "text": "49,283,041 (2024 est.)"
      },
      "male": {
        "text": "24,040,560"
      },
      "female": {
        "text": "25,242,481"
      }
    },
    "Nationality": {
      "noun": {
        "text": "Ugandan(s)"
      },
      "adjective": {
        "text": "Ugandan"
      }
    },
    "Ethnic groups": {
      "text": "Baganda 16.5%, Banyankole 9.6%, Basoga 8.8%, Bakiga 7.1%, Iteso 7%, Langi 6.3%, Bagisu 4.9%, Acholi 4.4%, Lugbara 3.3%, other 32.1% (2014 est.)"
    },
    "Languages": {
      "text": "English (official), Ganda or Luganda (most widely used of the Niger-Congo languages and the language used most often in the capital), other Niger-Congo languages, Nilo-Saharan languages, Swahili (official), Arabic"
    },
    "Religions": {
      "text": "Protestant 45.1% (Anglican 32.0%, Pentecostal/Born Again/Evangelical 11.1%, Seventh Day Adventist 1.7%, Baptist .3%), Roman Catholic 39.3%, Muslim 13.7%, other 1.6%, none 0.2% (2014 est.)"
    },
    "Age structure": {
      "0-14 years": {
        "text": "47% (male 11,747,745/female 11,427,932)"
      },
      "15-64 years": {
        "text": "50.6% (male 11,788,483/female 13,131,051)"
      },
      "65 years and over": {
        "text": "2.4% (2024 est.) (male 504,332/female 683,498)"
      }
    },
    "Dependency ratios": {
      "total dependency ratio": {
        "text": "97.8 (2024 est.)"
      },
      "youth dependency ratio": {
        "text": "93 (2024 est.)"
      },
      "elderly dependency ratio": {
        "text": "4.8 (2024 est.)"
      },
      "potential support ratio": {
        "text": "21 (2024 est.)"
      }
    },
    "Median age": {
      "total": {
        "text": "16.2 years (2024 est.)"
      },
      "male": {
        "text": "15.5 years"
      },
      "female": {
        "text": "17.1 years"
      }
    },
    "Population growth rate": {
      "text": "3.18% (2024 est.)"
    },
    "Birth rate": {
      "text": "39.6 births/1,000 population (2024 est.)"
    },
    "Death rate": {
      "text": "4.7 deaths/1,000 population (2024 est.)"
    },
    "Net migration rate": {
      "text": "-3.1 migrant(s)/1,000 population (2024 est.)"
    },
    "Population distribution": {
      "text": "population density is relatively high in comparison to other African nations; most of the population is concentrated in the central and southern parts of the country, particularly along the shores of Lake Victoria and Lake Albert; the northeast is least populated, as shown in this population distribution map"
    },
    "Urbanization": {
      "urban population": {
        "text": "26.8% of total population (2023)"
      },
      "rate of urbanization": {
        "text": "5.41% annual rate of change (2020-25 est.)"
      }
    },
    "Major urban areas - population": {
      "text": "3.846 million KAMPALA (capital) (2023)"
    },
    "Sex ratio": {
      "at birth": {
        "text": "1.03 male(s)/female"
      },
      "0-14 years": {
        "text": "1.03 male(s)/female"
      },
      "15-64 years": {
        "text": "0.9 male(s)/female"
      },
      "65 years and over": {
        "text": "0.74 male(s)/female"
      },
      "total population": {
        "text": "0.95 male(s)/female (2024 est.)"
      }
    },
    "Mother's mean age at first birth": {
      "text": "19.4 years (2016 est.)",
      "note": "<strong>note:</strong> data represents median age at first birth among women 20-49"
    },
    "Maternal mortality ratio": {
      "text": "284 deaths/100,000 live births (2020 est.)"
    },
    "Infant mortality rate": {
      "total": {
        "text": "28.5 deaths/1,000 live births (2024 est.)"
      },
      "male": {
        "text": "31.8 deaths/1,000 live births"
      },
      "female": {
        "text": "25.1 deaths/1,000 live births"
      }
    },
    "Life expectancy at birth": {
      "total population": {
        "text": "69.7 years (2024 est.)"
      },
      "male": {
        "text": "67.5 years"
      },
      "female": {
        "text": "72 years"
      }
    },
    "Total fertility rate": {
      "text": "5.17 children born/woman (2024 est.)"
    },
    "Gross reproduction rate": {
      "text": "2.55 (2024 est.)"
    },
    "Contraceptive prevalence rate": {
      "text": "50.2% (2021)"
    },
    "Drinking water source": {
      "improved: urban": {
        "text": "urban: 92.5% of population"
      },
      "improved: rural": {
        "text": "rural: 80% of population"
      },
      "improved: total": {
        "text": "total: 83.1% of population"
      },
      "unimproved: urban": {
        "text": "urban: 7.5% of population"
      },
      "unimproved: rural": {
        "text": "rural: 20% of population"
      },
      "unimproved: total": {
        "text": "total: 16.9% of population (2020 est.)"
      }
    },
    "Health expenditure": {
      "Health expenditure (as % of GDP)": {
        "text": "4.7% of GDP (2021)"
      },
      "Health expenditure (as % of national budget)": {
        "text": "4.9% of national budget (2022 est.)"
      }
    },
    "Physician density": {
      "text": "0.19 physicians/1,000 population (2022)"
    },
    "Sanitation facility access": {
      "improved: urban": {
        "text": "urban: 67.3% of population"
      },
      "improved: rural": {
        "text": "rural: 27.5% of population"
      },
      "improved: total": {
        "text": "total: 37.4% of population"
      },
      "unimproved: urban": {
        "text": "urban: 32.7% of population"
      },
      "unimproved: rural": {
        "text": "rural: 72.5% of population"
      },
      "unimproved: total": {
        "text": "total: 62.6% of population (2020 est.)"
      }
    },
    "Obesity - adult prevalence rate": {
      "text": "5.3% (2016)"
    },
    "Alcohol consumption per capita": {
      "total": {
        "text": "6.82 liters of pure alcohol (2019 est.)"
      },
      "beer": {
        "text": "0.85 liters of pure alcohol (2019 est.)"
      },
      "wine": {
        "text": "0.01 liters of pure alcohol (2019 est.)"
      },
      "spirits": {
        "text": "0.5 liters of pure alcohol (2019 est.)"
      },
      "other alcohols": {
        "text": "5.46 liters of pure alcohol (2019 est.)"
      }
    },
    "Tobacco use": {
      "total": {
        "text": "4.5% (2025 est.)"
      },
      "male": {
        "text": "7.8% (2025 est.)"
      },
      "female": {
        "text": "1.5% (2025 est.)"
      }
    },
    "Children under the age of 5 years underweight": {
      "text": "7.6% (2019/20)"
    },
    "Currently married women (ages 15-49)": {
      "text": "58.3% (2023 est.)"
    },
    "Child marriage": {
      "women married by age 15": {
        "text": "7.3% (2016)"
      },
      "women married by age 18": {
        "text": "34% (2016)"
      },
      "men married by age 18": {
        "text": "5.5% (2016)"
      }
    },
    "Education expenditure": {
      "Education expenditure (% GDP)": {
        "text": "2.6% of GDP (2022 est.)"
      },
      "Education expenditure (% national budget)": {
        "text": "8.5% national budget (2022 est.)"
      }
    },
    "Literacy": {
      "total population": {
        "text": "69.1% (2016 est.)"
      },
      "male": {
        "text": "78.5% (2016 est.)"
      },
      "female": {
        "text": "61% (2016 est.)"
      }
    }
  },
  "Environment": {
    "Environment - current issues": {
      "text": "draining of wetlands for agricultural use; deforestation; overgrazing; soil erosion; water pollution from industrial discharge and water hyacinth infestation in Lake Victoria; widespread poaching"
    },
    "Environment - international agreements": {
      "party to": {
        "text": "Biodiversity, Climate Change, Climate Change-Kyoto Protocol, Climate Change-Paris Agreement, Comprehensive Nuclear Test Ban, Desertification, Endangered Species, Hazardous Wastes, Law of the Sea, Marine Life Conservation, Nuclear Test Ban, Ozone Layer Protection, Ship Pollution, Wetlands"
      },
      "signed, but not ratified": {
        "text": "Environmental Modification"
      }
    },
    "Climate": {
      "text": "tropical; generally rainy with two dry seasons (December to February, June to August); semiarid in northeast"
    },
    "Land use": {
      "agricultural land": {
        "text": "71.9% (2022 est.)"
      },
      "agricultural land: arable land": {
        "text": "arable land: 34.4% (2022 est.)"
      },
      "agricultural land: permanent crops": {
        "text": "permanent crops: 11% (2022 est.)"
      },
      "agricultural land: permanent pasture": {
        "text": "permanent pasture: 26.5% (2022 est.)"
      },
      "forest": {
        "text": "11.2% (2022 est.)"
      },
      "other": {
        "text": "16.9% (2022 est.)"
      }
    },
    "Urbanization": {
      "urban population": {
        "text": "26.8% of total population (2023)"
      },
      "rate of urbanization": {
        "text": "5.41% annual rate of change (2020-25 est.)"
      }
    },
    "Air pollutants": {
      "particulate matter emissions": {
        "text": "31.31 micrograms per cubic meter (2019 est.)"
      },
      "carbon dioxide emissions": {
        "text": "5.68 megatons (2016 est.)"
      },
      "methane emissions": {
        "text": "30.24 megatons (2020 est.)"
      }
    },
    "Waste and recycling": {
      "municipal solid waste generated annually": {
        "text": "7,045,050 tons (2016 est.)"
      },
      "municipal solid waste recycled annually": {
        "text": "422,703 tons (2017 est.)"
      },
      "percent of municipal solid waste recycled": {
        "text": "6% (2017 est.)"
      }
    },
    "Major lakes (area sq km)": {
      "fresh water lake(s)": {
        "text": "Lake Victoria (shared with Tanzania and Kenya) - 62,940 sq km; Lake Albert (shared with Democratic Republic of Congo) - 5,590 sq km; Lake Kyoga - 4,430 sq km; Lake Edward (shared with Democratic Republic of Congo) - 2,150 sq km"
      }
    },
    "Major rivers (by length in km)": {
      "text": "<p>Nile (shared with Rwanda [s], Tanzania, South Sudan, Sudan, and Egypt [m]) - 6,650 km<br><br><strong>note:</strong> [s] after country name indicates river source; [m] after country name indicates river mouth</p>"
    },
    "Major watersheds (area sq km)": {
      "text": "Atlantic Ocean drainage: Congo (3,730,881 sq km), <em>(Mediterranean Sea)</em> Nile (3,254,853 sq km)"
    },
    "Total water withdrawal": {
      "municipal": {
        "text": "330 million cubic meters (2020 est.)"
      },
      "industrial": {
        "text": "50 million cubic meters (2020 est.)"
      },
      "agricultural": {
        "text": "260 million cubic meters (2020 est.)"
      }
    },
    "Total renewable water resources": {
      "text": "60.1 billion cubic meters (2020 est.)"
    }
  },
  "Government": {
    "Country name": {
      "conventional long form": {
        "text": "Republic of Uganda"
      },
      "conventional short form": {
        "text": "Uganda"
      },
      "etymology": {
        "text": "the name is derived from the Swahili word <em>u</em>, meaning \"land\" or \"country,\" and the Ganda people; the origin of the Ganda name is unclear"
      }
    },
    "Government type": {
      "text": "presidential republic"
    },
    "Capital": {
      "name": {
        "text": "Kampala"
      },
      "geographic coordinates": {
        "text": "0 19 N, 32 33 E"
      },
      "time difference": {
        "text": "UTC+3 (8 hours ahead of Washington, DC, during Standard Time)"
      },
      "etymology": {
        "text": "the name is said to come from an African antelope, the impala"
      }
    },
    "Administrative divisions": {
      "text": "134 districts and 1 capital city*; Abim, Adjumani, Agago, Alebtong, Amolatar, Amudat, Amuria, Amuru, Apac, Arua, Budaka, Bududa, Bugiri, Bugweri, Buhweju, Buikwe, Bukedea, Bukomansimbi, Bukwo, Bulambuli, Buliisa, Bundibugyo, Bunyangabu, Bushenyi, Busia, Butaleja, Butambala, Butebo, Buvuma, Buyende, Dokolo, Gomba, Gulu, Hoima, Ibanda, Iganga, Isingiro, Jinja, Kaabong, Kabale, Kabarole, Kaberamaido, Kagadi, Kakumiro, Kalaki, Kalangala, Kaliro, Kalungu, Kampala*, Kamuli, Kamwenge, Kanungu, Kapchorwa, Kapelebyong, Karenga, Kasese, Kasanda, Katakwi, Kayunga, Kazo, Kibaale, Kiboga, Kibuku, Kikuube, Kiruhura, Kiryandongo, Kisoro, Kitagwenda, Kitgum, Koboko, Kole, Kotido, Kumi, Kwania, Kween, Kyankwanzi, Kyegegwa, Kyenjojo, Kyotera, Lamwo, Lira, Luuka, Luwero, Lwengo, Lyantonde, Madi-Okollo, Manafwa, Maracha, Masaka, Masindi, Mayuge, Mbale, Mbarara, Mitooma, Mityana, Moroto, Moyo, Mpigi, Mubende, Mukono, Nabilatuk, Nakapiripirit, Nakaseke, Nakasongola, Namayingo, Namisindwa, Namutumba, Napak, Nebbi, Ngora, Ntoroko, Ntungamo, Nwoya, Obongi, Omoro, Otuke, Oyam, Pader, Pakwach, Pallisa, Rakai, Rubanda, Rubirizi, Rukiga, Rukungiri, Rwampara, Sembabule, Serere, Sheema, Sironko, Soroti, Tororo, Wakiso, Yumbe, Zombo"
    },
    "Legal system": {
      "text": "mixed system of English common law and customary law"
    },
    "Constitution": {
      "history": {
        "text": "several previous; latest adopted 27 September 1995, promulgated 8 October 1995"
      },
      "amendment process": {
        "text": "proposed by the National Assembly; passage requires at least two-thirds majority vote of the Assembly membership in the second and third readings; proposals affecting \"entrenched clauses,\" including the sovereignty of the people, supremacy of the constitution, human rights and freedoms, the democratic and multiparty form of government, presidential term of office, independence of the judiciary, and the institutions of traditional or cultural leaders, also requires passage by referendum, ratification by at least two-thirds majority vote of district council members in at least two thirds of Uganda's districts, and assent of the president of the republic"
      }
    },
    "International law organization participation": {
      "text": "accepts compulsory ICJ jurisdiction; accepts ICCt jurisdiction"
    },
    "Citizenship": {
      "citizenship by birth": {
        "text": "no"
      },
      "citizenship by descent only": {
        "text": "at least one parent or grandparent must be a native-born citizen of Uganda"
      },
      "dual citizenship recognized": {
        "text": "yes"
      },
      "residency requirement for naturalization": {
        "text": "an aggregate of 20 years and continuously for the last 2 years prior to applying for citizenship"
      }
    },
    "Suffrage": {
      "text": "18 years of age; universal"
    },
    "Executive branch": {
      "chief of state": {
        "text": "President Yoweri Kaguta MUSEVENI (since 26 January 1986)"
      },
      "head of government": {
        "text": "Prime Minister Robinah NABBANJA (since 14 June 2021)"
      },
      "cabinet": {
        "text": "Cabinet appointed by the president from among elected members of Parliament or persons who qualify to be elected as members of Parliament"
      },
      "elections/appointments": {
        "text": "president directly elected by absolute-majority popular vote in 2 rounds, if needed, for a 5-year term (no term limits)"
      },
      "most recent election date": {
        "text": "14 January 2021"
      },
      "election results": {
        "text": "<em><br>2021: </em>Yoweri Kaguta MUSEVENI reelected president in the first round; percent of vote - Yoweri Kaguta MUSEVENI (NRM) 58.6%, Robert Kyagulanyi SSENTAMU (aka Bobi WINE) (NUP) 34.8%, Patrick Oboi AMURIAT (FDC) 3.2%, other 3.4%<br><em><br><em>2016: </em></em>Yoweri Kaguta MUSEVENI reelected president in the first round; percent of vote - Yoweri Kaguta MUSEVENI (NRM) 60.6%, Kizza BESIGYE (FDC) 35.6%, other 3.8%"
      },
      "expected date of next election": {
        "text": "2026"
      }
    },
    "Legislative branch": {
      "legislature name": {
        "text": "Parliament"
      },
      "legislative structure": {
        "text": "unicameral"
      },
      "number of seats": {
        "text": "529 (499 directly elected; 30 indirectly elected)"
      },
      "electoral system": {
        "text": "plurality/majority"
      },
      "scope of elections": {
        "text": "full renewal"
      },
      "term in office": {
        "text": "5 years"
      },
      "most recent election date": {
        "text": "1/14/2021 to 1/18/2021"
      },
      "parties elected and seats per party": {
        "text": "National Resistance Movement (NRM) (336); National Unity Platform (NUP) (57); Forum for Democratic Change (FDC) (32); Independents (74); Other (30)"
      },
      "percentage of women in chamber": {
        "text": "34.1%"
      },
      "expected date of next election": {
        "text": "January 2026"
      }
    },
    "Judicial branch": {
      "highest court(s)": {
        "text": "Supreme Court of Uganda (consists of the chief justice and at least 6 justices)"
      },
      "judge selection and term of office": {
        "text": "justices appointed by the president of the republic in consultation with the Judicial Service Commission, an 8-member independent advisory body, and approved by the National Assembly; justices serve until mandatory retirement at age 70"
      },
      "subordinate courts": {
        "text": "Court of Appeal (also acts as the Constitutional Court); High Court (includes 12 High Court Circuits and 8 High Court Divisions); Industrial Court; Chief Magistrate Grade One and Grade Two Courts throughout the country; qadhis courts; local council courts; family and children courts"
      }
    },
    "Political parties": {
      "text": "Democratic Party or DP<br>Forum for Democratic Change or FDC<br>Justice Forum or JEEMA<br>National Resistance Movement or NRM<br>National Unity Platform<br>People's Progressive Party or PPP<br>Uganda People's Congress or UPC"
    },
    "Diplomatic representation in the US": {
      "chief of mission": {
        "text": "Ambassador Robie KAKONGE (since 12 December 2022)"
      },
      "chancery": {
        "text": "5911 16th Street NW, Washington, DC 20011"
      },
      "telephone": {
        "text": "[1] (202) 726-7100"
      },
      "FAX": {
        "text": "[1] (202) 726-1727"
      },
      "email address and website": {
        "text": "<br>washington@mofa.go.ug<br><br>https://washington.mofa.go.ug/"
      }
    },
    "Diplomatic representation from the US": {
      "chief of mission": {
        "text": "Ambassador William W. POPP (since 20 September 2023)"
      },
      "embassy": {
        "text": "1577 Ggaba Road, Kampala"
      },
      "mailing address": {
        "text": "2190 Kampala Place, Washington DC&nbsp; 20521-2190"
      },
      "telephone": {
        "text": "[256] (0) 312-306-001"
      },
      "FAX": {
        "text": "[256] (0) 414-259-794"
      },
      "email address and website": {
        "text": "<br>KampalaWebContact@state.gov<br><br>https://ug.usembassy.gov/"
      }
    },
    "International organization participation": {
      "text": "ACP, AfDB, ATMIS, AU, C, COMESA, EAC, EADB, FAO, G-77, IAEA, IBRD, ICAO, ICC (national committees), ICCt, IDA, IDB, IFAD, IFC, IFRCS, IGAD, ILO, IMF, IMO, Interpol, IOC, IOM, IPU, ISO (correspondent), ITC, ITSO, ITU, ITUC (NGOs), MIGA, NAM, OIC, OPCW, PCA, UN, UNCDF, UNCTAD, UNECA, UNDP, UNFPA, UNESCO, UNHCR, UNICEF, UNIDO, UNISFA, UNOCI, UNOPS, UNSOM, UNWTO, UPU, WCO, WFP, WFTU (NGOs), WHO, WIPO, WMO, WTO"
    },
    "Independence": {
      "text": "9 October 1962 (from the UK)"
    },
    "National holiday": {
      "text": "Independence Day, 9 October (1962)"
    },
    "Flag description": {
      "text": "six equal horizontal bands of black (top), yellow, red, black, yellow, and red; a white disk is at the center and shows a grey crowned crane (the national symbol); black stands for the African people, yellow for sunshine and vitality, and red for African brotherhood"
    },
    "National symbol(s)": {
      "text": "grey crowned crane"
    },
    "National color(s)": {
      "text": "black, yellow, red"
    },
    "National anthem": {
      "name": {
        "text": "\"Oh Uganda, Land of Beauty!\""
      },
      "lyrics/music": {
        "text": "George Wilberforce KAKOMOA"
      },
      "note": "<strong>note:</strong> adopted 1962"
    },
    "National heritage": {
      "total World Heritage Sites": {
        "text": "3 (1 cultural, 2 natural)"
      },
      "selected World Heritage Site locales": {
        "text": "Bwindi Impenetrable National Park (n); Rwenzori Mountains National Park (n); Tombs of Buganda Kings at Kasubi (c)"
      }
    }
  },
  "Economy": {
    "Economic overview": {
      "text": "low-income, primarily agrarian East African economy; COVID-19 hurt economic growth and poverty reduction; lower oil prices threaten prior sector investments; endemic corruption; natural resource rich; high female labor force participation but undervalued"
    },
    "Real GDP (purchasing power parity)": {
      "Real GDP (purchasing power parity) 2023": {
        "text": "$135.803 billion (2023 est.)"
      },
      "Real GDP (purchasing power parity) 2022": {
        "text": "$128.923 billion (2022 est.)"
      },
      "Real GDP (purchasing power parity) 2021": {
        "text": "$123.267 billion (2021 est.)"
      },
      "note": "<b>note:</b> data in 2021 dollars"
    },
    "Real GDP growth rate": {
      "Real GDP growth rate 2023": {
        "text": "5.34% (2023 est.)"
      },
      "Real GDP growth rate 2022": {
        "text": "4.59% (2022 est.)"
      },
      "Real GDP growth rate 2021": {
        "text": "3.54% (2021 est.)"
      },
      "note": "<b>note:</b> annual GDP % growth based on constant local currency"
    },
    "Real GDP per capita": {
      "Real GDP per capita 2023": {
        "text": "$2,800 (2023 est.)"
      },
      "Real GDP per capita 2022": {
        "text": "$2,700 (2022 est.)"
      },
      "Real GDP per capita 2021": {
        "text": "$2,700 (2021 est.)"
      },
      "note": "<b>note:</b> data in 2021 dollars"
    },
    "GDP (official exchange rate)": {
      "text": "$48.769 billion (2023 est.)",
      "note": "<b>note:</b> data in current dollars at official exchange rate"
    },
    "Inflation rate (consumer prices)": {
      "Inflation rate (consumer prices) 2024": {
        "text": "3.3% (2024 est.)"
      },
      "Inflation rate (consumer prices) 2023": {
        "text": "5.4% (2023 est.)"
      },
      "Inflation rate (consumer prices) 2022": {
        "text": "7.2% (2022 est.)"
      },
      "note": "<b>note:</b> annual % change based on consumer prices"
    },
    "GDP - composition, by sector of origin": {
      "agriculture": {
        "text": "24.1% (2023 est.)"
      },
      "industry": {
        "text": "25.8% (2023 est.)"
      },
      "services": {
        "text": "42.5% (2023 est.)"
      },
      "note": "<b>note:</b> figures may not total 100% due to non-allocated consumption not captured in sector-reported data"
    },
    "GDP - composition, by end use": {
      "household consumption": {
        "text": "71.6% (2023 est.)"
      },
      "government consumption": {
        "text": "9.6% (2023 est.)"
      },
      "investment in fixed capital": {
        "text": "22.1% (2023 est.)"
      },
      "investment in inventories": {
        "text": "0.7% (2023 est.)"
      },
      "exports of goods and services": {
        "text": "11.6% (2023 est.)"
      },
      "imports of goods and services": {
        "text": "-21.7% (2023 est.)"
      },
      "note": "<b>note:</b> figures may not total 100% due to rounding or gaps in data collection"
    },
    "Agricultural products": {
      "text": "plantains, sugarcane, milk, maize, cassava, sweet potatoes, vegetables, beans, potatoes, tea (2023)",
      "note": "<b>note:</b> top ten agricultural products based on tonnage"
    },
    "Industries": {
      "text": "sugar processing, brewing, tobacco, cotton textiles; cement, steel production"
    },
    "Industrial production growth rate": {
      "text": "4.03% (2023 est.)",
      "note": "<b>note:</b> annual % change in industrial value added based on constant local currency"
    },
    "Labor force": {
      "text": "22.829 million (2024 est.)",
      "note": "<b>note:</b> number of people ages 15 or older who are employed or seeking work"
    },
    "Unemployment rate": {
      "Unemployment rate 2024": {
        "text": "2.9% (2024 est.)"
      },
      "Unemployment rate 2023": {
        "text": "2.8% (2023 est.)"
      },
      "Unemployment rate 2022": {
        "text": "2.9% (2022 est.)"
      },
      "note": "<b>note:</b> % of labor force seeking employment"
    },
    "Youth unemployment rate (ages 15-24)": {
      "total": {
        "text": "4.5% (2024 est.)"
      },
      "male": {
        "text": "3.5% (2024 est.)"
      },
      "female": {
        "text": "5.5% (2024 est.)"
      },
      "note": "<b>note:</b> % of labor force ages 15-24 seeking employment"
    },
    "Population below poverty line": {
      "text": "20.3% (2019 est.)",
      "note": "<b>note:</b> % of population with income below national poverty line"
    },
    "Gini Index coefficient - distribution of family income": {
      "Gini Index coefficient - distribution of family income 2019": {
        "text": "42.7 (2019 est.)"
      },
      "note": "<b>note:</b> index (0-100) of income distribution; higher values represent greater inequality"
    },
    "Average household expenditures": {
      "on food": {
        "text": "38.6% of household expenditures (2023 est.)"
      },
      "on alcohol and tobacco": {
        "text": "1.5% of household expenditures (2023 est.)"
      }
    },
    "Household income or consumption by percentage share": {
      "lowest 10%": {
        "text": "2.4% (2019 est.)"
      },
      "highest 10%": {
        "text": "34.5% (2019 est.)"
      },
      "note": "<b>note:</b> % share of income accruing to lowest and highest 10% of population"
    },
    "Remittances": {
      "Remittances 2023": {
        "text": "2.93% of GDP (2023 est.)"
      },
      "Remittances 2022": {
        "text": "2.74% of GDP (2022 est.)"
      },
      "Remittances 2021": {
        "text": "2.85% of GDP (2021 est.)"
      },
      "note": "<b>note:</b> personal transfers and compensation between resident and non-resident individuals/households/entities"
    },
    "Budget": {
      "revenues": {
        "text": "$6.895 billion (2022 est.)"
      },
      "expenditures": {
        "text": "$7.473 billion (2022 est.)"
      },
      "note": "<b>note:</b> central government revenues (excluding grants) and expenses converted to US dollars at average official exchange rate for year indicated"
    },
    "Public debt": {
      "Public debt 2023": {
        "text": "53.1% of GDP (2023 est.)"
      },
      "note": "<b>note:</b> central government debt as a % of GDP"
    },
    "Taxes and other revenues": {
      "text": "13% (of GDP) (2023 est.)",
      "note": "<b>note:</b> central government tax revenue as a % of GDP"
    },
    "Current account balance": {
      "Current account balance 2023": {
        "text": "-$3.766 billion (2023 est.)"
      },
      "Current account balance 2022": {
        "text": "-$4.064 billion (2022 est.)"
      },
      "Current account balance 2021": {
        "text": "-$3.605 billion (2021 est.)"
      },
      "note": "<b>note:</b> balance of payments - net trade and primary/secondary income in current dollars"
    },
    "Exports": {
      "Exports 2023": {
        "text": "$9.084 billion (2023 est.)"
      },
      "Exports 2022": {
        "text": "$6.116 billion (2022 est.)"
      },
      "Exports 2021": {
        "text": "$6.231 billion (2021 est.)"
      },
      "note": "<b>note:</b> balance of payments - exports of goods and services in current dollars"
    },
    "Exports - partners": {
      "text": "India 21%, UAE 16%, Hong Kong 10%, South Sudan 8%, Kenya 6% (2023)",
      "note": "<b>note:</b> top five export partners based on percentage share of exports"
    },
    "Exports - commodities": {
      "text": "gold, coffee, fish, refined petroleum, tobacco (2023)",
      "note": "<b>note:</b> top five export commodities based on value in dollars"
    },
    "Imports": {
      "Imports 2023": {
        "text": "$13.853 billion (2023 est.)"
      },
      "Imports 2022": {
        "text": "$11.079 billion (2022 est.)"
      },
      "Imports 2021": {
        "text": "$10.62 billion (2021 est.)"
      },
      "note": "<b>note:</b> balance of payments - imports of goods and services in current dollars"
    },
    "Imports - partners": {
      "text": "China 19%, UAE 12%, Tanzania 11%, India 10%, Kenya 7% (2023)",
      "note": "<b>note:</b> top five import partners based on percentage share of imports"
    },
    "Imports - commodities": {
      "text": "refined petroleum, gold, plastics, packaged medicine, palm oil (2023)",
      "note": "<b>note:</b> top five import commodities based on value in dollars"
    },
    "Reserves of foreign exchange and gold": {
      "Reserves of foreign exchange and gold 2018": {
        "text": "$3.359 billion (2018 est.)"
      },
      "Reserves of foreign exchange and gold 2017": {
        "text": "$3.721 billion (2017 est.)"
      },
      "Reserves of foreign exchange and gold 2016": {
        "text": "$3.098 billion (2016 est.)"
      },
      "note": "<b>note:</b> holdings of gold (year-end prices)/foreign exchange/special drawing rights in current dollars"
    },
    "Debt - external": {
      "Debt - external 2023": {
        "text": "$10.469 billion (2023 est.)"
      },
      "note": "<b>note:</b> present value of external debt in current US dollars"
    },
    "Exchange rates": {
      "Currency": {
        "text": "Ugandan shillings (UGX) per US dollar -"
      },
      "Exchange rates 2024": {
        "text": "3,757.262 (2024 est.)"
      },
      "Exchange rates 2023": {
        "text": "3,726.142 (2023 est.)"
      },
      "Exchange rates 2022": {
        "text": "3,689.818 (2022 est.)"
      },
      "Exchange rates 2021": {
        "text": "3,587.052 (2021 est.)"
      },
      "Exchange rates 2020": {
        "text": "3,718.249 (2020 est.)"
      }
    }
  },
  "Energy": {
    "Electricity access": {
      "electrification - total population": {
        "text": "47.1% (2022 est.)"
      },
      "electrification - urban areas": {
        "text": "72%"
      },
      "electrification - rural areas": {
        "text": "35.9%"
      }
    },
    "Electricity": {
      "installed generating capacity": {
        "text": "1.452 million kW (2023 est.)"
      },
      "consumption": {
        "text": "4.254 billion kWh (2023 est.)"
      },
      "exports": {
        "text": "400.349 million kWh (2023 est.)"
      },
      "imports": {
        "text": "23.289 million kWh (2023 est.)"
      },
      "transmission/distribution losses": {
        "text": "1.116 billion kWh (2023 est.)"
      }
    },
    "Electricity generation sources": {
      "fossil fuels": {
        "text": "2.6% of total installed capacity (2023 est.)"
      },
      "solar": {
        "text": "2.6% of total installed capacity (2023 est.)"
      },
      "hydroelectricity": {
        "text": "86.6% of total installed capacity (2023 est.)"
      },
      "biomass and waste": {
        "text": "8.2% of total installed capacity (2023 est.)"
      }
    },
    "Coal": {
      "consumption": {
        "text": "19 metric tons (2023 est.)"
      },
      "exports": {
        "text": "100 metric tons (2023 est.)"
      },
      "imports": {
        "text": "19 metric tons (2023 est.)"
      },
      "proven reserves": {
        "text": "799.999 million metric tons (2023 est.)"
      }
    },
    "Petroleum": {
      "refined petroleum consumption": {
        "text": "44,000 bbl/day (2023 est.)"
      },
      "crude oil estimated reserves": {
        "text": "2.5 billion barrels (2021 est.)"
      }
    },
    "Natural gas": {
      "proven reserves": {
        "text": "14.158 billion cubic meters (2021 est.)"
      }
    },
    "Carbon dioxide emissions": {
      "total emissions": {
        "text": "6.354 million metric tonnes of CO2 (2023 est.)"
      },
      "from coal and metallurgical coke": {
        "text": "-398 metric tonnes of CO2 (2023 est.)"
      },
      "from petroleum and other liquids": {
        "text": "6.354 million metric tonnes of CO2 (2023 est.)"
      }
    },
    "Energy consumption per capita": {
      "Total energy consumption per capita 2023": {
        "text": "2.252 million Btu/person (2023 est.)"
      }
    }
  },
  "Communications": {
    "Telephones - fixed lines": {
      "total subscriptions": {
        "text": "116,000 (2023 est.)"
      },
      "subscriptions per 100 inhabitants": {
        "text": "(2023 est.) less than 1"
      }
    },
    "Telephones - mobile cellular": {
      "total subscriptions": {
        "text": "42.1 million (2023 est.)"
      },
      "subscriptions per 100 inhabitants": {
        "text": "70 (2022 est.)"
      }
    },
    "Broadcast media": {
      "text": "public broadcaster, Uganda Broadcasting Corporation (UBC), operates radio and TV networks; 31 Free-To-Air (FTA) TV stations, 2 digital terrestrial TV stations, 3 cable TV stations, and 5 digital satellite TV stations; 258 FM stations"
    },
    "Internet country code": {
      "text": ".ug"
    },
    "Internet users": {
      "percent of population": {
        "text": "15% (2023 est.)"
      }
    },
    "Broadband - fixed subscriptions": {
      "total": {
        "text": "44,000 (2023 est.)"
      },
      "subscriptions per 100 inhabitants": {
        "text": "(2023 est.) less than 1"
      }
    }
  },
  "Transportation": {
    "Civil aircraft registration country code prefix": {
      "text": "5X"
    },
    "Airports": {
      "text": "39 (2025)"
    },
    "Railways": {
      "total": {
        "text": "1,244 km (2014)"
      },
      "narrow gauge": {
        "text": "1,244 km (2014) 1.000-m gauge"
      }
    }
  },
  "Military and Security": {
    "Military and security forces": {
      "text": "Uganda People's Defense Force (UPDF): Land Force (includes marines), Air Force, Special Forces Command, Reserve Force <br><br>Ministry of Internal Affairs: Uganda Police Force (2025)",
      "note": "<strong>note 1:</strong> the Special Forces Command is a separate branch within the UPDF; it evolved from the former Presidential Guard Brigade and has continued to retain presidential protection duties in addition to its traditional missions, such as counterinsurgency<br><br><strong>note 2:</strong> the Uganda Police Force includes air, field, territorial, and marine units, as well as a presidential guard force<br><br><strong>note 3:</strong> in 2018, President MUSEVENI created a volunteer force of Local Defense Units under the military to beef up local security in designated parts of the country"
    },
    "Military expenditures": {
      "Military Expenditures 2023": {
        "text": "2% of GDP (2023 est.)"
      },
      "Military Expenditures 2022": {
        "text": "2.2% of GDP (2022 est.)"
      },
      "Military Expenditures 2021": {
        "text": "2.5% of GDP (2021 est.)"
      },
      "Military Expenditures 2020": {
        "text": "2.5% of GDP (2020 est.)"
      },
      "Military Expenditures 2019": {
        "text": "1.7% of GDP (2019 est.)"
      }
    },
    "Military and security service personnel strengths": {
      "text": "approximately 45,000 active Defense Forces (2025)"
    },
    "Military equipment inventories and acquisitions": {
      "text": "the UPDF's inventory is mix of older and some more modern weapons and equipment; it is comprised mostly of Russian/Soviet-era arms with smaller quantities of Chinese, Israeli, North Korean, South African, UK, US, and domestically-produced items; Uganda has a small defense industry that assembles or manufactures light armored vehicles and performs maintenance on some military equipment, including its Russian-made helicopters (2024)"
    },
    "Military service age and obligation": {
      "text": "18-22 years of age for voluntary military duty for men and women; 9-year service obligation (2025)"
    },
    "Military deployments": {
      "text": "up to 5,000 Democratic Republic of Congo; up to 4,500 Somalia (African Union Support and Stabilization Mission in Somalia or AUSSOM) (2025)"
    },
    "Military - note": {
      "text": "the UPDF’s missions include defending the sovereignty and territorial integrity of Uganda, assisting the civilian authorities in emergencies and natural disasters, and participating in socio-economic development projects; it supports the police in maintaining internal security and participates in African and UN peacekeeping missions; it is a key contributor to the East Africa Standby Force; the UPDF also has considerable political influence; it is constitutionally granted seats in parliament and is widely viewed as a key constituency for MUSEVENI; it has been used by MUSEVENI and his political party to break up rallies, raid opposition offices, and surveil rival candidates<br><br>since the 2010s, the UPDF has participated in several internal and regional military operations in addition to its large commitment to an international peacekeeping force in Somalia; from 2012-2017, it led regional efforts to pursue the Lord’s Resistance Army (LRA), a small, violent group of Ugandan origin that conducted widespread attacks against civilians in much of Central Africa; Uganda intervened in the South Sudan civil war in 2013-2016, and UPDF forces have clashed with South Sudanese forces along the border as recently as 2023; since 2021, the UPDF has conducted operations along the border with the Democratic Republic of the Congo (DRC) against the Allied Democratic Front (ADF), which has been designated by the US as the Islamic State of Iraq and ash-Sham in the DRC, and in December 2022 UPDF troops were sent to the DRC as part of a regional force to assist the DRC Government in combating the M23 rebel group; in addition, elements of the UPDF have deployed internally to assist the police against cattle rustlers, poachers, and criminal gangs<br><br>the military traces its history back to the formation of the Uganda Rifles in 1895 under the British colonial government; the Uganda Rifles were merged with the Central Africa Regiment and the East Africa Rifles to form the King’s African Rifles (KAR) in 1902, which participated in both world wars, as well as the Mau Mau rebellion in Kenya (1952-1960); in 1962, the Ugandan battalion of the KAR was transformed into the country's first military force, the Uganda Rifles, which was subsequently renamed the Uganda Army; the UPDF was established in 1995 from the former rebel National Resistance Army following the enactment of the 1995 Constitution of Uganda (2024)"
    }
  },
  "Terrorism": {
    "Terrorist group(s)": {
      "text": "al-Shabaab; Islamic State of Iraq and ash-Sham - Democratic Republic of Congo (ISIS-DRC)",
      "note": "<strong>note:</strong> details about the history, aims, leadership, organization, areas of operation, tactics, targets, weapons, size, and sources of support of the group(s) appear(s) in the Terrorism reference guide"
    }
  },
  "Transnational Issues": {
    "Refugees and internally displaced persons": {
      "refugees (country of origin)": {
        "text": "34,368 (Eritrea), 23,388 (Rwanda), 8,936 (Ethiopia), 5,776 (Sudan) (2023); 931,666 (South Sudan) (refugees and asylum seekers), 512,445 (Democratic Republic of the Congo), 40,326 (Somalia), 40,326 (Burundi) (2024)"
      },
      "stateless persons": {
        "text": "67,000 (2022)"
      }
    }
  }
}